PRAGMA foreign_keys=OFF;
BEGIN TRANSACTION;
CREATE TABLE experiments (
	id INTEGER NOT NULL, 
	name VARCHAR, 
	document TEXT, 
	document_json JSON, 
	CONSTRAINT pk__experiments PRIMARY KEY (id)
);
INSERT INTO experiments VALUES(1,'Dummy Experiment record for ExperimentRun Dummy experiment run where the agents take turns',NULL,'null');
CREATE TABLE experiment_runs (
	id INTEGER NOT NULL, 
	uid VARCHAR(255), 
	experiment_id INTEGER, 
	document TEXT, 
	document_json JSON, 
	CONSTRAINT pk__experiment_runs PRIMARY KEY (id), 
	CONSTRAINT fk__experiment_runs__experiment_id__experiments FOREIGN KEY(experiment_id) REFERENCES experiments (id)
);
INSERT INTO experiment_runs VALUES(1,'Dummy experiment run where the agents take turns',1,replace('!ExperimentRun\n_canonical_config: null\n_instance_uid: 88c91e4e-b549-43c1-96ac-3ee0d3b09e8c\nrng: !<rng> RandomState(MT19937)\nrun_config:\n  condition:\n    name: palaestrai.experiment:VanillaRunGovernorTerminationCondition\n    params: {}\nschedule_config:\n- First Phase:\n    agents:\n    - actuators: [myenv.0, myenv.1, myenv.2, myenv.3, myenv.4]\n      brain:\n        name: palaestrai.agent.dummy_brain:DummyBrain\n        params: {}\n      muscle:\n        name: palaestrai.agent.dummy_muscle:DummyMuscle\n        params: {}\n      name: Agent One\n      objective:\n        name: palaestrai.agent.dummy_objective:DummyObjective\n        params: {params: 1}\n      sensors: [myenv.0, myenv.1, myenv.2, myenv.3, myenv.4]\n    - actuators: [myenv.5, myenv.6, myenv.7, myenv.8, myenv.9]\n      brain:\n        name: palaestrai.agent.dummy_brain:DummyBrain\n        params: {}\n      muscle:\n        name: palaestrai.agent.dummy_muscle:DummyMuscle\n        params: {}\n      name: Agent Two\n      objective:\n        name: palaestrai.agent.dummy_objective:DummyObjective\n        params: {params: 1}\n      sensors: [myenv.5, myenv.6, myenv.7, myenv.8, myenv.9]\n    environments:\n    - environment:\n        name: palaestrai.environment.dummy_environment:DummyEnvironment\n        params: {discrete: true}\n        uid: myenv\n    phase_config: {episodes: 2, mode: train, worker: 1}\n    simulation:\n      conditions:\n      - name: palaestrai.simulation:VanillaSimControllerTerminationCondition\n        params: {}\n      name: palaestrai.simulation:TakingTurns\n- Second Phase:\n    phase_config: {episodes: 1, mode: test, worker: 1}\nseed: 47\nuid: Dummy experiment run where the agents take turns\nversion: ''3.6''\n','\n',char(10)),'{"py/object": "palaestrai.experiment.experiment_run.ExperimentRun", "seed": 47, "rng": {"py/reduce": [{"py/function": "numpy.random._pickle.__randomstate_ctor"}, {"py/tuple": ["MT19937", {"py/function": "numpy.random._pickle.__bit_generator_ctor"}]}, {"bit_generator": "MT19937", "state": {"key": {"py/object": "numpy.ndarray", "values": "eJwBwAk/9gAAAIBLAVNufVb+h/lgEoYN7FyV3AaDE2WraDAFLtKiIjo9N1gvI/l28ZbS7Ea+k0DdWTDCp9oUIapXkxKk4VGgiH2puu7BzUGQ4mqx8jQFU0o0zKOCdBH9u0NV22AR1J6kyhFKte6Dpa7LgqEMQO/Dv2oCwIW0Kb4cI6yGikBpMLdRrWZ635xxWajNysxcAAQgcqf6MkxDaK8hgONd1iqjta/Pk3b3TX/WjdPyRzUU56OcrtjSAdsmBF+SQ3MVNcAYlTaW5P+I9FLFKg8gHhJdyLPgbUw+ST8m0zvgxTzCjpEquAO24cRE7/1EvgCoA/TN6t4s9m25ZlWlmg6ZXuKmYNRkOxxqbn5pADLUfp8A+iOz8OZhlBjBtLMfc7Jba522o0DAp5aYijvcNfGzL7gM1JKr26Q2nqc8vfUk45H7Dcz1RARm8iBIa+yiivx7t/bRkZFWmEzopwzaAttsDRGg7yZJtHTQroqeqSBaQn0t1NGbuVlvou0coiSTveT/aP8XBioLqDVZYlDbkT779s1X3ZzaPYbtXB+ggBDnS1xQGCjjyPbGZ/hkF4pgqxfSsMPPlbomsNggaFpFPiY3V3YjzFN2SyVorjQV7o6PoG67RZvb4OSkiHh16CxlcITB4HmG5x+q+UPZPrGrDwP+0C2OaQ3l9t3EhtjyaeObJnbV3jcdsIrf97oq8S58XoA/jt7SCJvziVqgvbvJZ4PJsgl/oVMULFHp3gIvRLi7u4jv34jEgFnouj4TO9lnSy2ljqoS+/3t8rPDAd5W3H8dSH7tcjLedx81zgjp9j5qm9XtrxBXQI7VDiFkLPeoEWM3fAmTTqL/XFyCrLMM8BPhCApyy9rQYYgdy5ZSuewdTRbesx7XAj5mBaWtNXTh97kKWcjzBTGGtafb5y9nn5axN+QzPauubAqR2ZnFuVmsz0gVA+BN246AFTpo/yXcemV8JWyEC1X1nFJiNz4WKEq1kM+Tjk6lOlb8QGHel0PelrGkTaTDSIMqF+nGNWDlWFQnPMeiVNGVzwvBq/lQaGNM2LzvNN8EUW6RlpZlraOqdgKVf+QCssAago0CGplNbR1fnwpZEOi5qpsBFogn3jEj1Jrjz9j7Fr1zVZnXc8qScknh6ceHLsBvR0XZE5VS/ZMOd3Yzo7AEzJugZbdWK0ITZ4/LVXvsfgxnxKDF3b2E0Tw1y00GnvObZxXF7LrYfZZLTZmFQ08cgQ6K82DwcuWmcddIjwuSUMvEkfv9l7suFjUlaIMElwRVTcuFTSl5JkUEcNrrebND09OTCB621QfNZrkyF3lrNzrqzgxPJ3S2LtYMVdKguv+fPRvSCgCIPWeaVSv+w11k5LZGHdEQUYlR82RFk5e98ce9I6GEgK9QxB4tVdbjtjRYPblJnd58cA3UOrBbaehQcG4HNJ3u18gRyCo19KO28NxFA4VGMEwdb8bxpMGIvtPmwVbLdh1otngQvfmX4eWKmAWlT7pfBswKZ39YKqqzLQJSHf0vy5EZXPbm196V0SxD2aS65X/KlP7Pt6usrkUVuh093JAlP60qkDlYmNW08x8badNcvubIPqE9qUWkcuDj4Xfk98O5MLNQmdrZw0y58sHVyFT/kO3XDdfeCagVzpXqH/y4IjLU7/1cbIVZcsQVljedaea5Uvo4xIJZ85YNkEVSsZCTQZnhlH3PvHQ7qjR7AvgwhlGEfdXNAXGTYI4Hu6aYNWVE+DEu0H9/WpdF5mJ5s3SYxP6EtMyN8C4dr/kDZ3oFN5fWW3+6CQEQEaB68hcr+Fy4NdnSOND43gP4fOA5MF5J1M7WBQk8Qrh4vD0b8FaX3H1c50q5YrCAeKjFUeegxTWCDYOtfrNYw4bXNT0SWmlWdl7bKIu99IN5QjwgQ7cojnqe3V9QUWuKIN+HPfAj4brajcxtw6OQtK+Hrzg4TEtycdghcrc4B7gPO9X8zaeBhkGrb2SYyftWXDQUehdGjW4rhBLSALBmVptK+N7rAKD252pd9VM6E6CrrYOKTTys9u3LhRJbnzcB66FI8v6Gh39RPol1dkYelih5eqzpfxSuQ5QZU38HI9YNaqmbECoLIfZpwT3TiCm0zYvC3OBevE/mLCSXiMH+svTJ9nRy4qPmSjz6kuKXvryA101icv3wcrnaDb61pRLVGbuJtLhnGJyAT4a7HO4VVyXTOmkUI46zH7suI0v+nY0U6/VPixm/do4neG16Vw8aUkwxdMgBDWAtFt2toDgwERa0iIm5oIEHinyNi8KF4MffRbfNxMDoRJXBfLDHtonpf2hAA/Of4suul7J67HUNIBqryjqEZir4WcXoHx1PeWIR1n8NDoIIjp+eS69g+9R53eoQghS9n6FlX7ZHso99RmYs+4v+D5zrpCwZPPcK7wghtHOTODsLFEp8s+8ABpom0TxfV4pPT0pVck5mQAGQEnZaGZI32zIgWi0oQM7F4zUf58tz17dnffZjiIqhg+HgaI8g3O67s86y8QCjcb94JITd85YIbHh8mPEZeutTr6a5AlIDL1o7wH1c7Jv55/4iAcyksutDiQwbVClv2hFFhQOeZO8gGpGzT9FX0QJPDW6LzNCzaWL++KYQMnh2sBDNQ73uijrhQ0tcEjuUxSJmOTVV5cCdimR2wep2PCAO0hNHF8uLSBu++mk6rwnm21esVFwjh6Oz83LqFsObeDPHDFsW7Pp736jiYbw1C4mts57wzHupWB1BmQc7Ki+K6mYmzIMtD1tKDes9JFeDRwLvdj0Q73euD+0LBc/TawUiryySVYIVt1YmZnjbwRGF424nBL4uSLB8dyR0wFWeTZS4DBd8cq8wsdzoldbSrXvTm2HWA/2pRR1w6GxR/StzujUeoMH1qAe9krwlugaG5ZpqzhXYBEWXByV1hvJkw5315CUF4rbGaA12uYRgChg7VtRBVK6pMfF6kunpXRVWfXSLQevu6lY7jskSpJh/xjCqTeyAdrATOdzKQbRrIFAMwIdsbxMYM43ZGAExm4WrEFMdJMN9F1fVNzFD433KqlPOqIMUjah1Lij7P+VpOrar0g9xSsJkoIm+p2/359EckG8/Jt5mC9N3hY/knlBHqBv5CSiteQCHeulgD6FDoosb4ftM4WgefXX3WmBoga9pLOOdhPSunqwQiIZmtN8HU6KymKeaYUxE0jCu6TyO59UlbRQEgtKMUMW5BP3+csu/5BzgSxxRBJJXnC82mSzl8kGebu3e/IC4O85IfYR8OG1Qncj7NUn/RGNYkVIvcTebCUip+zRQ5Y+LblmgOvCEa8yw4biRgIjDJ+gTv1AWtsS25143t38ZjYMoEhqt2d5mZTcb5Sc=", "shape": [624], "dtype": "uint32", "byteorder": "<"}, "pos": 624}, "has_gauss": 0, "gauss": 0.0}]}, "uid": "Dummy experiment run where the agents take turns", "version": "3.6", "schedule_config": [{"First Phase": {"environments": [{"environment": {"name": "palaestrai.environment.dummy_environment:DummyEnvironment", "uid": "myenv", "params": {"discrete": true}}}], "agents": [{"name": "Agent One", "brain": {"name": "palaestrai.agent.dummy_brain:DummyBrain", "params": {}}, "muscle": {"name": "palaestrai.agent.dummy_muscle:DummyMuscle", "params": {}}, "objective": {"name": "palaestrai.agent.dummy_objective:DummyObjective", "params": {"params": 1}}, "sensors": ["myenv.0", "myenv.1", "myenv.2", "myenv.3", "myenv.4"], "actuators": ["myenv.0", "myenv.1", "myenv.2", "myenv.3", "myenv.4"]}, {"name": "Agent Two", "brain": {"name": "palaestrai.agent.dummy_brain:DummyBrain", "params": {}}, "muscle": {"name": "palaestrai.agent.dummy_muscle:DummyMuscle", "params": {}}, "objective": {"name": "palaestrai.agent.dummy_objective:DummyObjective", "params": {"params": 1}}, "sensors": ["myenv.5", "myenv.6", "myenv.7", "myenv.8", "myenv.9"], "actuators": ["myenv.5", "myenv.6", "myenv.7", "myenv.8", "myenv.9"]}], "simulation": {"name": "palaestrai.simulation:TakingTurns", "conditions": [{"name": "palaestrai.simulation:VanillaSimControllerTerminationCondition", "params": {}}]}, "phase_config": {"mode": "train", "worker": 1, "episodes": 2}}}, {"Second Phase": {"phase_config": {"mode": "test", "worker": 1, "episodes": 1}}}], "run_config": {"condition": {"name": "palaestrai.experiment:VanillaRunGovernorTerminationCondition", "params": {}}}, "_instance_uid": "88c91e4e-b549-43c1-96ac-3ee0d3b09e8c", "_canonical_config": null}');
CREATE TABLE experiment_run_instances (
	id INTEGER NOT NULL, 
	uid VARCHAR(196), 
	created_at DATETIME, 
	experiment_run_id INTEGER, 
	CONSTRAINT pk__experiment_run_instances PRIMARY KEY (id), 
	CONSTRAINT fk__experiment_run_instances__experiment_run_id__experiment_runs FOREIGN KEY(experiment_run_id) REFERENCES experiment_runs (id)
);
INSERT INTO experiment_run_instances VALUES(1,'88c91e4e-b549-43c1-96ac-3ee0d3b09e8c','2023-11-02 10:52:35',1);
CREATE TABLE experiment_run_phases (
	id INTEGER NOT NULL, 
	uid VARCHAR(255) NOT NULL, 
	number INTEGER NOT NULL, 
	mode VARCHAR(128), 
	configuration JSON, 
	experiment_run_instance_id INTEGER, 
	CONSTRAINT pk__experiment_run_phases PRIMARY KEY (id), 
	CONSTRAINT uq__experiment_run_phases__uid UNIQUE (uid, experiment_run_instance_id), 
	CONSTRAINT uq__experiment_run_phases__number UNIQUE (number, experiment_run_instance_id), 
	CONSTRAINT fk__experiment_run_phases__experiment_run_instance_id__experiment_run_instances FOREIGN KEY(experiment_run_instance_id) REFERENCES experiment_run_instances (id)
);
INSERT INTO experiment_run_phases VALUES(1,'First Phase',0,'train','{"mode": "train", "worker": 1, "episodes": 2}',1);
INSERT INTO experiment_run_phases VALUES(2,'Second Phase',1,'test','{"mode": "test", "worker": 1, "episodes": 1}',1);
CREATE TABLE environments (
	id INTEGER NOT NULL, 
	uid VARCHAR(255) NOT NULL, 
	environment_conductor_uid VARCHAR(255) NOT NULL, 
	type VARCHAR(255), 
	parameters JSON, 
	experiment_run_phase_id INTEGER, 
	CONSTRAINT pk__environments PRIMARY KEY (id), 
	CONSTRAINT uq__environments__uid UNIQUE (uid, experiment_run_phase_id), 
	CONSTRAINT fk__environments__experiment_run_phase_id__experiment_run_phases FOREIGN KEY(experiment_run_phase_id) REFERENCES experiment_run_phases (id)
);
INSERT INTO environments VALUES(1,'myenv','EnvironmentConductor-80728fd7-0257-4c87-89fb-dbcfb02e46d6','palaestrai.environment.dummy_environment:DummyEnvironment','{"discrete": true, "uid": "myenv", "broker_uri": "tcp://127.0.0.1:4242", "seed": 8142233456242521465}',1);
INSERT INTO environments VALUES(2,'myenv','EnvironmentConductor-3ef9002f-4a99-4a69-99fb-4ec3dd9a1cc3','palaestrai.environment.dummy_environment:DummyEnvironment','{"discrete": true, "uid": "myenv", "broker_uri": "tcp://127.0.0.1:4242", "seed": 7094989888068645154}',2);
CREATE TABLE agents (
	id INTEGER NOT NULL, 
	uid VARCHAR(255) NOT NULL, 
	name VARCHAR(255), 
	muscles JSON NOT NULL, 
	configuration JSON, 
	experiment_run_phase_id INTEGER NOT NULL, 
	CONSTRAINT pk__agents PRIMARY KEY (id), 
	CONSTRAINT uq__agents__uid UNIQUE (uid, experiment_run_phase_id), 
	CONSTRAINT fk__agents__experiment_run_phase_id__experiment_run_phases FOREIGN KEY(experiment_run_phase_id) REFERENCES experiment_run_phases (id)
);
INSERT INTO agents VALUES(1,'Agent One','Agent One','["TakingTurnsSimulationController-f96ced.Agent One.Muscle-a25ee2"]','{"name": "Agent One", "brain": {"name": "palaestrai.agent.dummy_brain:DummyBrain", "params": {}}, "muscle": {"name": "palaestrai.agent.dummy_muscle:DummyMuscle", "params": {}}, "objective": {"name": "palaestrai.agent.dummy_objective:DummyObjective", "params": {"params": 1}}, "sensors": ["myenv.0", "myenv.1", "myenv.2", "myenv.3", "myenv.4"], "actuators": ["myenv.0", "myenv.1", "myenv.2", "myenv.3", "myenv.4"]}',1);
INSERT INTO agents VALUES(2,'Agent Two','Agent Two','["TakingTurnsSimulationController-f96ced.Agent Two.Muscle-a1f57d"]','{"name": "Agent Two", "brain": {"name": "palaestrai.agent.dummy_brain:DummyBrain", "params": {}}, "muscle": {"name": "palaestrai.agent.dummy_muscle:DummyMuscle", "params": {}}, "objective": {"name": "palaestrai.agent.dummy_objective:DummyObjective", "params": {"params": 1}}, "sensors": ["myenv.5", "myenv.6", "myenv.7", "myenv.8", "myenv.9"], "actuators": ["myenv.5", "myenv.6", "myenv.7", "myenv.8", "myenv.9"]}',1);
INSERT INTO agents VALUES(3,'Agent One','Agent One','["TakingTurnsSimulationController-6d1cfb.Agent One.Muscle-90d204"]','{"name": "Agent One", "brain": {"name": "palaestrai.agent.dummy_brain:DummyBrain", "params": {}}, "muscle": {"name": "palaestrai.agent.dummy_muscle:DummyMuscle", "params": {}}, "objective": {"name": "palaestrai.agent.dummy_objective:DummyObjective", "params": {"params": 1}}, "sensors": ["myenv.0", "myenv.1", "myenv.2", "myenv.3", "myenv.4"], "actuators": ["myenv.0", "myenv.1", "myenv.2", "myenv.3", "myenv.4"]}',2);
INSERT INTO agents VALUES(4,'Agent Two','Agent Two','["TakingTurnsSimulationController-6d1cfb.Agent Two.Muscle-ea3dfa"]','{"name": "Agent Two", "brain": {"name": "palaestrai.agent.dummy_brain:DummyBrain", "params": {}}, "muscle": {"name": "palaestrai.agent.dummy_muscle:DummyMuscle", "params": {}}, "objective": {"name": "palaestrai.agent.dummy_objective:DummyObjective", "params": {"params": 1}}, "sensors": ["myenv.5", "myenv.6", "myenv.7", "myenv.8", "myenv.9"], "actuators": ["myenv.5", "myenv.6", "myenv.7", "myenv.8", "myenv.9"]}',2);
CREATE TABLE world_states (
	id INTEGER NOT NULL, 
	walltime TIMESTAMP NOT NULL, 
	simtime_ticks INTEGER, 
	simtime_timestamp TIMESTAMP, 
	state_dump JSON, 
	done BOOLEAN NOT NULL, 
	environment_id INTEGER, 
	CONSTRAINT pk__world_states PRIMARY KEY (id), 
	CONSTRAINT fk__world_states__environment_id__environments FOREIGN KEY(environment_id) REFERENCES environments (id)
);
INSERT INTO world_states VALUES(1,'2023-11-02 10:52:54.884899',1,NULL,'[{"py/object": "palaestrai.agent.sensor_information.SensorInformation", "py/state": {"uid": "myenv.0", "value": 0, "space": "Discrete(100)", "value_ids": null}}, {"py/object": "palaestrai.agent.sensor_information.SensorInformation", "py/state": {"uid": "myenv.1", "value": 0, "space": "Discrete(100)", "value_ids": null}}, {"py/object": "palaestrai.agent.sensor_information.SensorInformation", "py/state": {"uid": "myenv.2", "value": 0, "space": "Discrete(100)", "value_ids": null}}, {"py/object": "palaestrai.agent.sensor_information.SensorInformation", "py/state": {"uid": "myenv.3", "value": 0, "space": "Discrete(100)", "value_ids": null}}, {"py/object": "palaestrai.agent.sensor_information.SensorInformation", "py/state": {"uid": "myenv.4", "value": 0, "space": "Discrete(100)", "value_ids": null}}, {"py/object": "palaestrai.agent.sensor_information.SensorInformation", "py/state": {"uid": "myenv.5", "value": 0, "space": "Discrete(100)", "value_ids": null}}, {"py/object": "palaestrai.agent.sensor_information.SensorInformation", "py/state": {"uid": "myenv.6", "value": 0, "space": "Discrete(100)", "value_ids": null}}, {"py/object": "palaestrai.agent.sensor_information.SensorInformation", "py/state": {"uid": "myenv.7", "value": 0, "space": "Discrete(100)", "value_ids": null}}, {"py/object": "palaestrai.agent.sensor_information.SensorInformation", "py/state": {"uid": "myenv.8", "value": 0, "space": "Discrete(100)", "value_ids": null}}, {"py/object": "palaestrai.agent.sensor_information.SensorInformation", "py/state": {"uid": "myenv.9", "value": 0, "space": "Discrete(100)", "value_ids": null}}]',0,1);
INSERT INTO world_states VALUES(2,'2023-11-02 10:52:55.359104',2,NULL,'[{"py/object": "palaestrai.agent.sensor_information.SensorInformation", "py/state": {"uid": "myenv.0", "value": 1, "space": "Discrete(100)", "value_ids": null}}, {"py/object": "palaestrai.agent.sensor_information.SensorInformation", "py/state": {"uid": "myenv.1", "value": 1, "space": "Discrete(100)", "value_ids": null}}, {"py/object": "palaestrai.agent.sensor_information.SensorInformation", "py/state": {"uid": "myenv.2", "value": 1, "space": "Discrete(100)", "value_ids": null}}, {"py/object": "palaestrai.agent.sensor_information.SensorInformation", "py/state": {"uid": "myenv.3", "value": 1, "space": "Discrete(100)", "value_ids": null}}, {"py/object": "palaestrai.agent.sensor_information.SensorInformation", "py/state": {"uid": "myenv.4", "value": 1, "space": "Discrete(100)", "value_ids": null}}, {"py/object": "palaestrai.agent.sensor_information.SensorInformation", "py/state": {"uid": "myenv.5", "value": 1, "space": "Discrete(100)", "value_ids": null}}, {"py/object": "palaestrai.agent.sensor_information.SensorInformation", "py/state": {"uid": "myenv.6", "value": 1, "space": "Discrete(100)", "value_ids": null}}, {"py/object": "palaestrai.agent.sensor_information.SensorInformation", "py/state": {"uid": "myenv.7", "value": 1, "space": "Discrete(100)", "value_ids": null}}, {"py/object": "palaestrai.agent.sensor_information.SensorInformation", "py/state": {"uid": "myenv.8", "value": 1, "space": "Discrete(100)", "value_ids": null}}, {"py/object": "palaestrai.agent.sensor_information.SensorInformation", "py/state": {"uid": "myenv.9", "value": 1, "space": "Discrete(100)", "value_ids": null}}]',0,1);
INSERT INTO world_states VALUES(3,'2023-11-02 10:52:55.418347',3,NULL,'[{"py/object": "palaestrai.agent.sensor_information.SensorInformation", "py/state": {"uid": "myenv.0", "value": 2, "space": "Discrete(100)", "value_ids": null}}, {"py/object": "palaestrai.agent.sensor_information.SensorInformation", "py/state": {"uid": "myenv.1", "value": 2, "space": "Discrete(100)", "value_ids": null}}, {"py/object": "palaestrai.agent.sensor_information.SensorInformation", "py/state": {"uid": "myenv.2", "value": 2, "space": "Discrete(100)", "value_ids": null}}, {"py/object": "palaestrai.agent.sensor_information.SensorInformation", "py/state": {"uid": "myenv.3", "value": 2, "space": "Discrete(100)", "value_ids": null}}, {"py/object": "palaestrai.agent.sensor_information.SensorInformation", "py/state": {"uid": "myenv.4", "value": 2, "space": "Discrete(100)", "value_ids": null}}, {"py/object": "palaestrai.agent.sensor_information.SensorInformation", "py/state": {"uid": "myenv.5", "value": 2, "space": "Discrete(100)", "value_ids": null}}, {"py/object": "palaestrai.agent.sensor_information.SensorInformation", "py/state": {"uid": "myenv.6", "value": 2, "space": "Discrete(100)", "value_ids": null}}, {"py/object": "palaestrai.agent.sensor_information.SensorInformation", "py/state": {"uid": "myenv.7", "value": 2, "space": "Discrete(100)", "value_ids": null}}, {"py/object": "palaestrai.agent.sensor_information.SensorInformation", "py/state": {"uid": "myenv.8", "value": 2, "space": "Discrete(100)", "value_ids": null}}, {"py/object": "palaestrai.agent.sensor_information.SensorInformation", "py/state": {"uid": "myenv.9", "value": 2, "space": "Discrete(100)", "value_ids": null}}]',0,1);
INSERT INTO world_states VALUES(4,'2023-11-02 10:52:55.465355',4,NULL,'[{"py/object": "palaestrai.agent.sensor_information.SensorInformation", "py/state": {"uid": "myenv.0", "value": 3, "space": "Discrete(100)", "value_ids": null}}, {"py/object": "palaestrai.agent.sensor_information.SensorInformation", "py/state": {"uid": "myenv.1", "value": 3, "space": "Discrete(100)", "value_ids": null}}, {"py/object": "palaestrai.agent.sensor_information.SensorInformation", "py/state": {"uid": "myenv.2", "value": 3, "space": "Discrete(100)", "value_ids": null}}, {"py/object": "palaestrai.agent.sensor_information.SensorInformation", "py/state": {"uid": "myenv.3", "value": 3, "space": "Discrete(100)", "value_ids": null}}, {"py/object": "palaestrai.agent.sensor_information.SensorInformation", "py/state": {"uid": "myenv.4", "value": 3, "space": "Discrete(100)", "value_ids": null}}, {"py/object": "palaestrai.agent.sensor_information.SensorInformation", "py/state": {"uid": "myenv.5", "value": 3, "space": "Discrete(100)", "value_ids": null}}, {"py/object": "palaestrai.agent.sensor_information.SensorInformation", "py/state": {"uid": "myenv.6", "value": 3, "space": "Discrete(100)", "value_ids": null}}, {"py/object": "palaestrai.agent.sensor_information.SensorInformation", "py/state": {"uid": "myenv.7", "value": 3, "space": "Discrete(100)", "value_ids": null}}, {"py/object": "palaestrai.agent.sensor_information.SensorInformation", "py/state": {"uid": "myenv.8", "value": 3, "space": "Discrete(100)", "value_ids": null}}, {"py/object": "palaestrai.agent.sensor_information.SensorInformation", "py/state": {"uid": "myenv.9", "value": 3, "space": "Discrete(100)", "value_ids": null}}]',0,1);
INSERT INTO world_states VALUES(5,'2023-11-02 10:52:55.516863',5,NULL,'[{"py/object": "palaestrai.agent.sensor_information.SensorInformation", "py/state": {"uid": "myenv.0", "value": 4, "space": "Discrete(100)", "value_ids": null}}, {"py/object": "palaestrai.agent.sensor_information.SensorInformation", "py/state": {"uid": "myenv.1", "value": 4, "space": "Discrete(100)", "value_ids": null}}, {"py/object": "palaestrai.agent.sensor_information.SensorInformation", "py/state": {"uid": "myenv.2", "value": 4, "space": "Discrete(100)", "value_ids": null}}, {"py/object": "palaestrai.agent.sensor_information.SensorInformation", "py/state": {"uid": "myenv.3", "value": 4, "space": "Discrete(100)", "value_ids": null}}, {"py/object": "palaestrai.agent.sensor_information.SensorInformation", "py/state": {"uid": "myenv.4", "value": 4, "space": "Discrete(100)", "value_ids": null}}, {"py/object": "palaestrai.agent.sensor_information.SensorInformation", "py/state": {"uid": "myenv.5", "value": 4, "space": "Discrete(100)", "value_ids": null}}, {"py/object": "palaestrai.agent.sensor_information.SensorInformation", "py/state": {"uid": "myenv.6", "value": 4, "space": "Discrete(100)", "value_ids": null}}, {"py/object": "palaestrai.agent.sensor_information.SensorInformation", "py/state": {"uid": "myenv.7", "value": 4, "space": "Discrete(100)", "value_ids": null}}, {"py/object": "palaestrai.agent.sensor_information.SensorInformation", "py/state": {"uid": "myenv.8", "value": 4, "space": "Discrete(100)", "value_ids": null}}, {"py/object": "palaestrai.agent.sensor_information.SensorInformation", "py/state": {"uid": "myenv.9", "value": 4, "space": "Discrete(100)", "value_ids": null}}]',0,1);
INSERT INTO world_states VALUES(6,'2023-11-02 10:52:55.573060',6,NULL,'[{"py/object": "palaestrai.agent.sensor_information.SensorInformation", "py/state": {"uid": "myenv.0", "value": 5, "space": "Discrete(100)", "value_ids": null}}, {"py/object": "palaestrai.agent.sensor_information.SensorInformation", "py/state": {"uid": "myenv.1", "value": 5, "space": "Discrete(100)", "value_ids": null}}, {"py/object": "palaestrai.agent.sensor_information.SensorInformation", "py/state": {"uid": "myenv.2", "value": 5, "space": "Discrete(100)", "value_ids": null}}, {"py/object": "palaestrai.agent.sensor_information.SensorInformation", "py/state": {"uid": "myenv.3", "value": 5, "space": "Discrete(100)", "value_ids": null}}, {"py/object": "palaestrai.agent.sensor_information.SensorInformation", "py/state": {"uid": "myenv.4", "value": 5, "space": "Discrete(100)", "value_ids": null}}, {"py/object": "palaestrai.agent.sensor_information.SensorInformation", "py/state": {"uid": "myenv.5", "value": 5, "space": "Discrete(100)", "value_ids": null}}, {"py/object": "palaestrai.agent.sensor_information.SensorInformation", "py/state": {"uid": "myenv.6", "value": 5, "space": "Discrete(100)", "value_ids": null}}, {"py/object": "palaestrai.agent.sensor_information.SensorInformation", "py/state": {"uid": "myenv.7", "value": 5, "space": "Discrete(100)", "value_ids": null}}, {"py/object": "palaestrai.agent.sensor_information.SensorInformation", "py/state": {"uid": "myenv.8", "value": 5, "space": "Discrete(100)", "value_ids": null}}, {"py/object": "palaestrai.agent.sensor_information.SensorInformation", "py/state": {"uid": "myenv.9", "value": 5, "space": "Discrete(100)", "value_ids": null}}]',0,1);
INSERT INTO world_states VALUES(7,'2023-11-02 10:52:55.652186',7,NULL,'[{"py/object": "palaestrai.agent.sensor_information.SensorInformation", "py/state": {"uid": "myenv.0", "value": 6, "space": "Discrete(100)", "value_ids": null}}, {"py/object": "palaestrai.agent.sensor_information.SensorInformation", "py/state": {"uid": "myenv.1", "value": 6, "space": "Discrete(100)", "value_ids": null}}, {"py/object": "palaestrai.agent.sensor_information.SensorInformation", "py/state": {"uid": "myenv.2", "value": 6, "space": "Discrete(100)", "value_ids": null}}, {"py/object": "palaestrai.agent.sensor_information.SensorInformation", "py/state": {"uid": "myenv.3", "value": 6, "space": "Discrete(100)", "value_ids": null}}, {"py/object": "palaestrai.agent.sensor_information.SensorInformation", "py/state": {"uid": "myenv.4", "value": 6, "space": "Discrete(100)", "value_ids": null}}, {"py/object": "palaestrai.agent.sensor_information.SensorInformation", "py/state": {"uid": "myenv.5", "value": 6, "space": "Discrete(100)", "value_ids": null}}, {"py/object": "palaestrai.agent.sensor_information.SensorInformation", "py/state": {"uid": "myenv.6", "value": 6, "space": "Discrete(100)", "value_ids": null}}, {"py/object": "palaestrai.agent.sensor_information.SensorInformation", "py/state": {"uid": "myenv.7", "value": 6, "space": "Discrete(100)", "value_ids": null}}, {"py/object": "palaestrai.agent.sensor_information.SensorInformation", "py/state": {"uid": "myenv.8", "value": 6, "space": "Discrete(100)", "value_ids": null}}, {"py/object": "palaestrai.agent.sensor_information.SensorInformation", "py/state": {"uid": "myenv.9", "value": 6, "space": "Discrete(100)", "value_ids": null}}]',0,1);
INSERT INTO world_states VALUES(8,'2023-11-02 10:52:55.736146',8,NULL,'[{"py/object": "palaestrai.agent.sensor_information.SensorInformation", "py/state": {"uid": "myenv.0", "value": 7, "space": "Discrete(100)", "value_ids": null}}, {"py/object": "palaestrai.agent.sensor_information.SensorInformation", "py/state": {"uid": "myenv.1", "value": 7, "space": "Discrete(100)", "value_ids": null}}, {"py/object": "palaestrai.agent.sensor_information.SensorInformation", "py/state": {"uid": "myenv.2", "value": 7, "space": "Discrete(100)", "value_ids": null}}, {"py/object": "palaestrai.agent.sensor_information.SensorInformation", "py/state": {"uid": "myenv.3", "value": 7, "space": "Discrete(100)", "value_ids": null}}, {"py/object": "palaestrai.agent.sensor_information.SensorInformation", "py/state": {"uid": "myenv.4", "value": 7, "space": "Discrete(100)", "value_ids": null}}, {"py/object": "palaestrai.agent.sensor_information.SensorInformation", "py/state": {"uid": "myenv.5", "value": 7, "space": "Discrete(100)", "value_ids": null}}, {"py/object": "palaestrai.agent.sensor_information.SensorInformation", "py/state": {"uid": "myenv.6", "value": 7, "space": "Discrete(100)", "value_ids": null}}, {"py/object": "palaestrai.agent.sensor_information.SensorInformation", "py/state": {"uid": "myenv.7", "value": 7, "space": "Discrete(100)", "value_ids": null}}, {"py/object": "palaestrai.agent.sensor_information.SensorInformation", "py/state": {"uid": "myenv.8", "value": 7, "space": "Discrete(100)", "value_ids": null}}, {"py/object": "palaestrai.agent.sensor_information.SensorInformation", "py/state": {"uid": "myenv.9", "value": 7, "space": "Discrete(100)", "value_ids": null}}]',0,1);
INSERT INTO world_states VALUES(9,'2023-11-02 10:52:55.811291',9,NULL,'[{"py/object": "palaestrai.agent.sensor_information.SensorInformation", "py/state": {"uid": "myenv.0", "value": 8, "space": "Discrete(100)", "value_ids": null}}, {"py/object": "palaestrai.agent.sensor_information.SensorInformation", "py/state": {"uid": "myenv.1", "value": 8, "space": "Discrete(100)", "value_ids": null}}, {"py/object": "palaestrai.agent.sensor_information.SensorInformation", "py/state": {"uid": "myenv.2", "value": 8, "space": "Discrete(100)", "value_ids": null}}, {"py/object": "palaestrai.agent.sensor_information.SensorInformation", "py/state": {"uid": "myenv.3", "value": 8, "space": "Discrete(100)", "value_ids": null}}, {"py/object": "palaestrai.agent.sensor_information.SensorInformation", "py/state": {"uid": "myenv.4", "value": 8, "space": "Discrete(100)", "value_ids": null}}, {"py/object": "palaestrai.agent.sensor_information.SensorInformation", "py/state": {"uid": "myenv.5", "value": 8, "space": "Discrete(100)", "value_ids": null}}, {"py/object": "palaestrai.agent.sensor_information.SensorInformation", "py/state": {"uid": "myenv.6", "value": 8, "space": "Discrete(100)", "value_ids": null}}, {"py/object": "palaestrai.agent.sensor_information.SensorInformation", "py/state": {"uid": "myenv.7", "value": 8, "space": "Discrete(100)", "value_ids": null}}, {"py/object": "palaestrai.agent.sensor_information.SensorInformation", "py/state": {"uid": "myenv.8", "value": 8, "space": "Discrete(100)", "value_ids": null}}, {"py/object": "palaestrai.agent.sensor_information.SensorInformation", "py/state": {"uid": "myenv.9", "value": 8, "space": "Discrete(100)", "value_ids": null}}]',0,1);
INSERT INTO world_states VALUES(10,'2023-11-02 10:52:55.876354',10,NULL,'[{"py/object": "palaestrai.agent.sensor_information.SensorInformation", "py/state": {"uid": "myenv.0", "value": 9, "space": "Discrete(100)", "value_ids": null}}, {"py/object": "palaestrai.agent.sensor_information.SensorInformation", "py/state": {"uid": "myenv.1", "value": 9, "space": "Discrete(100)", "value_ids": null}}, {"py/object": "palaestrai.agent.sensor_information.SensorInformation", "py/state": {"uid": "myenv.2", "value": 9, "space": "Discrete(100)", "value_ids": null}}, {"py/object": "palaestrai.agent.sensor_information.SensorInformation", "py/state": {"uid": "myenv.3", "value": 9, "space": "Discrete(100)", "value_ids": null}}, {"py/object": "palaestrai.agent.sensor_information.SensorInformation", "py/state": {"uid": "myenv.4", "value": 9, "space": "Discrete(100)", "value_ids": null}}, {"py/object": "palaestrai.agent.sensor_information.SensorInformation", "py/state": {"uid": "myenv.5", "value": 9, "space": "Discrete(100)", "value_ids": null}}, {"py/object": "palaestrai.agent.sensor_information.SensorInformation", "py/state": {"uid": "myenv.6", "value": 9, "space": "Discrete(100)", "value_ids": null}}, {"py/object": "palaestrai.agent.sensor_information.SensorInformation", "py/state": {"uid": "myenv.7", "value": 9, "space": "Discrete(100)", "value_ids": null}}, {"py/object": "palaestrai.agent.sensor_information.SensorInformation", "py/state": {"uid": "myenv.8", "value": 9, "space": "Discrete(100)", "value_ids": null}}, {"py/object": "palaestrai.agent.sensor_information.SensorInformation", "py/state": {"uid": "myenv.9", "value": 9, "space": "Discrete(100)", "value_ids": null}}]',0,1);
INSERT INTO world_states VALUES(11,'2023-11-02 10:52:55.917375',11,NULL,'[{"py/object": "palaestrai.agent.sensor_information.SensorInformation", "py/state": {"uid": "myenv.0", "value": 10, "space": "Discrete(100)", "value_ids": null}}, {"py/object": "palaestrai.agent.sensor_information.SensorInformation", "py/state": {"uid": "myenv.1", "value": 10, "space": "Discrete(100)", "value_ids": null}}, {"py/object": "palaestrai.agent.sensor_information.SensorInformation", "py/state": {"uid": "myenv.2", "value": 10, "space": "Discrete(100)", "value_ids": null}}, {"py/object": "palaestrai.agent.sensor_information.SensorInformation", "py/state": {"uid": "myenv.3", "value": 10, "space": "Discrete(100)", "value_ids": null}}, {"py/object": "palaestrai.agent.sensor_information.SensorInformation", "py/state": {"uid": "myenv.4", "value": 10, "space": "Discrete(100)", "value_ids": null}}, {"py/object": "palaestrai.agent.sensor_information.SensorInformation", "py/state": {"uid": "myenv.5", "value": 10, "space": "Discrete(100)", "value_ids": null}}, {"py/object": "palaestrai.agent.sensor_information.SensorInformation", "py/state": {"uid": "myenv.6", "value": 10, "space": "Discrete(100)", "value_ids": null}}, {"py/object": "palaestrai.agent.sensor_information.SensorInformation", "py/state": {"uid": "myenv.7", "value": 10, "space": "Discrete(100)", "value_ids": null}}, {"py/object": "palaestrai.agent.sensor_information.SensorInformation", "py/state": {"uid": "myenv.8", "value": 10, "space": "Discrete(100)", "value_ids": null}}, {"py/object": "palaestrai.agent.sensor_information.SensorInformation", "py/state": {"uid": "myenv.9", "value": 10, "space": "Discrete(100)", "value_ids": null}}]',1,1);
INSERT INTO world_states VALUES(12,'2023-11-02 10:52:56.123078',12,NULL,'[{"py/object": "palaestrai.agent.sensor_information.SensorInformation", "py/state": {"uid": "myenv.0", "value": 0, "space": "Discrete(100)", "value_ids": null}}, {"py/object": "palaestrai.agent.sensor_information.SensorInformation", "py/state": {"uid": "myenv.1", "value": 0, "space": "Discrete(100)", "value_ids": null}}, {"py/object": "palaestrai.agent.sensor_information.SensorInformation", "py/state": {"uid": "myenv.2", "value": 0, "space": "Discrete(100)", "value_ids": null}}, {"py/object": "palaestrai.agent.sensor_information.SensorInformation", "py/state": {"uid": "myenv.3", "value": 0, "space": "Discrete(100)", "value_ids": null}}, {"py/object": "palaestrai.agent.sensor_information.SensorInformation", "py/state": {"uid": "myenv.4", "value": 0, "space": "Discrete(100)", "value_ids": null}}, {"py/object": "palaestrai.agent.sensor_information.SensorInformation", "py/state": {"uid": "myenv.5", "value": 0, "space": "Discrete(100)", "value_ids": null}}, {"py/object": "palaestrai.agent.sensor_information.SensorInformation", "py/state": {"uid": "myenv.6", "value": 0, "space": "Discrete(100)", "value_ids": null}}, {"py/object": "palaestrai.agent.sensor_information.SensorInformation", "py/state": {"uid": "myenv.7", "value": 0, "space": "Discrete(100)", "value_ids": null}}, {"py/object": "palaestrai.agent.sensor_information.SensorInformation", "py/state": {"uid": "myenv.8", "value": 0, "space": "Discrete(100)", "value_ids": null}}, {"py/object": "palaestrai.agent.sensor_information.SensorInformation", "py/state": {"uid": "myenv.9", "value": 0, "space": "Discrete(100)", "value_ids": null}}]',0,1);
INSERT INTO world_states VALUES(13,'2023-11-02 10:52:56.206995',13,NULL,'[{"py/object": "palaestrai.agent.sensor_information.SensorInformation", "py/state": {"uid": "myenv.0", "value": 1, "space": "Discrete(100)", "value_ids": null}}, {"py/object": "palaestrai.agent.sensor_information.SensorInformation", "py/state": {"uid": "myenv.1", "value": 1, "space": "Discrete(100)", "value_ids": null}}, {"py/object": "palaestrai.agent.sensor_information.SensorInformation", "py/state": {"uid": "myenv.2", "value": 1, "space": "Discrete(100)", "value_ids": null}}, {"py/object": "palaestrai.agent.sensor_information.SensorInformation", "py/state": {"uid": "myenv.3", "value": 1, "space": "Discrete(100)", "value_ids": null}}, {"py/object": "palaestrai.agent.sensor_information.SensorInformation", "py/state": {"uid": "myenv.4", "value": 1, "space": "Discrete(100)", "value_ids": null}}, {"py/object": "palaestrai.agent.sensor_information.SensorInformation", "py/state": {"uid": "myenv.5", "value": 1, "space": "Discrete(100)", "value_ids": null}}, {"py/object": "palaestrai.agent.sensor_information.SensorInformation", "py/state": {"uid": "myenv.6", "value": 1, "space": "Discrete(100)", "value_ids": null}}, {"py/object": "palaestrai.agent.sensor_information.SensorInformation", "py/state": {"uid": "myenv.7", "value": 1, "space": "Discrete(100)", "value_ids": null}}, {"py/object": "palaestrai.agent.sensor_information.SensorInformation", "py/state": {"uid": "myenv.8", "value": 1, "space": "Discrete(100)", "value_ids": null}}, {"py/object": "palaestrai.agent.sensor_information.SensorInformation", "py/state": {"uid": "myenv.9", "value": 1, "space": "Discrete(100)", "value_ids": null}}]',0,1);
INSERT INTO world_states VALUES(14,'2023-11-02 10:52:56.286618',14,NULL,'[{"py/object": "palaestrai.agent.sensor_information.SensorInformation", "py/state": {"uid": "myenv.0", "value": 2, "space": "Discrete(100)", "value_ids": null}}, {"py/object": "palaestrai.agent.sensor_information.SensorInformation", "py/state": {"uid": "myenv.1", "value": 2, "space": "Discrete(100)", "value_ids": null}}, {"py/object": "palaestrai.agent.sensor_information.SensorInformation", "py/state": {"uid": "myenv.2", "value": 2, "space": "Discrete(100)", "value_ids": null}}, {"py/object": "palaestrai.agent.sensor_information.SensorInformation", "py/state": {"uid": "myenv.3", "value": 2, "space": "Discrete(100)", "value_ids": null}}, {"py/object": "palaestrai.agent.sensor_information.SensorInformation", "py/state": {"uid": "myenv.4", "value": 2, "space": "Discrete(100)", "value_ids": null}}, {"py/object": "palaestrai.agent.sensor_information.SensorInformation", "py/state": {"uid": "myenv.5", "value": 2, "space": "Discrete(100)", "value_ids": null}}, {"py/object": "palaestrai.agent.sensor_information.SensorInformation", "py/state": {"uid": "myenv.6", "value": 2, "space": "Discrete(100)", "value_ids": null}}, {"py/object": "palaestrai.agent.sensor_information.SensorInformation", "py/state": {"uid": "myenv.7", "value": 2, "space": "Discrete(100)", "value_ids": null}}, {"py/object": "palaestrai.agent.sensor_information.SensorInformation", "py/state": {"uid": "myenv.8", "value": 2, "space": "Discrete(100)", "value_ids": null}}, {"py/object": "palaestrai.agent.sensor_information.SensorInformation", "py/state": {"uid": "myenv.9", "value": 2, "space": "Discrete(100)", "value_ids": null}}]',0,1);
INSERT INTO world_states VALUES(15,'2023-11-02 10:52:56.354557',15,NULL,'[{"py/object": "palaestrai.agent.sensor_information.SensorInformation", "py/state": {"uid": "myenv.0", "value": 3, "space": "Discrete(100)", "value_ids": null}}, {"py/object": "palaestrai.agent.sensor_information.SensorInformation", "py/state": {"uid": "myenv.1", "value": 3, "space": "Discrete(100)", "value_ids": null}}, {"py/object": "palaestrai.agent.sensor_information.SensorInformation", "py/state": {"uid": "myenv.2", "value": 3, "space": "Discrete(100)", "value_ids": null}}, {"py/object": "palaestrai.agent.sensor_information.SensorInformation", "py/state": {"uid": "myenv.3", "value": 3, "space": "Discrete(100)", "value_ids": null}}, {"py/object": "palaestrai.agent.sensor_information.SensorInformation", "py/state": {"uid": "myenv.4", "value": 3, "space": "Discrete(100)", "value_ids": null}}, {"py/object": "palaestrai.agent.sensor_information.SensorInformation", "py/state": {"uid": "myenv.5", "value": 3, "space": "Discrete(100)", "value_ids": null}}, {"py/object": "palaestrai.agent.sensor_information.SensorInformation", "py/state": {"uid": "myenv.6", "value": 3, "space": "Discrete(100)", "value_ids": null}}, {"py/object": "palaestrai.agent.sensor_information.SensorInformation", "py/state": {"uid": "myenv.7", "value": 3, "space": "Discrete(100)", "value_ids": null}}, {"py/object": "palaestrai.agent.sensor_information.SensorInformation", "py/state": {"uid": "myenv.8", "value": 3, "space": "Discrete(100)", "value_ids": null}}, {"py/object": "palaestrai.agent.sensor_information.SensorInformation", "py/state": {"uid": "myenv.9", "value": 3, "space": "Discrete(100)", "value_ids": null}}]',0,1);
INSERT INTO world_states VALUES(16,'2023-11-02 10:52:56.431504',16,NULL,'[{"py/object": "palaestrai.agent.sensor_information.SensorInformation", "py/state": {"uid": "myenv.0", "value": 4, "space": "Discrete(100)", "value_ids": null}}, {"py/object": "palaestrai.agent.sensor_information.SensorInformation", "py/state": {"uid": "myenv.1", "value": 4, "space": "Discrete(100)", "value_ids": null}}, {"py/object": "palaestrai.agent.sensor_information.SensorInformation", "py/state": {"uid": "myenv.2", "value": 4, "space": "Discrete(100)", "value_ids": null}}, {"py/object": "palaestrai.agent.sensor_information.SensorInformation", "py/state": {"uid": "myenv.3", "value": 4, "space": "Discrete(100)", "value_ids": null}}, {"py/object": "palaestrai.agent.sensor_information.SensorInformation", "py/state": {"uid": "myenv.4", "value": 4, "space": "Discrete(100)", "value_ids": null}}, {"py/object": "palaestrai.agent.sensor_information.SensorInformation", "py/state": {"uid": "myenv.5", "value": 4, "space": "Discrete(100)", "value_ids": null}}, {"py/object": "palaestrai.agent.sensor_information.SensorInformation", "py/state": {"uid": "myenv.6", "value": 4, "space": "Discrete(100)", "value_ids": null}}, {"py/object": "palaestrai.agent.sensor_information.SensorInformation", "py/state": {"uid": "myenv.7", "value": 4, "space": "Discrete(100)", "value_ids": null}}, {"py/object": "palaestrai.agent.sensor_information.SensorInformation", "py/state": {"uid": "myenv.8", "value": 4, "space": "Discrete(100)", "value_ids": null}}, {"py/object": "palaestrai.agent.sensor_information.SensorInformation", "py/state": {"uid": "myenv.9", "value": 4, "space": "Discrete(100)", "value_ids": null}}]',0,1);
INSERT INTO world_states VALUES(17,'2023-11-02 10:52:56.500111',17,NULL,'[{"py/object": "palaestrai.agent.sensor_information.SensorInformation", "py/state": {"uid": "myenv.0", "value": 5, "space": "Discrete(100)", "value_ids": null}}, {"py/object": "palaestrai.agent.sensor_information.SensorInformation", "py/state": {"uid": "myenv.1", "value": 5, "space": "Discrete(100)", "value_ids": null}}, {"py/object": "palaestrai.agent.sensor_information.SensorInformation", "py/state": {"uid": "myenv.2", "value": 5, "space": "Discrete(100)", "value_ids": null}}, {"py/object": "palaestrai.agent.sensor_information.SensorInformation", "py/state": {"uid": "myenv.3", "value": 5, "space": "Discrete(100)", "value_ids": null}}, {"py/object": "palaestrai.agent.sensor_information.SensorInformation", "py/state": {"uid": "myenv.4", "value": 5, "space": "Discrete(100)", "value_ids": null}}, {"py/object": "palaestrai.agent.sensor_information.SensorInformation", "py/state": {"uid": "myenv.5", "value": 5, "space": "Discrete(100)", "value_ids": null}}, {"py/object": "palaestrai.agent.sensor_information.SensorInformation", "py/state": {"uid": "myenv.6", "value": 5, "space": "Discrete(100)", "value_ids": null}}, {"py/object": "palaestrai.agent.sensor_information.SensorInformation", "py/state": {"uid": "myenv.7", "value": 5, "space": "Discrete(100)", "value_ids": null}}, {"py/object": "palaestrai.agent.sensor_information.SensorInformation", "py/state": {"uid": "myenv.8", "value": 5, "space": "Discrete(100)", "value_ids": null}}, {"py/object": "palaestrai.agent.sensor_information.SensorInformation", "py/state": {"uid": "myenv.9", "value": 5, "space": "Discrete(100)", "value_ids": null}}]',0,1);
INSERT INTO world_states VALUES(18,'2023-11-02 10:52:56.574117',18,NULL,'[{"py/object": "palaestrai.agent.sensor_information.SensorInformation", "py/state": {"uid": "myenv.0", "value": 6, "space": "Discrete(100)", "value_ids": null}}, {"py/object": "palaestrai.agent.sensor_information.SensorInformation", "py/state": {"uid": "myenv.1", "value": 6, "space": "Discrete(100)", "value_ids": null}}, {"py/object": "palaestrai.agent.sensor_information.SensorInformation", "py/state": {"uid": "myenv.2", "value": 6, "space": "Discrete(100)", "value_ids": null}}, {"py/object": "palaestrai.agent.sensor_information.SensorInformation", "py/state": {"uid": "myenv.3", "value": 6, "space": "Discrete(100)", "value_ids": null}}, {"py/object": "palaestrai.agent.sensor_information.SensorInformation", "py/state": {"uid": "myenv.4", "value": 6, "space": "Discrete(100)", "value_ids": null}}, {"py/object": "palaestrai.agent.sensor_information.SensorInformation", "py/state": {"uid": "myenv.5", "value": 6, "space": "Discrete(100)", "value_ids": null}}, {"py/object": "palaestrai.agent.sensor_information.SensorInformation", "py/state": {"uid": "myenv.6", "value": 6, "space": "Discrete(100)", "value_ids": null}}, {"py/object": "palaestrai.agent.sensor_information.SensorInformation", "py/state": {"uid": "myenv.7", "value": 6, "space": "Discrete(100)", "value_ids": null}}, {"py/object": "palaestrai.agent.sensor_information.SensorInformation", "py/state": {"uid": "myenv.8", "value": 6, "space": "Discrete(100)", "value_ids": null}}, {"py/object": "palaestrai.agent.sensor_information.SensorInformation", "py/state": {"uid": "myenv.9", "value": 6, "space": "Discrete(100)", "value_ids": null}}]',0,1);
INSERT INTO world_states VALUES(19,'2023-11-02 10:52:56.653044',19,NULL,'[{"py/object": "palaestrai.agent.sensor_information.SensorInformation", "py/state": {"uid": "myenv.0", "value": 7, "space": "Discrete(100)", "value_ids": null}}, {"py/object": "palaestrai.agent.sensor_information.SensorInformation", "py/state": {"uid": "myenv.1", "value": 7, "space": "Discrete(100)", "value_ids": null}}, {"py/object": "palaestrai.agent.sensor_information.SensorInformation", "py/state": {"uid": "myenv.2", "value": 7, "space": "Discrete(100)", "value_ids": null}}, {"py/object": "palaestrai.agent.sensor_information.SensorInformation", "py/state": {"uid": "myenv.3", "value": 7, "space": "Discrete(100)", "value_ids": null}}, {"py/object": "palaestrai.agent.sensor_information.SensorInformation", "py/state": {"uid": "myenv.4", "value": 7, "space": "Discrete(100)", "value_ids": null}}, {"py/object": "palaestrai.agent.sensor_information.SensorInformation", "py/state": {"uid": "myenv.5", "value": 7, "space": "Discrete(100)", "value_ids": null}}, {"py/object": "palaestrai.agent.sensor_information.SensorInformation", "py/state": {"uid": "myenv.6", "value": 7, "space": "Discrete(100)", "value_ids": null}}, {"py/object": "palaestrai.agent.sensor_information.SensorInformation", "py/state": {"uid": "myenv.7", "value": 7, "space": "Discrete(100)", "value_ids": null}}, {"py/object": "palaestrai.agent.sensor_information.SensorInformation", "py/state": {"uid": "myenv.8", "value": 7, "space": "Discrete(100)", "value_ids": null}}, {"py/object": "palaestrai.agent.sensor_information.SensorInformation", "py/state": {"uid": "myenv.9", "value": 7, "space": "Discrete(100)", "value_ids": null}}]',0,1);
INSERT INTO world_states VALUES(20,'2023-11-02 10:52:56.742034',20,NULL,'[{"py/object": "palaestrai.agent.sensor_information.SensorInformation", "py/state": {"uid": "myenv.0", "value": 8, "space": "Discrete(100)", "value_ids": null}}, {"py/object": "palaestrai.agent.sensor_information.SensorInformation", "py/state": {"uid": "myenv.1", "value": 8, "space": "Discrete(100)", "value_ids": null}}, {"py/object": "palaestrai.agent.sensor_information.SensorInformation", "py/state": {"uid": "myenv.2", "value": 8, "space": "Discrete(100)", "value_ids": null}}, {"py/object": "palaestrai.agent.sensor_information.SensorInformation", "py/state": {"uid": "myenv.3", "value": 8, "space": "Discrete(100)", "value_ids": null}}, {"py/object": "palaestrai.agent.sensor_information.SensorInformation", "py/state": {"uid": "myenv.4", "value": 8, "space": "Discrete(100)", "value_ids": null}}, {"py/object": "palaestrai.agent.sensor_information.SensorInformation", "py/state": {"uid": "myenv.5", "value": 8, "space": "Discrete(100)", "value_ids": null}}, {"py/object": "palaestrai.agent.sensor_information.SensorInformation", "py/state": {"uid": "myenv.6", "value": 8, "space": "Discrete(100)", "value_ids": null}}, {"py/object": "palaestrai.agent.sensor_information.SensorInformation", "py/state": {"uid": "myenv.7", "value": 8, "space": "Discrete(100)", "value_ids": null}}, {"py/object": "palaestrai.agent.sensor_information.SensorInformation", "py/state": {"uid": "myenv.8", "value": 8, "space": "Discrete(100)", "value_ids": null}}, {"py/object": "palaestrai.agent.sensor_information.SensorInformation", "py/state": {"uid": "myenv.9", "value": 8, "space": "Discrete(100)", "value_ids": null}}]',0,1);
INSERT INTO world_states VALUES(21,'2023-11-02 10:52:56.819622',21,NULL,'[{"py/object": "palaestrai.agent.sensor_information.SensorInformation", "py/state": {"uid": "myenv.0", "value": 9, "space": "Discrete(100)", "value_ids": null}}, {"py/object": "palaestrai.agent.sensor_information.SensorInformation", "py/state": {"uid": "myenv.1", "value": 9, "space": "Discrete(100)", "value_ids": null}}, {"py/object": "palaestrai.agent.sensor_information.SensorInformation", "py/state": {"uid": "myenv.2", "value": 9, "space": "Discrete(100)", "value_ids": null}}, {"py/object": "palaestrai.agent.sensor_information.SensorInformation", "py/state": {"uid": "myenv.3", "value": 9, "space": "Discrete(100)", "value_ids": null}}, {"py/object": "palaestrai.agent.sensor_information.SensorInformation", "py/state": {"uid": "myenv.4", "value": 9, "space": "Discrete(100)", "value_ids": null}}, {"py/object": "palaestrai.agent.sensor_information.SensorInformation", "py/state": {"uid": "myenv.5", "value": 9, "space": "Discrete(100)", "value_ids": null}}, {"py/object": "palaestrai.agent.sensor_information.SensorInformation", "py/state": {"uid": "myenv.6", "value": 9, "space": "Discrete(100)", "value_ids": null}}, {"py/object": "palaestrai.agent.sensor_information.SensorInformation", "py/state": {"uid": "myenv.7", "value": 9, "space": "Discrete(100)", "value_ids": null}}, {"py/object": "palaestrai.agent.sensor_information.SensorInformation", "py/state": {"uid": "myenv.8", "value": 9, "space": "Discrete(100)", "value_ids": null}}, {"py/object": "palaestrai.agent.sensor_information.SensorInformation", "py/state": {"uid": "myenv.9", "value": 9, "space": "Discrete(100)", "value_ids": null}}]',0,1);
INSERT INTO world_states VALUES(22,'2023-11-02 10:52:56.895185',22,NULL,'[{"py/object": "palaestrai.agent.sensor_information.SensorInformation", "py/state": {"uid": "myenv.0", "value": 10, "space": "Discrete(100)", "value_ids": null}}, {"py/object": "palaestrai.agent.sensor_information.SensorInformation", "py/state": {"uid": "myenv.1", "value": 10, "space": "Discrete(100)", "value_ids": null}}, {"py/object": "palaestrai.agent.sensor_information.SensorInformation", "py/state": {"uid": "myenv.2", "value": 10, "space": "Discrete(100)", "value_ids": null}}, {"py/object": "palaestrai.agent.sensor_information.SensorInformation", "py/state": {"uid": "myenv.3", "value": 10, "space": "Discrete(100)", "value_ids": null}}, {"py/object": "palaestrai.agent.sensor_information.SensorInformation", "py/state": {"uid": "myenv.4", "value": 10, "space": "Discrete(100)", "value_ids": null}}, {"py/object": "palaestrai.agent.sensor_information.SensorInformation", "py/state": {"uid": "myenv.5", "value": 10, "space": "Discrete(100)", "value_ids": null}}, {"py/object": "palaestrai.agent.sensor_information.SensorInformation", "py/state": {"uid": "myenv.6", "value": 10, "space": "Discrete(100)", "value_ids": null}}, {"py/object": "palaestrai.agent.sensor_information.SensorInformation", "py/state": {"uid": "myenv.7", "value": 10, "space": "Discrete(100)", "value_ids": null}}, {"py/object": "palaestrai.agent.sensor_information.SensorInformation", "py/state": {"uid": "myenv.8", "value": 10, "space": "Discrete(100)", "value_ids": null}}, {"py/object": "palaestrai.agent.sensor_information.SensorInformation", "py/state": {"uid": "myenv.9", "value": 10, "space": "Discrete(100)", "value_ids": null}}]',1,1);
INSERT INTO world_states VALUES(23,'2023-11-02 10:53:20.619013',1,NULL,'[{"py/object": "palaestrai.agent.sensor_information.SensorInformation", "py/state": {"uid": "myenv.0", "value": 0, "space": "Discrete(100)", "value_ids": null}}, {"py/object": "palaestrai.agent.sensor_information.SensorInformation", "py/state": {"uid": "myenv.1", "value": 0, "space": "Discrete(100)", "value_ids": null}}, {"py/object": "palaestrai.agent.sensor_information.SensorInformation", "py/state": {"uid": "myenv.2", "value": 0, "space": "Discrete(100)", "value_ids": null}}, {"py/object": "palaestrai.agent.sensor_information.SensorInformation", "py/state": {"uid": "myenv.3", "value": 0, "space": "Discrete(100)", "value_ids": null}}, {"py/object": "palaestrai.agent.sensor_information.SensorInformation", "py/state": {"uid": "myenv.4", "value": 0, "space": "Discrete(100)", "value_ids": null}}, {"py/object": "palaestrai.agent.sensor_information.SensorInformation", "py/state": {"uid": "myenv.5", "value": 0, "space": "Discrete(100)", "value_ids": null}}, {"py/object": "palaestrai.agent.sensor_information.SensorInformation", "py/state": {"uid": "myenv.6", "value": 0, "space": "Discrete(100)", "value_ids": null}}, {"py/object": "palaestrai.agent.sensor_information.SensorInformation", "py/state": {"uid": "myenv.7", "value": 0, "space": "Discrete(100)", "value_ids": null}}, {"py/object": "palaestrai.agent.sensor_information.SensorInformation", "py/state": {"uid": "myenv.8", "value": 0, "space": "Discrete(100)", "value_ids": null}}, {"py/object": "palaestrai.agent.sensor_information.SensorInformation", "py/state": {"uid": "myenv.9", "value": 0, "space": "Discrete(100)", "value_ids": null}}]',0,2);
INSERT INTO world_states VALUES(24,'2023-11-02 10:53:20.630400',2,NULL,'[{"py/object": "palaestrai.agent.sensor_information.SensorInformation", "py/state": {"uid": "myenv.0", "value": 1, "space": "Discrete(100)", "value_ids": null}}, {"py/object": "palaestrai.agent.sensor_information.SensorInformation", "py/state": {"uid": "myenv.1", "value": 1, "space": "Discrete(100)", "value_ids": null}}, {"py/object": "palaestrai.agent.sensor_information.SensorInformation", "py/state": {"uid": "myenv.2", "value": 1, "space": "Discrete(100)", "value_ids": null}}, {"py/object": "palaestrai.agent.sensor_information.SensorInformation", "py/state": {"uid": "myenv.3", "value": 1, "space": "Discrete(100)", "value_ids": null}}, {"py/object": "palaestrai.agent.sensor_information.SensorInformation", "py/state": {"uid": "myenv.4", "value": 1, "space": "Discrete(100)", "value_ids": null}}, {"py/object": "palaestrai.agent.sensor_information.SensorInformation", "py/state": {"uid": "myenv.5", "value": 1, "space": "Discrete(100)", "value_ids": null}}, {"py/object": "palaestrai.agent.sensor_information.SensorInformation", "py/state": {"uid": "myenv.6", "value": 1, "space": "Discrete(100)", "value_ids": null}}, {"py/object": "palaestrai.agent.sensor_information.SensorInformation", "py/state": {"uid": "myenv.7", "value": 1, "space": "Discrete(100)", "value_ids": null}}, {"py/object": "palaestrai.agent.sensor_information.SensorInformation", "py/state": {"uid": "myenv.8", "value": 1, "space": "Discrete(100)", "value_ids": null}}, {"py/object": "palaestrai.agent.sensor_information.SensorInformation", "py/state": {"uid": "myenv.9", "value": 1, "space": "Discrete(100)", "value_ids": null}}]',0,2);
INSERT INTO world_states VALUES(25,'2023-11-02 10:53:20.643784',3,NULL,'[{"py/object": "palaestrai.agent.sensor_information.SensorInformation", "py/state": {"uid": "myenv.0", "value": 2, "space": "Discrete(100)", "value_ids": null}}, {"py/object": "palaestrai.agent.sensor_information.SensorInformation", "py/state": {"uid": "myenv.1", "value": 2, "space": "Discrete(100)", "value_ids": null}}, {"py/object": "palaestrai.agent.sensor_information.SensorInformation", "py/state": {"uid": "myenv.2", "value": 2, "space": "Discrete(100)", "value_ids": null}}, {"py/object": "palaestrai.agent.sensor_information.SensorInformation", "py/state": {"uid": "myenv.3", "value": 2, "space": "Discrete(100)", "value_ids": null}}, {"py/object": "palaestrai.agent.sensor_information.SensorInformation", "py/state": {"uid": "myenv.4", "value": 2, "space": "Discrete(100)", "value_ids": null}}, {"py/object": "palaestrai.agent.sensor_information.SensorInformation", "py/state": {"uid": "myenv.5", "value": 2, "space": "Discrete(100)", "value_ids": null}}, {"py/object": "palaestrai.agent.sensor_information.SensorInformation", "py/state": {"uid": "myenv.6", "value": 2, "space": "Discrete(100)", "value_ids": null}}, {"py/object": "palaestrai.agent.sensor_information.SensorInformation", "py/state": {"uid": "myenv.7", "value": 2, "space": "Discrete(100)", "value_ids": null}}, {"py/object": "palaestrai.agent.sensor_information.SensorInformation", "py/state": {"uid": "myenv.8", "value": 2, "space": "Discrete(100)", "value_ids": null}}, {"py/object": "palaestrai.agent.sensor_information.SensorInformation", "py/state": {"uid": "myenv.9", "value": 2, "space": "Discrete(100)", "value_ids": null}}]',0,2);
INSERT INTO world_states VALUES(26,'2023-11-02 10:53:20.657243',4,NULL,'[{"py/object": "palaestrai.agent.sensor_information.SensorInformation", "py/state": {"uid": "myenv.0", "value": 3, "space": "Discrete(100)", "value_ids": null}}, {"py/object": "palaestrai.agent.sensor_information.SensorInformation", "py/state": {"uid": "myenv.1", "value": 3, "space": "Discrete(100)", "value_ids": null}}, {"py/object": "palaestrai.agent.sensor_information.SensorInformation", "py/state": {"uid": "myenv.2", "value": 3, "space": "Discrete(100)", "value_ids": null}}, {"py/object": "palaestrai.agent.sensor_information.SensorInformation", "py/state": {"uid": "myenv.3", "value": 3, "space": "Discrete(100)", "value_ids": null}}, {"py/object": "palaestrai.agent.sensor_information.SensorInformation", "py/state": {"uid": "myenv.4", "value": 3, "space": "Discrete(100)", "value_ids": null}}, {"py/object": "palaestrai.agent.sensor_information.SensorInformation", "py/state": {"uid": "myenv.5", "value": 3, "space": "Discrete(100)", "value_ids": null}}, {"py/object": "palaestrai.agent.sensor_information.SensorInformation", "py/state": {"uid": "myenv.6", "value": 3, "space": "Discrete(100)", "value_ids": null}}, {"py/object": "palaestrai.agent.sensor_information.SensorInformation", "py/state": {"uid": "myenv.7", "value": 3, "space": "Discrete(100)", "value_ids": null}}, {"py/object": "palaestrai.agent.sensor_information.SensorInformation", "py/state": {"uid": "myenv.8", "value": 3, "space": "Discrete(100)", "value_ids": null}}, {"py/object": "palaestrai.agent.sensor_information.SensorInformation", "py/state": {"uid": "myenv.9", "value": 3, "space": "Discrete(100)", "value_ids": null}}]',0,2);
INSERT INTO world_states VALUES(27,'2023-11-02 10:53:20.669815',5,NULL,'[{"py/object": "palaestrai.agent.sensor_information.SensorInformation", "py/state": {"uid": "myenv.0", "value": 4, "space": "Discrete(100)", "value_ids": null}}, {"py/object": "palaestrai.agent.sensor_information.SensorInformation", "py/state": {"uid": "myenv.1", "value": 4, "space": "Discrete(100)", "value_ids": null}}, {"py/object": "palaestrai.agent.sensor_information.SensorInformation", "py/state": {"uid": "myenv.2", "value": 4, "space": "Discrete(100)", "value_ids": null}}, {"py/object": "palaestrai.agent.sensor_information.SensorInformation", "py/state": {"uid": "myenv.3", "value": 4, "space": "Discrete(100)", "value_ids": null}}, {"py/object": "palaestrai.agent.sensor_information.SensorInformation", "py/state": {"uid": "myenv.4", "value": 4, "space": "Discrete(100)", "value_ids": null}}, {"py/object": "palaestrai.agent.sensor_information.SensorInformation", "py/state": {"uid": "myenv.5", "value": 4, "space": "Discrete(100)", "value_ids": null}}, {"py/object": "palaestrai.agent.sensor_information.SensorInformation", "py/state": {"uid": "myenv.6", "value": 4, "space": "Discrete(100)", "value_ids": null}}, {"py/object": "palaestrai.agent.sensor_information.SensorInformation", "py/state": {"uid": "myenv.7", "value": 4, "space": "Discrete(100)", "value_ids": null}}, {"py/object": "palaestrai.agent.sensor_information.SensorInformation", "py/state": {"uid": "myenv.8", "value": 4, "space": "Discrete(100)", "value_ids": null}}, {"py/object": "palaestrai.agent.sensor_information.SensorInformation", "py/state": {"uid": "myenv.9", "value": 4, "space": "Discrete(100)", "value_ids": null}}]',0,2);
INSERT INTO world_states VALUES(28,'2023-11-02 10:53:20.687158',6,NULL,'[{"py/object": "palaestrai.agent.sensor_information.SensorInformation", "py/state": {"uid": "myenv.0", "value": 5, "space": "Discrete(100)", "value_ids": null}}, {"py/object": "palaestrai.agent.sensor_information.SensorInformation", "py/state": {"uid": "myenv.1", "value": 5, "space": "Discrete(100)", "value_ids": null}}, {"py/object": "palaestrai.agent.sensor_information.SensorInformation", "py/state": {"uid": "myenv.2", "value": 5, "space": "Discrete(100)", "value_ids": null}}, {"py/object": "palaestrai.agent.sensor_information.SensorInformation", "py/state": {"uid": "myenv.3", "value": 5, "space": "Discrete(100)", "value_ids": null}}, {"py/object": "palaestrai.agent.sensor_information.SensorInformation", "py/state": {"uid": "myenv.4", "value": 5, "space": "Discrete(100)", "value_ids": null}}, {"py/object": "palaestrai.agent.sensor_information.SensorInformation", "py/state": {"uid": "myenv.5", "value": 5, "space": "Discrete(100)", "value_ids": null}}, {"py/object": "palaestrai.agent.sensor_information.SensorInformation", "py/state": {"uid": "myenv.6", "value": 5, "space": "Discrete(100)", "value_ids": null}}, {"py/object": "palaestrai.agent.sensor_information.SensorInformation", "py/state": {"uid": "myenv.7", "value": 5, "space": "Discrete(100)", "value_ids": null}}, {"py/object": "palaestrai.agent.sensor_information.SensorInformation", "py/state": {"uid": "myenv.8", "value": 5, "space": "Discrete(100)", "value_ids": null}}, {"py/object": "palaestrai.agent.sensor_information.SensorInformation", "py/state": {"uid": "myenv.9", "value": 5, "space": "Discrete(100)", "value_ids": null}}]',0,2);
INSERT INTO world_states VALUES(29,'2023-11-02 10:53:20.696568',7,NULL,'[{"py/object": "palaestrai.agent.sensor_information.SensorInformation", "py/state": {"uid": "myenv.0", "value": 6, "space": "Discrete(100)", "value_ids": null}}, {"py/object": "palaestrai.agent.sensor_information.SensorInformation", "py/state": {"uid": "myenv.1", "value": 6, "space": "Discrete(100)", "value_ids": null}}, {"py/object": "palaestrai.agent.sensor_information.SensorInformation", "py/state": {"uid": "myenv.2", "value": 6, "space": "Discrete(100)", "value_ids": null}}, {"py/object": "palaestrai.agent.sensor_information.SensorInformation", "py/state": {"uid": "myenv.3", "value": 6, "space": "Discrete(100)", "value_ids": null}}, {"py/object": "palaestrai.agent.sensor_information.SensorInformation", "py/state": {"uid": "myenv.4", "value": 6, "space": "Discrete(100)", "value_ids": null}}, {"py/object": "palaestrai.agent.sensor_information.SensorInformation", "py/state": {"uid": "myenv.5", "value": 6, "space": "Discrete(100)", "value_ids": null}}, {"py/object": "palaestrai.agent.sensor_information.SensorInformation", "py/state": {"uid": "myenv.6", "value": 6, "space": "Discrete(100)", "value_ids": null}}, {"py/object": "palaestrai.agent.sensor_information.SensorInformation", "py/state": {"uid": "myenv.7", "value": 6, "space": "Discrete(100)", "value_ids": null}}, {"py/object": "palaestrai.agent.sensor_information.SensorInformation", "py/state": {"uid": "myenv.8", "value": 6, "space": "Discrete(100)", "value_ids": null}}, {"py/object": "palaestrai.agent.sensor_information.SensorInformation", "py/state": {"uid": "myenv.9", "value": 6, "space": "Discrete(100)", "value_ids": null}}]',0,2);
INSERT INTO world_states VALUES(30,'2023-11-02 10:53:20.706164',8,NULL,'[{"py/object": "palaestrai.agent.sensor_information.SensorInformation", "py/state": {"uid": "myenv.0", "value": 7, "space": "Discrete(100)", "value_ids": null}}, {"py/object": "palaestrai.agent.sensor_information.SensorInformation", "py/state": {"uid": "myenv.1", "value": 7, "space": "Discrete(100)", "value_ids": null}}, {"py/object": "palaestrai.agent.sensor_information.SensorInformation", "py/state": {"uid": "myenv.2", "value": 7, "space": "Discrete(100)", "value_ids": null}}, {"py/object": "palaestrai.agent.sensor_information.SensorInformation", "py/state": {"uid": "myenv.3", "value": 7, "space": "Discrete(100)", "value_ids": null}}, {"py/object": "palaestrai.agent.sensor_information.SensorInformation", "py/state": {"uid": "myenv.4", "value": 7, "space": "Discrete(100)", "value_ids": null}}, {"py/object": "palaestrai.agent.sensor_information.SensorInformation", "py/state": {"uid": "myenv.5", "value": 7, "space": "Discrete(100)", "value_ids": null}}, {"py/object": "palaestrai.agent.sensor_information.SensorInformation", "py/state": {"uid": "myenv.6", "value": 7, "space": "Discrete(100)", "value_ids": null}}, {"py/object": "palaestrai.agent.sensor_information.SensorInformation", "py/state": {"uid": "myenv.7", "value": 7, "space": "Discrete(100)", "value_ids": null}}, {"py/object": "palaestrai.agent.sensor_information.SensorInformation", "py/state": {"uid": "myenv.8", "value": 7, "space": "Discrete(100)", "value_ids": null}}, {"py/object": "palaestrai.agent.sensor_information.SensorInformation", "py/state": {"uid": "myenv.9", "value": 7, "space": "Discrete(100)", "value_ids": null}}]',0,2);
INSERT INTO world_states VALUES(31,'2023-11-02 10:53:20.719158',9,NULL,'[{"py/object": "palaestrai.agent.sensor_information.SensorInformation", "py/state": {"uid": "myenv.0", "value": 8, "space": "Discrete(100)", "value_ids": null}}, {"py/object": "palaestrai.agent.sensor_information.SensorInformation", "py/state": {"uid": "myenv.1", "value": 8, "space": "Discrete(100)", "value_ids": null}}, {"py/object": "palaestrai.agent.sensor_information.SensorInformation", "py/state": {"uid": "myenv.2", "value": 8, "space": "Discrete(100)", "value_ids": null}}, {"py/object": "palaestrai.agent.sensor_information.SensorInformation", "py/state": {"uid": "myenv.3", "value": 8, "space": "Discrete(100)", "value_ids": null}}, {"py/object": "palaestrai.agent.sensor_information.SensorInformation", "py/state": {"uid": "myenv.4", "value": 8, "space": "Discrete(100)", "value_ids": null}}, {"py/object": "palaestrai.agent.sensor_information.SensorInformation", "py/state": {"uid": "myenv.5", "value": 8, "space": "Discrete(100)", "value_ids": null}}, {"py/object": "palaestrai.agent.sensor_information.SensorInformation", "py/state": {"uid": "myenv.6", "value": 8, "space": "Discrete(100)", "value_ids": null}}, {"py/object": "palaestrai.agent.sensor_information.SensorInformation", "py/state": {"uid": "myenv.7", "value": 8, "space": "Discrete(100)", "value_ids": null}}, {"py/object": "palaestrai.agent.sensor_information.SensorInformation", "py/state": {"uid": "myenv.8", "value": 8, "space": "Discrete(100)", "value_ids": null}}, {"py/object": "palaestrai.agent.sensor_information.SensorInformation", "py/state": {"uid": "myenv.9", "value": 8, "space": "Discrete(100)", "value_ids": null}}]',0,2);
INSERT INTO world_states VALUES(32,'2023-11-02 10:53:20.730540',10,NULL,'[{"py/object": "palaestrai.agent.sensor_information.SensorInformation", "py/state": {"uid": "myenv.0", "value": 9, "space": "Discrete(100)", "value_ids": null}}, {"py/object": "palaestrai.agent.sensor_information.SensorInformation", "py/state": {"uid": "myenv.1", "value": 9, "space": "Discrete(100)", "value_ids": null}}, {"py/object": "palaestrai.agent.sensor_information.SensorInformation", "py/state": {"uid": "myenv.2", "value": 9, "space": "Discrete(100)", "value_ids": null}}, {"py/object": "palaestrai.agent.sensor_information.SensorInformation", "py/state": {"uid": "myenv.3", "value": 9, "space": "Discrete(100)", "value_ids": null}}, {"py/object": "palaestrai.agent.sensor_information.SensorInformation", "py/state": {"uid": "myenv.4", "value": 9, "space": "Discrete(100)", "value_ids": null}}, {"py/object": "palaestrai.agent.sensor_information.SensorInformation", "py/state": {"uid": "myenv.5", "value": 9, "space": "Discrete(100)", "value_ids": null}}, {"py/object": "palaestrai.agent.sensor_information.SensorInformation", "py/state": {"uid": "myenv.6", "value": 9, "space": "Discrete(100)", "value_ids": null}}, {"py/object": "palaestrai.agent.sensor_information.SensorInformation", "py/state": {"uid": "myenv.7", "value": 9, "space": "Discrete(100)", "value_ids": null}}, {"py/object": "palaestrai.agent.sensor_information.SensorInformation", "py/state": {"uid": "myenv.8", "value": 9, "space": "Discrete(100)", "value_ids": null}}, {"py/object": "palaestrai.agent.sensor_information.SensorInformation", "py/state": {"uid": "myenv.9", "value": 9, "space": "Discrete(100)", "value_ids": null}}]',0,2);
INSERT INTO world_states VALUES(33,'2023-11-02 10:53:20.744492',11,NULL,'[{"py/object": "palaestrai.agent.sensor_information.SensorInformation", "py/state": {"uid": "myenv.0", "value": 10, "space": "Discrete(100)", "value_ids": null}}, {"py/object": "palaestrai.agent.sensor_information.SensorInformation", "py/state": {"uid": "myenv.1", "value": 10, "space": "Discrete(100)", "value_ids": null}}, {"py/object": "palaestrai.agent.sensor_information.SensorInformation", "py/state": {"uid": "myenv.2", "value": 10, "space": "Discrete(100)", "value_ids": null}}, {"py/object": "palaestrai.agent.sensor_information.SensorInformation", "py/state": {"uid": "myenv.3", "value": 10, "space": "Discrete(100)", "value_ids": null}}, {"py/object": "palaestrai.agent.sensor_information.SensorInformation", "py/state": {"uid": "myenv.4", "value": 10, "space": "Discrete(100)", "value_ids": null}}, {"py/object": "palaestrai.agent.sensor_information.SensorInformation", "py/state": {"uid": "myenv.5", "value": 10, "space": "Discrete(100)", "value_ids": null}}, {"py/object": "palaestrai.agent.sensor_information.SensorInformation", "py/state": {"uid": "myenv.6", "value": 10, "space": "Discrete(100)", "value_ids": null}}, {"py/object": "palaestrai.agent.sensor_information.SensorInformation", "py/state": {"uid": "myenv.7", "value": 10, "space": "Discrete(100)", "value_ids": null}}, {"py/object": "palaestrai.agent.sensor_information.SensorInformation", "py/state": {"uid": "myenv.8", "value": 10, "space": "Discrete(100)", "value_ids": null}}, {"py/object": "palaestrai.agent.sensor_information.SensorInformation", "py/state": {"uid": "myenv.9", "value": 10, "space": "Discrete(100)", "value_ids": null}}]',1,2);
CREATE TABLE brain_states (
	id INTEGER NOT NULL, 
	walltime TIMESTAMP NOT NULL, 
	state BLOB, 
	tag VARCHAR(96), 
	simtime_ticks INTEGER, 
	simtime_timestamp TIMESTAMP, 
	agent_id INTEGER, 
	CONSTRAINT pk__brain_states PRIMARY KEY (id), 
	CONSTRAINT fk__brain_states__agent_id__agents FOREIGN KEY(agent_id) REFERENCES agents (id)
);
INSERT INTO brain_states VALUES(1,'2023-11-02 10:52:57',X'2a',NULL,NULL,NULL,1);
INSERT INTO brain_states VALUES(2,'2023-11-02 10:52:57',X'2a',NULL,NULL,NULL,2);
INSERT INTO brain_states VALUES(3,'2023-11-02 10:53:20',X'2a',NULL,NULL,NULL,3);
INSERT INTO brain_states VALUES(4,'2023-11-02 10:53:21',X'2a',NULL,NULL,NULL,4);
CREATE TABLE muscle_actions (
	id INTEGER NOT NULL, 
	walltime TIMESTAMP NOT NULL, 
	agent_id INTEGER, 
	simtimes JSON NOT NULL, 
	sensor_readings JSON, 
	actuator_setpoints JSON, 
	rewards JSON, 
	objective FLOAT, 
	CONSTRAINT pk__muscle_actions PRIMARY KEY (id), 
	CONSTRAINT fk__muscle_actions__agent_id__agents FOREIGN KEY(agent_id) REFERENCES agents (id)
);
INSERT INTO muscle_actions VALUES(1,'2023-11-02 10:52:49.002541',1,'{"py/object": "collections.defaultdict", "default_factory": {"py/type": "palaestrai.types.simtime.SimTime"}, "midas_powergrid": {"py/object": "palaestrai.types.simtime.SimTime", "simtime_ticks": 306180, "simtime_timestamp": {"py/object": "datetime.datetime", "__reduce__": [{"py/type": "datetime.datetime"}, ["B+QBHQoDAAAAAA==", {"py/reduce": [{"py/type": "datetime.timezone"}, {"py/tuple": [{"py/reduce": [{"py/type": "datetime.timedelta"}, {"py/tuple": [0, 3600, 0]}]}]}]}]]}}}','[{"py/object": "palaestrai.agent.sensor_information.SensorInformation", "py/state": {"uid": "myenv.0", "value": 0, "space": "Discrete(100)", "value_ids": null}}, {"py/object": "palaestrai.agent.sensor_information.SensorInformation", "py/state": {"uid": "myenv.1", "value": 0, "space": "Discrete(100)", "value_ids": null}}, {"py/object": "palaestrai.agent.sensor_information.SensorInformation", "py/state": {"uid": "myenv.2", "value": 0, "space": "Discrete(100)", "value_ids": null}}, {"py/object": "palaestrai.agent.sensor_information.SensorInformation", "py/state": {"uid": "myenv.3", "value": 0, "space": "Discrete(100)", "value_ids": null}}, {"py/object": "palaestrai.agent.sensor_information.SensorInformation", "py/state": {"uid": "myenv.4", "value": 0, "space": "Discrete(100)", "value_ids": null}}]','[{"py/object": "palaestrai.agent.actuator_information.ActuatorInformation", "py/state": {"uid": "myenv.0", "value": 0, "space": "Discrete(100)", "value_ids": null}}, {"py/object": "palaestrai.agent.actuator_information.ActuatorInformation", "py/state": {"uid": "myenv.1", "value": 0, "space": "Discrete(100)", "value_ids": null}}, {"py/object": "palaestrai.agent.actuator_information.ActuatorInformation", "py/state": {"uid": "myenv.2", "value": 0, "space": "Discrete(100)", "value_ids": null}}, {"py/object": "palaestrai.agent.actuator_information.ActuatorInformation", "py/state": {"uid": "myenv.3", "value": 0, "space": "Discrete(100)", "value_ids": null}}, {"py/object": "palaestrai.agent.actuator_information.ActuatorInformation", "py/state": {"uid": "myenv.4", "value": 0, "space": "Discrete(100)", "value_ids": null}}]','[{"py/object": "palaestrai.agent.reward_information.RewardInformation", "py/state": {"uid": "Reward", "value": 1, "space": "Discrete(9000)"}}]',1.0);
INSERT INTO muscle_actions VALUES(2,'2023-11-02 10:52:54.887381',2,'{"py/object": "collections.defaultdict", "default_factory": {"py/type": "palaestrai.types.simtime.SimTime"}, "midas_powergrid": {"py/object": "palaestrai.types.simtime.SimTime", "simtime_ticks": 306240, "simtime_timestamp": {"py/object": "datetime.datetime", "__reduce__": [{"py/type": "datetime.datetime"}, ["B+QBHQoEAAAAAA==", {"py/reduce": [{"py/type": "datetime.timezone"}, {"py/tuple": [{"py/reduce": [{"py/type": "datetime.timedelta"}, {"py/tuple": [0, 3600, 0]}]}]}]}]]}}}','[{"py/object": "palaestrai.agent.sensor_information.SensorInformation", "py/state": {"uid": "myenv.5", "value": 0, "space": "Discrete(100)", "value_ids": null}}, {"py/object": "palaestrai.agent.sensor_information.SensorInformation", "py/state": {"uid": "myenv.6", "value": 0, "space": "Discrete(100)", "value_ids": null}}, {"py/object": "palaestrai.agent.sensor_information.SensorInformation", "py/state": {"uid": "myenv.7", "value": 0, "space": "Discrete(100)", "value_ids": null}}, {"py/object": "palaestrai.agent.sensor_information.SensorInformation", "py/state": {"uid": "myenv.8", "value": 0, "space": "Discrete(100)", "value_ids": null}}, {"py/object": "palaestrai.agent.sensor_information.SensorInformation", "py/state": {"uid": "myenv.9", "value": 0, "space": "Discrete(100)", "value_ids": null}}]','[{"py/object": "palaestrai.agent.actuator_information.ActuatorInformation", "py/state": {"uid": "myenv.5", "value": 0, "space": "Discrete(100)", "value_ids": null}}, {"py/object": "palaestrai.agent.actuator_information.ActuatorInformation", "py/state": {"uid": "myenv.6", "value": 0, "space": "Discrete(100)", "value_ids": null}}, {"py/object": "palaestrai.agent.actuator_information.ActuatorInformation", "py/state": {"uid": "myenv.7", "value": 0, "space": "Discrete(100)", "value_ids": null}}, {"py/object": "palaestrai.agent.actuator_information.ActuatorInformation", "py/state": {"uid": "myenv.8", "value": 0, "space": "Discrete(100)", "value_ids": null}}, {"py/object": "palaestrai.agent.actuator_information.ActuatorInformation", "py/state": {"uid": "myenv.9", "value": 0, "space": "Discrete(100)", "value_ids": null}}]','[{"py/object": "palaestrai.agent.reward_information.RewardInformation", "py/state": {"uid": "Reward", "value": 2, "space": "Discrete(9000)"}}]',0.0);
INSERT INTO muscle_actions VALUES(3,'2023-11-02 10:52:55.361936',1,'{"py/object": "collections.defaultdict", "default_factory": {"py/type": "palaestrai.types.simtime.SimTime"}, "midas_powergrid": {"py/object": "palaestrai.types.simtime.SimTime", "simtime_ticks": 306300, "simtime_timestamp": {"py/object": "datetime.datetime", "__reduce__": [{"py/type": "datetime.datetime"}, ["B+QBHQoFAAAAAA==", {"py/reduce": [{"py/type": "datetime.timezone"}, {"py/tuple": [{"py/reduce": [{"py/type": "datetime.timedelta"}, {"py/tuple": [0, 3600, 0]}]}]}]}]]}}}','[{"py/object": "palaestrai.agent.sensor_information.SensorInformation", "py/state": {"uid": "myenv.0", "value": 1, "space": "Discrete(100)", "value_ids": null}}, {"py/object": "palaestrai.agent.sensor_information.SensorInformation", "py/state": {"uid": "myenv.1", "value": 1, "space": "Discrete(100)", "value_ids": null}}, {"py/object": "palaestrai.agent.sensor_information.SensorInformation", "py/state": {"uid": "myenv.2", "value": 1, "space": "Discrete(100)", "value_ids": null}}, {"py/object": "palaestrai.agent.sensor_information.SensorInformation", "py/state": {"uid": "myenv.3", "value": 1, "space": "Discrete(100)", "value_ids": null}}, {"py/object": "palaestrai.agent.sensor_information.SensorInformation", "py/state": {"uid": "myenv.4", "value": 1, "space": "Discrete(100)", "value_ids": null}}]','[{"py/object": "palaestrai.agent.actuator_information.ActuatorInformation", "py/state": {"uid": "myenv.0", "value": 1, "space": "Discrete(100)", "value_ids": null}}, {"py/object": "palaestrai.agent.actuator_information.ActuatorInformation", "py/state": {"uid": "myenv.1", "value": 1, "space": "Discrete(100)", "value_ids": null}}, {"py/object": "palaestrai.agent.actuator_information.ActuatorInformation", "py/state": {"uid": "myenv.2", "value": 1, "space": "Discrete(100)", "value_ids": null}}, {"py/object": "palaestrai.agent.actuator_information.ActuatorInformation", "py/state": {"uid": "myenv.3", "value": 1, "space": "Discrete(100)", "value_ids": null}}, {"py/object": "palaestrai.agent.actuator_information.ActuatorInformation", "py/state": {"uid": "myenv.4", "value": 1, "space": "Discrete(100)", "value_ids": null}}]','[{"py/object": "palaestrai.agent.reward_information.RewardInformation", "py/state": {"uid": "Reward", "value": 3, "space": "Discrete(9000)"}}]',0.0);
INSERT INTO muscle_actions VALUES(4,'2023-11-02 10:52:55.421032',2,'{"py/object": "collections.defaultdict", "default_factory": {"py/type": "palaestrai.types.simtime.SimTime"}, "midas_powergrid": {"py/object": "palaestrai.types.simtime.SimTime", "simtime_ticks": 306360, "simtime_timestamp": {"py/object": "datetime.datetime", "__reduce__": [{"py/type": "datetime.datetime"}, ["B+QBHQoGAAAAAA==", {"py/reduce": [{"py/type": "datetime.timezone"}, {"py/tuple": [{"py/reduce": [{"py/type": "datetime.timedelta"}, {"py/tuple": [0, 3600, 0]}]}]}]}]]}}}','[{"py/object": "palaestrai.agent.sensor_information.SensorInformation", "py/state": {"uid": "myenv.5", "value": 2, "space": "Discrete(100)", "value_ids": null}}, {"py/object": "palaestrai.agent.sensor_information.SensorInformation", "py/state": {"uid": "myenv.6", "value": 2, "space": "Discrete(100)", "value_ids": null}}, {"py/object": "palaestrai.agent.sensor_information.SensorInformation", "py/state": {"uid": "myenv.7", "value": 2, "space": "Discrete(100)", "value_ids": null}}, {"py/object": "palaestrai.agent.sensor_information.SensorInformation", "py/state": {"uid": "myenv.8", "value": 2, "space": "Discrete(100)", "value_ids": null}}, {"py/object": "palaestrai.agent.sensor_information.SensorInformation", "py/state": {"uid": "myenv.9", "value": 2, "space": "Discrete(100)", "value_ids": null}}]','[{"py/object": "palaestrai.agent.actuator_information.ActuatorInformation", "py/state": {"uid": "myenv.5", "value": 1, "space": "Discrete(100)", "value_ids": null}}, {"py/object": "palaestrai.agent.actuator_information.ActuatorInformation", "py/state": {"uid": "myenv.6", "value": 1, "space": "Discrete(100)", "value_ids": null}}, {"py/object": "palaestrai.agent.actuator_information.ActuatorInformation", "py/state": {"uid": "myenv.7", "value": 1, "space": "Discrete(100)", "value_ids": null}}, {"py/object": "palaestrai.agent.actuator_information.ActuatorInformation", "py/state": {"uid": "myenv.8", "value": 1, "space": "Discrete(100)", "value_ids": null}}, {"py/object": "palaestrai.agent.actuator_information.ActuatorInformation", "py/state": {"uid": "myenv.9", "value": 1, "space": "Discrete(100)", "value_ids": null}}]','[{"py/object": "palaestrai.agent.reward_information.RewardInformation", "py/state": {"uid": "Reward", "value": 4, "space": "Discrete(9000)"}}]',0.0);
INSERT INTO muscle_actions VALUES(5,'2023-11-02 10:52:55.468274',1,'{"py/object": "collections.defaultdict", "default_factory": {"py/type": "palaestrai.types.simtime.SimTime"}, "midas_powergrid": {"py/object": "palaestrai.types.simtime.SimTime", "simtime_ticks": 306420, "simtime_timestamp": {"py/object": "datetime.datetime", "__reduce__": [{"py/type": "datetime.datetime"}, ["B+QBHQoHAAAAAA==", {"py/reduce": [{"py/type": "datetime.timezone"}, {"py/tuple": [{"py/reduce": [{"py/type": "datetime.timedelta"}, {"py/tuple": [0, 3600, 0]}]}]}]}]]}}}','[{"py/object": "palaestrai.agent.sensor_information.SensorInformation", "py/state": {"uid": "myenv.0", "value": 3, "space": "Discrete(100)", "value_ids": null}}, {"py/object": "palaestrai.agent.sensor_information.SensorInformation", "py/state": {"uid": "myenv.1", "value": 3, "space": "Discrete(100)", "value_ids": null}}, {"py/object": "palaestrai.agent.sensor_information.SensorInformation", "py/state": {"uid": "myenv.2", "value": 3, "space": "Discrete(100)", "value_ids": null}}, {"py/object": "palaestrai.agent.sensor_information.SensorInformation", "py/state": {"uid": "myenv.3", "value": 3, "space": "Discrete(100)", "value_ids": null}}, {"py/object": "palaestrai.agent.sensor_information.SensorInformation", "py/state": {"uid": "myenv.4", "value": 3, "space": "Discrete(100)", "value_ids": null}}]','[{"py/object": "palaestrai.agent.actuator_information.ActuatorInformation", "py/state": {"uid": "myenv.0", "value": 2, "space": "Discrete(100)", "value_ids": null}}, {"py/object": "palaestrai.agent.actuator_information.ActuatorInformation", "py/state": {"uid": "myenv.1", "value": 2, "space": "Discrete(100)", "value_ids": null}}, {"py/object": "palaestrai.agent.actuator_information.ActuatorInformation", "py/state": {"uid": "myenv.2", "value": 2, "space": "Discrete(100)", "value_ids": null}}, {"py/object": "palaestrai.agent.actuator_information.ActuatorInformation", "py/state": {"uid": "myenv.3", "value": 2, "space": "Discrete(100)", "value_ids": null}}, {"py/object": "palaestrai.agent.actuator_information.ActuatorInformation", "py/state": {"uid": "myenv.4", "value": 2, "space": "Discrete(100)", "value_ids": null}}]','[{"py/object": "palaestrai.agent.reward_information.RewardInformation", "py/state": {"uid": "Reward", "value": 5, "space": "Discrete(9000)"}}]',0.0);
INSERT INTO muscle_actions VALUES(6,'2023-11-02 10:52:55.519861',2,'{"py/object": "collections.defaultdict", "default_factory": {"py/type": "palaestrai.types.simtime.SimTime"}, "midas_powergrid": {"py/object": "palaestrai.types.simtime.SimTime", "simtime_ticks": 306480, "simtime_timestamp": {"py/object": "datetime.datetime", "__reduce__": [{"py/type": "datetime.datetime"}, ["B+QBHQoIAAAAAA==", {"py/reduce": [{"py/type": "datetime.timezone"}, {"py/tuple": [{"py/reduce": [{"py/type": "datetime.timedelta"}, {"py/tuple": [0, 3600, 0]}]}]}]}]]}}}','[{"py/object": "palaestrai.agent.sensor_information.SensorInformation", "py/state": {"uid": "myenv.5", "value": 4, "space": "Discrete(100)", "value_ids": null}}, {"py/object": "palaestrai.agent.sensor_information.SensorInformation", "py/state": {"uid": "myenv.6", "value": 4, "space": "Discrete(100)", "value_ids": null}}, {"py/object": "palaestrai.agent.sensor_information.SensorInformation", "py/state": {"uid": "myenv.7", "value": 4, "space": "Discrete(100)", "value_ids": null}}, {"py/object": "palaestrai.agent.sensor_information.SensorInformation", "py/state": {"uid": "myenv.8", "value": 4, "space": "Discrete(100)", "value_ids": null}}, {"py/object": "palaestrai.agent.sensor_information.SensorInformation", "py/state": {"uid": "myenv.9", "value": 4, "space": "Discrete(100)", "value_ids": null}}]','[{"py/object": "palaestrai.agent.actuator_information.ActuatorInformation", "py/state": {"uid": "myenv.5", "value": 2, "space": "Discrete(100)", "value_ids": null}}, {"py/object": "palaestrai.agent.actuator_information.ActuatorInformation", "py/state": {"uid": "myenv.6", "value": 2, "space": "Discrete(100)", "value_ids": null}}, {"py/object": "palaestrai.agent.actuator_information.ActuatorInformation", "py/state": {"uid": "myenv.7", "value": 2, "space": "Discrete(100)", "value_ids": null}}, {"py/object": "palaestrai.agent.actuator_information.ActuatorInformation", "py/state": {"uid": "myenv.8", "value": 2, "space": "Discrete(100)", "value_ids": null}}, {"py/object": "palaestrai.agent.actuator_information.ActuatorInformation", "py/state": {"uid": "myenv.9", "value": 2, "space": "Discrete(100)", "value_ids": null}}]','[{"py/object": "palaestrai.agent.reward_information.RewardInformation", "py/state": {"uid": "Reward", "value": 6, "space": "Discrete(9000)"}}]',0.0);
INSERT INTO muscle_actions VALUES(7,'2023-11-02 10:52:55.577098',1,'{"py/object": "collections.defaultdict", "default_factory": {"py/type": "palaestrai.types.simtime.SimTime"}, "midas_powergrid": {"py/object": "palaestrai.types.simtime.SimTime", "simtime_ticks": 306540, "simtime_timestamp": {"py/object": "datetime.datetime", "__reduce__": [{"py/type": "datetime.datetime"}, ["B+QBHQoJAAAAAA==", {"py/reduce": [{"py/type": "datetime.timezone"}, {"py/tuple": [{"py/reduce": [{"py/type": "datetime.timedelta"}, {"py/tuple": [0, 3600, 0]}]}]}]}]]}}}','[{"py/object": "palaestrai.agent.sensor_information.SensorInformation", "py/state": {"uid": "myenv.0", "value": 5, "space": "Discrete(100)", "value_ids": null}}, {"py/object": "palaestrai.agent.sensor_information.SensorInformation", "py/state": {"uid": "myenv.1", "value": 5, "space": "Discrete(100)", "value_ids": null}}, {"py/object": "palaestrai.agent.sensor_information.SensorInformation", "py/state": {"uid": "myenv.2", "value": 5, "space": "Discrete(100)", "value_ids": null}}, {"py/object": "palaestrai.agent.sensor_information.SensorInformation", "py/state": {"uid": "myenv.3", "value": 5, "space": "Discrete(100)", "value_ids": null}}, {"py/object": "palaestrai.agent.sensor_information.SensorInformation", "py/state": {"uid": "myenv.4", "value": 5, "space": "Discrete(100)", "value_ids": null}}]','[{"py/object": "palaestrai.agent.actuator_information.ActuatorInformation", "py/state": {"uid": "myenv.0", "value": 3, "space": "Discrete(100)", "value_ids": null}}, {"py/object": "palaestrai.agent.actuator_information.ActuatorInformation", "py/state": {"uid": "myenv.1", "value": 3, "space": "Discrete(100)", "value_ids": null}}, {"py/object": "palaestrai.agent.actuator_information.ActuatorInformation", "py/state": {"uid": "myenv.2", "value": 3, "space": "Discrete(100)", "value_ids": null}}, {"py/object": "palaestrai.agent.actuator_information.ActuatorInformation", "py/state": {"uid": "myenv.3", "value": 3, "space": "Discrete(100)", "value_ids": null}}, {"py/object": "palaestrai.agent.actuator_information.ActuatorInformation", "py/state": {"uid": "myenv.4", "value": 3, "space": "Discrete(100)", "value_ids": null}}]','[{"py/object": "palaestrai.agent.reward_information.RewardInformation", "py/state": {"uid": "Reward", "value": 7, "space": "Discrete(9000)"}}]',0.0);
INSERT INTO muscle_actions VALUES(8,'2023-11-02 10:52:55.653904',2,'{"py/object": "collections.defaultdict", "default_factory": {"py/type": "palaestrai.types.simtime.SimTime"}, "midas_powergrid": {"py/object": "palaestrai.types.simtime.SimTime", "simtime_ticks": 306600, "simtime_timestamp": {"py/object": "datetime.datetime", "__reduce__": [{"py/type": "datetime.datetime"}, ["B+QBHQoKAAAAAA==", {"py/reduce": [{"py/type": "datetime.timezone"}, {"py/tuple": [{"py/reduce": [{"py/type": "datetime.timedelta"}, {"py/tuple": [0, 3600, 0]}]}]}]}]]}}}','[{"py/object": "palaestrai.agent.sensor_information.SensorInformation", "py/state": {"uid": "myenv.5", "value": 6, "space": "Discrete(100)", "value_ids": null}}, {"py/object": "palaestrai.agent.sensor_information.SensorInformation", "py/state": {"uid": "myenv.6", "value": 6, "space": "Discrete(100)", "value_ids": null}}, {"py/object": "palaestrai.agent.sensor_information.SensorInformation", "py/state": {"uid": "myenv.7", "value": 6, "space": "Discrete(100)", "value_ids": null}}, {"py/object": "palaestrai.agent.sensor_information.SensorInformation", "py/state": {"uid": "myenv.8", "value": 6, "space": "Discrete(100)", "value_ids": null}}, {"py/object": "palaestrai.agent.sensor_information.SensorInformation", "py/state": {"uid": "myenv.9", "value": 6, "space": "Discrete(100)", "value_ids": null}}]','[{"py/object": "palaestrai.agent.actuator_information.ActuatorInformation", "py/state": {"uid": "myenv.5", "value": 3, "space": "Discrete(100)", "value_ids": null}}, {"py/object": "palaestrai.agent.actuator_information.ActuatorInformation", "py/state": {"uid": "myenv.6", "value": 3, "space": "Discrete(100)", "value_ids": null}}, {"py/object": "palaestrai.agent.actuator_information.ActuatorInformation", "py/state": {"uid": "myenv.7", "value": 3, "space": "Discrete(100)", "value_ids": null}}, {"py/object": "palaestrai.agent.actuator_information.ActuatorInformation", "py/state": {"uid": "myenv.8", "value": 3, "space": "Discrete(100)", "value_ids": null}}, {"py/object": "palaestrai.agent.actuator_information.ActuatorInformation", "py/state": {"uid": "myenv.9", "value": 3, "space": "Discrete(100)", "value_ids": null}}]','[{"py/object": "palaestrai.agent.reward_information.RewardInformation", "py/state": {"uid": "Reward", "value": 8, "space": "Discrete(9000)"}}]',0.0);
INSERT INTO muscle_actions VALUES(9,'2023-11-02 10:52:55.739840',1,'{"py/object": "collections.defaultdict", "default_factory": {"py/type": "palaestrai.types.simtime.SimTime"}, "midas_powergrid": {"py/object": "palaestrai.types.simtime.SimTime", "simtime_ticks": 306660, "simtime_timestamp": {"py/object": "datetime.datetime", "__reduce__": [{"py/type": "datetime.datetime"}, ["B+QBHQoLAAAAAA==", {"py/reduce": [{"py/type": "datetime.timezone"}, {"py/tuple": [{"py/reduce": [{"py/type": "datetime.timedelta"}, {"py/tuple": [0, 3600, 0]}]}]}]}]]}}}','[{"py/object": "palaestrai.agent.sensor_information.SensorInformation", "py/state": {"uid": "myenv.0", "value": 7, "space": "Discrete(100)", "value_ids": null}}, {"py/object": "palaestrai.agent.sensor_information.SensorInformation", "py/state": {"uid": "myenv.1", "value": 7, "space": "Discrete(100)", "value_ids": null}}, {"py/object": "palaestrai.agent.sensor_information.SensorInformation", "py/state": {"uid": "myenv.2", "value": 7, "space": "Discrete(100)", "value_ids": null}}, {"py/object": "palaestrai.agent.sensor_information.SensorInformation", "py/state": {"uid": "myenv.3", "value": 7, "space": "Discrete(100)", "value_ids": null}}, {"py/object": "palaestrai.agent.sensor_information.SensorInformation", "py/state": {"uid": "myenv.4", "value": 7, "space": "Discrete(100)", "value_ids": null}}]','[{"py/object": "palaestrai.agent.actuator_information.ActuatorInformation", "py/state": {"uid": "myenv.0", "value": 4, "space": "Discrete(100)", "value_ids": null}}, {"py/object": "palaestrai.agent.actuator_information.ActuatorInformation", "py/state": {"uid": "myenv.1", "value": 4, "space": "Discrete(100)", "value_ids": null}}, {"py/object": "palaestrai.agent.actuator_information.ActuatorInformation", "py/state": {"uid": "myenv.2", "value": 4, "space": "Discrete(100)", "value_ids": null}}, {"py/object": "palaestrai.agent.actuator_information.ActuatorInformation", "py/state": {"uid": "myenv.3", "value": 4, "space": "Discrete(100)", "value_ids": null}}, {"py/object": "palaestrai.agent.actuator_information.ActuatorInformation", "py/state": {"uid": "myenv.4", "value": 4, "space": "Discrete(100)", "value_ids": null}}]','[{"py/object": "palaestrai.agent.reward_information.RewardInformation", "py/state": {"uid": "Reward", "value": 9, "space": "Discrete(9000)"}}]',0.0);
INSERT INTO muscle_actions VALUES(10,'2023-11-02 10:52:55.878890',1,'{"py/object": "collections.defaultdict", "default_factory": {"py/type": "palaestrai.types.simtime.SimTime"}, "midas_powergrid": {"py/object": "palaestrai.types.simtime.SimTime", "simtime_ticks": 306720, "simtime_timestamp": {"py/object": "datetime.datetime", "__reduce__": [{"py/type": "datetime.datetime"}, ["B+QBHQoMAAAAAA==", {"py/reduce": [{"py/type": "datetime.timezone"}, {"py/tuple": [{"py/reduce": [{"py/type": "datetime.timedelta"}, {"py/tuple": [0, 3600, 0]}]}]}]}]]}}}','[{"py/object": "palaestrai.agent.sensor_information.SensorInformation", "py/state": {"uid": "myenv.0", "value": 9, "space": "Discrete(100)", "value_ids": null}}, {"py/object": "palaestrai.agent.sensor_information.SensorInformation", "py/state": {"uid": "myenv.1", "value": 9, "space": "Discrete(100)", "value_ids": null}}, {"py/object": "palaestrai.agent.sensor_information.SensorInformation", "py/state": {"uid": "myenv.2", "value": 9, "space": "Discrete(100)", "value_ids": null}}, {"py/object": "palaestrai.agent.sensor_information.SensorInformation", "py/state": {"uid": "myenv.3", "value": 9, "space": "Discrete(100)", "value_ids": null}}, {"py/object": "palaestrai.agent.sensor_information.SensorInformation", "py/state": {"uid": "myenv.4", "value": 9, "space": "Discrete(100)", "value_ids": null}}]','[{"py/object": "palaestrai.agent.actuator_information.ActuatorInformation", "py/state": {"uid": "myenv.0", "value": 5, "space": "Discrete(100)", "value_ids": null}}, {"py/object": "palaestrai.agent.actuator_information.ActuatorInformation", "py/state": {"uid": "myenv.1", "value": 5, "space": "Discrete(100)", "value_ids": null}}, {"py/object": "palaestrai.agent.actuator_information.ActuatorInformation", "py/state": {"uid": "myenv.2", "value": 5, "space": "Discrete(100)", "value_ids": null}}, {"py/object": "palaestrai.agent.actuator_information.ActuatorInformation", "py/state": {"uid": "myenv.3", "value": 5, "space": "Discrete(100)", "value_ids": null}}, {"py/object": "palaestrai.agent.actuator_information.ActuatorInformation", "py/state": {"uid": "myenv.4", "value": 5, "space": "Discrete(100)", "value_ids": null}}]','[{"py/object": "palaestrai.agent.reward_information.RewardInformation", "py/state": {"uid": "Reward", "value": 9, "space": "Discrete(9000)"}}]',0.0);
INSERT INTO muscle_actions VALUES(11,'2023-11-02 10:52:55.813247',2,'{"py/object": "collections.defaultdict", "default_factory": {"py/type": "palaestrai.types.simtime.SimTime"}, "midas_powergrid": {"py/object": "palaestrai.types.simtime.SimTime", "simtime_ticks": 306780, "simtime_timestamp": {"py/object": "datetime.datetime", "__reduce__": [{"py/type": "datetime.datetime"}, ["B+QBHQoNAAAAAA==", {"py/reduce": [{"py/type": "datetime.timezone"}, {"py/tuple": [{"py/reduce": [{"py/type": "datetime.timedelta"}, {"py/tuple": [0, 3600, 0]}]}]}]}]]}}}','[{"py/object": "palaestrai.agent.sensor_information.SensorInformation", "py/state": {"uid": "myenv.5", "value": 8, "space": "Discrete(100)", "value_ids": null}}, {"py/object": "palaestrai.agent.sensor_information.SensorInformation", "py/state": {"uid": "myenv.6", "value": 8, "space": "Discrete(100)", "value_ids": null}}, {"py/object": "palaestrai.agent.sensor_information.SensorInformation", "py/state": {"uid": "myenv.7", "value": 8, "space": "Discrete(100)", "value_ids": null}}, {"py/object": "palaestrai.agent.sensor_information.SensorInformation", "py/state": {"uid": "myenv.8", "value": 8, "space": "Discrete(100)", "value_ids": null}}, {"py/object": "palaestrai.agent.sensor_information.SensorInformation", "py/state": {"uid": "myenv.9", "value": 8, "space": "Discrete(100)", "value_ids": null}}]','[{"py/object": "palaestrai.agent.actuator_information.ActuatorInformation", "py/state": {"uid": "myenv.5", "value": 4, "space": "Discrete(100)", "value_ids": null}}, {"py/object": "palaestrai.agent.actuator_information.ActuatorInformation", "py/state": {"uid": "myenv.6", "value": 4, "space": "Discrete(100)", "value_ids": null}}, {"py/object": "palaestrai.agent.actuator_information.ActuatorInformation", "py/state": {"uid": "myenv.7", "value": 4, "space": "Discrete(100)", "value_ids": null}}, {"py/object": "palaestrai.agent.actuator_information.ActuatorInformation", "py/state": {"uid": "myenv.8", "value": 4, "space": "Discrete(100)", "value_ids": null}}, {"py/object": "palaestrai.agent.actuator_information.ActuatorInformation", "py/state": {"uid": "myenv.9", "value": 4, "space": "Discrete(100)", "value_ids": null}}]','[{"py/object": "palaestrai.agent.reward_information.RewardInformation", "py/state": {"uid": "Reward", "value": 9, "space": "Discrete(9000)"}}]',0.0);
INSERT INTO muscle_actions VALUES(12,'2023-11-02 10:52:55.920844',1,'{"py/object": "collections.defaultdict", "default_factory": {"py/type": "palaestrai.types.simtime.SimTime"}, "midas_powergrid": {"py/object": "palaestrai.types.simtime.SimTime", "simtime_ticks": 306840, "simtime_timestamp": {"py/object": "datetime.datetime", "__reduce__": [{"py/type": "datetime.datetime"}, ["B+QBHQoOAAAAAA==", {"py/reduce": [{"py/type": "datetime.timezone"}, {"py/tuple": [{"py/reduce": [{"py/type": "datetime.timedelta"}, {"py/tuple": [0, 3600, 0]}]}]}]}]]}}}','[{"py/object": "palaestrai.agent.sensor_information.SensorInformation", "py/state": {"uid": "myenv.0", "value": 10, "space": "Discrete(100)", "value_ids": null}}, {"py/object": "palaestrai.agent.sensor_information.SensorInformation", "py/state": {"uid": "myenv.1", "value": 10, "space": "Discrete(100)", "value_ids": null}}, {"py/object": "palaestrai.agent.sensor_information.SensorInformation", "py/state": {"uid": "myenv.2", "value": 10, "space": "Discrete(100)", "value_ids": null}}, {"py/object": "palaestrai.agent.sensor_information.SensorInformation", "py/state": {"uid": "myenv.3", "value": 10, "space": "Discrete(100)", "value_ids": null}}, {"py/object": "palaestrai.agent.sensor_information.SensorInformation", "py/state": {"uid": "myenv.4", "value": 10, "space": "Discrete(100)", "value_ids": null}}]','[]','[]',0.0);
INSERT INTO muscle_actions VALUES(13,'2023-11-02 10:52:55.920935',2,'{"py/object": "collections.defaultdict", "default_factory": {"py/type": "palaestrai.types.simtime.SimTime"}, "midas_powergrid": {"py/object": "palaestrai.types.simtime.SimTime", "simtime_ticks": 306900, "simtime_timestamp": {"py/object": "datetime.datetime", "__reduce__": [{"py/type": "datetime.datetime"}, ["B+QBHQoPAAAAAA==", {"py/reduce": [{"py/type": "datetime.timezone"}, {"py/tuple": [{"py/reduce": [{"py/type": "datetime.timedelta"}, {"py/tuple": [0, 3600, 0]}]}]}]}]]}}}','[{"py/object": "palaestrai.agent.sensor_information.SensorInformation", "py/state": {"uid": "myenv.5", "value": 10, "space": "Discrete(100)", "value_ids": null}}, {"py/object": "palaestrai.agent.sensor_information.SensorInformation", "py/state": {"uid": "myenv.6", "value": 10, "space": "Discrete(100)", "value_ids": null}}, {"py/object": "palaestrai.agent.sensor_information.SensorInformation", "py/state": {"uid": "myenv.7", "value": 10, "space": "Discrete(100)", "value_ids": null}}, {"py/object": "palaestrai.agent.sensor_information.SensorInformation", "py/state": {"uid": "myenv.8", "value": 10, "space": "Discrete(100)", "value_ids": null}}, {"py/object": "palaestrai.agent.sensor_information.SensorInformation", "py/state": {"uid": "myenv.9", "value": 10, "space": "Discrete(100)", "value_ids": null}}]','[]','[{"py/object": "palaestrai.agent.reward_information.RewardInformation", "py/state": {"uid": "Reward", "value": 0, "space": "Discrete(9000)"}}]',0.0);
INSERT INTO muscle_actions VALUES(14,'2023-11-02 10:52:56.057142',1,'{"py/object": "collections.defaultdict", "default_factory": {"py/type": "palaestrai.types.simtime.SimTime"}, "midas_powergrid": {"py/object": "palaestrai.types.simtime.SimTime", "simtime_ticks": 306960, "simtime_timestamp": {"py/object": "datetime.datetime", "__reduce__": [{"py/type": "datetime.datetime"}, ["B+QBHQoQAAAAAA==", {"py/reduce": [{"py/type": "datetime.timezone"}, {"py/tuple": [{"py/reduce": [{"py/type": "datetime.timedelta"}, {"py/tuple": [0, 3600, 0]}]}]}]}]]}}}','[{"py/object": "palaestrai.agent.sensor_information.SensorInformation", "py/state": {"uid": "myenv.0", "value": 0, "space": "Discrete(100)", "value_ids": null}}, {"py/object": "palaestrai.agent.sensor_information.SensorInformation", "py/state": {"uid": "myenv.1", "value": 0, "space": "Discrete(100)", "value_ids": null}}, {"py/object": "palaestrai.agent.sensor_information.SensorInformation", "py/state": {"uid": "myenv.2", "value": 0, "space": "Discrete(100)", "value_ids": null}}, {"py/object": "palaestrai.agent.sensor_information.SensorInformation", "py/state": {"uid": "myenv.3", "value": 0, "space": "Discrete(100)", "value_ids": null}}, {"py/object": "palaestrai.agent.sensor_information.SensorInformation", "py/state": {"uid": "myenv.4", "value": 0, "space": "Discrete(100)", "value_ids": null}}]','[{"py/object": "palaestrai.agent.actuator_information.ActuatorInformation", "py/state": {"uid": "myenv.0", "value": 6, "space": "Discrete(100)", "value_ids": null}}, {"py/object": "palaestrai.agent.actuator_information.ActuatorInformation", "py/state": {"uid": "myenv.1", "value": 6, "space": "Discrete(100)", "value_ids": null}}, {"py/object": "palaestrai.agent.actuator_information.ActuatorInformation", "py/state": {"uid": "myenv.2", "value": 6, "space": "Discrete(100)", "value_ids": null}}, {"py/object": "palaestrai.agent.actuator_information.ActuatorInformation", "py/state": {"uid": "myenv.3", "value": 6, "space": "Discrete(100)", "value_ids": null}}, {"py/object": "palaestrai.agent.actuator_information.ActuatorInformation", "py/state": {"uid": "myenv.4", "value": 6, "space": "Discrete(100)", "value_ids": null}}]','[{"py/object": "palaestrai.agent.reward_information.RewardInformation", "py/state": {"uid": "Reward", "value": 1, "space": "Discrete(9000)"}}]',0.0);
INSERT INTO muscle_actions VALUES(15,'2023-11-02 10:52:56.125501',2,'{"py/object": "collections.defaultdict", "default_factory": {"py/type": "palaestrai.types.simtime.SimTime"}, "midas_powergrid": {"py/object": "palaestrai.types.simtime.SimTime", "simtime_ticks": 307020, "simtime_timestamp": {"py/object": "datetime.datetime", "__reduce__": [{"py/type": "datetime.datetime"}, ["B+QBHQoRAAAAAA==", {"py/reduce": [{"py/type": "datetime.timezone"}, {"py/tuple": [{"py/reduce": [{"py/type": "datetime.timedelta"}, {"py/tuple": [0, 3600, 0]}]}]}]}]]}}}','[{"py/object": "palaestrai.agent.sensor_information.SensorInformation", "py/state": {"uid": "myenv.5", "value": 0, "space": "Discrete(100)", "value_ids": null}}, {"py/object": "palaestrai.agent.sensor_information.SensorInformation", "py/state": {"uid": "myenv.6", "value": 0, "space": "Discrete(100)", "value_ids": null}}, {"py/object": "palaestrai.agent.sensor_information.SensorInformation", "py/state": {"uid": "myenv.7", "value": 0, "space": "Discrete(100)", "value_ids": null}}, {"py/object": "palaestrai.agent.sensor_information.SensorInformation", "py/state": {"uid": "myenv.8", "value": 0, "space": "Discrete(100)", "value_ids": null}}, {"py/object": "palaestrai.agent.sensor_information.SensorInformation", "py/state": {"uid": "myenv.9", "value": 0, "space": "Discrete(100)", "value_ids": null}}]','[{"py/object": "palaestrai.agent.actuator_information.ActuatorInformation", "py/state": {"uid": "myenv.5", "value": 5, "space": "Discrete(100)", "value_ids": null}}, {"py/object": "palaestrai.agent.actuator_information.ActuatorInformation", "py/state": {"uid": "myenv.6", "value": 5, "space": "Discrete(100)", "value_ids": null}}, {"py/object": "palaestrai.agent.actuator_information.ActuatorInformation", "py/state": {"uid": "myenv.7", "value": 5, "space": "Discrete(100)", "value_ids": null}}, {"py/object": "palaestrai.agent.actuator_information.ActuatorInformation", "py/state": {"uid": "myenv.8", "value": 5, "space": "Discrete(100)", "value_ids": null}}, {"py/object": "palaestrai.agent.actuator_information.ActuatorInformation", "py/state": {"uid": "myenv.9", "value": 5, "space": "Discrete(100)", "value_ids": null}}]','[{"py/object": "palaestrai.agent.reward_information.RewardInformation", "py/state": {"uid": "Reward", "value": 2, "space": "Discrete(9000)"}}]',0.0);
INSERT INTO muscle_actions VALUES(16,'2023-11-02 10:52:56.209354',1,'{"py/object": "collections.defaultdict", "default_factory": {"py/type": "palaestrai.types.simtime.SimTime"}, "midas_powergrid": {"py/object": "palaestrai.types.simtime.SimTime", "simtime_ticks": 307080, "simtime_timestamp": {"py/object": "datetime.datetime", "__reduce__": [{"py/type": "datetime.datetime"}, ["B+QBHQoSAAAAAA==", {"py/reduce": [{"py/type": "datetime.timezone"}, {"py/tuple": [{"py/reduce": [{"py/type": "datetime.timedelta"}, {"py/tuple": [0, 3600, 0]}]}]}]}]]}}}','[{"py/object": "palaestrai.agent.sensor_information.SensorInformation", "py/state": {"uid": "myenv.0", "value": 1, "space": "Discrete(100)", "value_ids": null}}, {"py/object": "palaestrai.agent.sensor_information.SensorInformation", "py/state": {"uid": "myenv.1", "value": 1, "space": "Discrete(100)", "value_ids": null}}, {"py/object": "palaestrai.agent.sensor_information.SensorInformation", "py/state": {"uid": "myenv.2", "value": 1, "space": "Discrete(100)", "value_ids": null}}, {"py/object": "palaestrai.agent.sensor_information.SensorInformation", "py/state": {"uid": "myenv.3", "value": 1, "space": "Discrete(100)", "value_ids": null}}, {"py/object": "palaestrai.agent.sensor_information.SensorInformation", "py/state": {"uid": "myenv.4", "value": 1, "space": "Discrete(100)", "value_ids": null}}]','[{"py/object": "palaestrai.agent.actuator_information.ActuatorInformation", "py/state": {"uid": "myenv.0", "value": 7, "space": "Discrete(100)", "value_ids": null}}, {"py/object": "palaestrai.agent.actuator_information.ActuatorInformation", "py/state": {"uid": "myenv.1", "value": 7, "space": "Discrete(100)", "value_ids": null}}, {"py/object": "palaestrai.agent.actuator_information.ActuatorInformation", "py/state": {"uid": "myenv.2", "value": 7, "space": "Discrete(100)", "value_ids": null}}, {"py/object": "palaestrai.agent.actuator_information.ActuatorInformation", "py/state": {"uid": "myenv.3", "value": 7, "space": "Discrete(100)", "value_ids": null}}, {"py/object": "palaestrai.agent.actuator_information.ActuatorInformation", "py/state": {"uid": "myenv.4", "value": 7, "space": "Discrete(100)", "value_ids": null}}]','[{"py/object": "palaestrai.agent.reward_information.RewardInformation", "py/state": {"uid": "Reward", "value": 3, "space": "Discrete(9000)"}}]',0.0);
INSERT INTO muscle_actions VALUES(17,'2023-11-02 10:52:56.289815',2,'{"py/object": "collections.defaultdict", "default_factory": {"py/type": "palaestrai.types.simtime.SimTime"}, "midas_powergrid": {"py/object": "palaestrai.types.simtime.SimTime", "simtime_ticks": 307140, "simtime_timestamp": {"py/object": "datetime.datetime", "__reduce__": [{"py/type": "datetime.datetime"}, ["B+QBHQoTAAAAAA==", {"py/reduce": [{"py/type": "datetime.timezone"}, {"py/tuple": [{"py/reduce": [{"py/type": "datetime.timedelta"}, {"py/tuple": [0, 3600, 0]}]}]}]}]]}}}','[{"py/object": "palaestrai.agent.sensor_information.SensorInformation", "py/state": {"uid": "myenv.5", "value": 2, "space": "Discrete(100)", "value_ids": null}}, {"py/object": "palaestrai.agent.sensor_information.SensorInformation", "py/state": {"uid": "myenv.6", "value": 2, "space": "Discrete(100)", "value_ids": null}}, {"py/object": "palaestrai.agent.sensor_information.SensorInformation", "py/state": {"uid": "myenv.7", "value": 2, "space": "Discrete(100)", "value_ids": null}}, {"py/object": "palaestrai.agent.sensor_information.SensorInformation", "py/state": {"uid": "myenv.8", "value": 2, "space": "Discrete(100)", "value_ids": null}}, {"py/object": "palaestrai.agent.sensor_information.SensorInformation", "py/state": {"uid": "myenv.9", "value": 2, "space": "Discrete(100)", "value_ids": null}}]','[{"py/object": "palaestrai.agent.actuator_information.ActuatorInformation", "py/state": {"uid": "myenv.5", "value": 6, "space": "Discrete(100)", "value_ids": null}}, {"py/object": "palaestrai.agent.actuator_information.ActuatorInformation", "py/state": {"uid": "myenv.6", "value": 6, "space": "Discrete(100)", "value_ids": null}}, {"py/object": "palaestrai.agent.actuator_information.ActuatorInformation", "py/state": {"uid": "myenv.7", "value": 6, "space": "Discrete(100)", "value_ids": null}}, {"py/object": "palaestrai.agent.actuator_information.ActuatorInformation", "py/state": {"uid": "myenv.8", "value": 6, "space": "Discrete(100)", "value_ids": null}}, {"py/object": "palaestrai.agent.actuator_information.ActuatorInformation", "py/state": {"uid": "myenv.9", "value": 6, "space": "Discrete(100)", "value_ids": null}}]','[{"py/object": "palaestrai.agent.reward_information.RewardInformation", "py/state": {"uid": "Reward", "value": 4, "space": "Discrete(9000)"}}]',0.0);
INSERT INTO muscle_actions VALUES(18,'2023-11-02 10:52:56.357183',1,'{"py/object": "collections.defaultdict", "default_factory": {"py/type": "palaestrai.types.simtime.SimTime"}, "midas_powergrid": {"py/object": "palaestrai.types.simtime.SimTime", "simtime_ticks": 307200, "simtime_timestamp": {"py/object": "datetime.datetime", "__reduce__": [{"py/type": "datetime.datetime"}, ["B+QBHQoUAAAAAA==", {"py/reduce": [{"py/type": "datetime.timezone"}, {"py/tuple": [{"py/reduce": [{"py/type": "datetime.timedelta"}, {"py/tuple": [0, 3600, 0]}]}]}]}]]}}}','[{"py/object": "palaestrai.agent.sensor_information.SensorInformation", "py/state": {"uid": "myenv.0", "value": 3, "space": "Discrete(100)", "value_ids": null}}, {"py/object": "palaestrai.agent.sensor_information.SensorInformation", "py/state": {"uid": "myenv.1", "value": 3, "space": "Discrete(100)", "value_ids": null}}, {"py/object": "palaestrai.agent.sensor_information.SensorInformation", "py/state": {"uid": "myenv.2", "value": 3, "space": "Discrete(100)", "value_ids": null}}, {"py/object": "palaestrai.agent.sensor_information.SensorInformation", "py/state": {"uid": "myenv.3", "value": 3, "space": "Discrete(100)", "value_ids": null}}, {"py/object": "palaestrai.agent.sensor_information.SensorInformation", "py/state": {"uid": "myenv.4", "value": 3, "space": "Discrete(100)", "value_ids": null}}]','[{"py/object": "palaestrai.agent.actuator_information.ActuatorInformation", "py/state": {"uid": "myenv.0", "value": 8, "space": "Discrete(100)", "value_ids": null}}, {"py/object": "palaestrai.agent.actuator_information.ActuatorInformation", "py/state": {"uid": "myenv.1", "value": 8, "space": "Discrete(100)", "value_ids": null}}, {"py/object": "palaestrai.agent.actuator_information.ActuatorInformation", "py/state": {"uid": "myenv.2", "value": 8, "space": "Discrete(100)", "value_ids": null}}, {"py/object": "palaestrai.agent.actuator_information.ActuatorInformation", "py/state": {"uid": "myenv.3", "value": 8, "space": "Discrete(100)", "value_ids": null}}, {"py/object": "palaestrai.agent.actuator_information.ActuatorInformation", "py/state": {"uid": "myenv.4", "value": 8, "space": "Discrete(100)", "value_ids": null}}]','[{"py/object": "palaestrai.agent.reward_information.RewardInformation", "py/state": {"uid": "Reward", "value": 5, "space": "Discrete(9000)"}}]',0.0);
INSERT INTO muscle_actions VALUES(19,'2023-11-02 10:52:56.434139',2,'{"py/object": "collections.defaultdict", "default_factory": {"py/type": "palaestrai.types.simtime.SimTime"}, "midas_powergrid": {"py/object": "palaestrai.types.simtime.SimTime", "simtime_ticks": 307260, "simtime_timestamp": {"py/object": "datetime.datetime", "__reduce__": [{"py/type": "datetime.datetime"}, ["B+QBHQoVAAAAAA==", {"py/reduce": [{"py/type": "datetime.timezone"}, {"py/tuple": [{"py/reduce": [{"py/type": "datetime.timedelta"}, {"py/tuple": [0, 3600, 0]}]}]}]}]]}}}','[{"py/object": "palaestrai.agent.sensor_information.SensorInformation", "py/state": {"uid": "myenv.5", "value": 4, "space": "Discrete(100)", "value_ids": null}}, {"py/object": "palaestrai.agent.sensor_information.SensorInformation", "py/state": {"uid": "myenv.6", "value": 4, "space": "Discrete(100)", "value_ids": null}}, {"py/object": "palaestrai.agent.sensor_information.SensorInformation", "py/state": {"uid": "myenv.7", "value": 4, "space": "Discrete(100)", "value_ids": null}}, {"py/object": "palaestrai.agent.sensor_information.SensorInformation", "py/state": {"uid": "myenv.8", "value": 4, "space": "Discrete(100)", "value_ids": null}}, {"py/object": "palaestrai.agent.sensor_information.SensorInformation", "py/state": {"uid": "myenv.9", "value": 4, "space": "Discrete(100)", "value_ids": null}}]','[{"py/object": "palaestrai.agent.actuator_information.ActuatorInformation", "py/state": {"uid": "myenv.5", "value": 7, "space": "Discrete(100)", "value_ids": null}}, {"py/object": "palaestrai.agent.actuator_information.ActuatorInformation", "py/state": {"uid": "myenv.6", "value": 7, "space": "Discrete(100)", "value_ids": null}}, {"py/object": "palaestrai.agent.actuator_information.ActuatorInformation", "py/state": {"uid": "myenv.7", "value": 7, "space": "Discrete(100)", "value_ids": null}}, {"py/object": "palaestrai.agent.actuator_information.ActuatorInformation", "py/state": {"uid": "myenv.8", "value": 7, "space": "Discrete(100)", "value_ids": null}}, {"py/object": "palaestrai.agent.actuator_information.ActuatorInformation", "py/state": {"uid": "myenv.9", "value": 7, "space": "Discrete(100)", "value_ids": null}}]','[{"py/object": "palaestrai.agent.reward_information.RewardInformation", "py/state": {"uid": "Reward", "value": 6, "space": "Discrete(9000)"}}]',0.0);
INSERT INTO muscle_actions VALUES(20,'2023-11-02 10:52:56.503656',1,'{"py/object": "collections.defaultdict", "default_factory": {"py/type": "palaestrai.types.simtime.SimTime"}, "midas_powergrid": {"py/object": "palaestrai.types.simtime.SimTime", "simtime_ticks": 307320, "simtime_timestamp": {"py/object": "datetime.datetime", "__reduce__": [{"py/type": "datetime.datetime"}, ["B+QBHQoWAAAAAA==", {"py/reduce": [{"py/type": "datetime.timezone"}, {"py/tuple": [{"py/reduce": [{"py/type": "datetime.timedelta"}, {"py/tuple": [0, 3600, 0]}]}]}]}]]}}}','[{"py/object": "palaestrai.agent.sensor_information.SensorInformation", "py/state": {"uid": "myenv.0", "value": 5, "space": "Discrete(100)", "value_ids": null}}, {"py/object": "palaestrai.agent.sensor_information.SensorInformation", "py/state": {"uid": "myenv.1", "value": 5, "space": "Discrete(100)", "value_ids": null}}, {"py/object": "palaestrai.agent.sensor_information.SensorInformation", "py/state": {"uid": "myenv.2", "value": 5, "space": "Discrete(100)", "value_ids": null}}, {"py/object": "palaestrai.agent.sensor_information.SensorInformation", "py/state": {"uid": "myenv.3", "value": 5, "space": "Discrete(100)", "value_ids": null}}, {"py/object": "palaestrai.agent.sensor_information.SensorInformation", "py/state": {"uid": "myenv.4", "value": 5, "space": "Discrete(100)", "value_ids": null}}]','[{"py/object": "palaestrai.agent.actuator_information.ActuatorInformation", "py/state": {"uid": "myenv.0", "value": 9, "space": "Discrete(100)", "value_ids": null}}, {"py/object": "palaestrai.agent.actuator_information.ActuatorInformation", "py/state": {"uid": "myenv.1", "value": 9, "space": "Discrete(100)", "value_ids": null}}, {"py/object": "palaestrai.agent.actuator_information.ActuatorInformation", "py/state": {"uid": "myenv.2", "value": 9, "space": "Discrete(100)", "value_ids": null}}, {"py/object": "palaestrai.agent.actuator_information.ActuatorInformation", "py/state": {"uid": "myenv.3", "value": 9, "space": "Discrete(100)", "value_ids": null}}, {"py/object": "palaestrai.agent.actuator_information.ActuatorInformation", "py/state": {"uid": "myenv.4", "value": 9, "space": "Discrete(100)", "value_ids": null}}]','[{"py/object": "palaestrai.agent.reward_information.RewardInformation", "py/state": {"uid": "Reward", "value": 7, "space": "Discrete(9000)"}}]',0.0);
INSERT INTO muscle_actions VALUES(21,'2023-11-02 10:52:56.576811',2,'{"py/object": "collections.defaultdict", "default_factory": {"py/type": "palaestrai.types.simtime.SimTime"}, "midas_powergrid": {"py/object": "palaestrai.types.simtime.SimTime", "simtime_ticks": 307380, "simtime_timestamp": {"py/object": "datetime.datetime", "__reduce__": [{"py/type": "datetime.datetime"}, ["B+QBHQoXAAAAAA==", {"py/reduce": [{"py/type": "datetime.timezone"}, {"py/tuple": [{"py/reduce": [{"py/type": "datetime.timedelta"}, {"py/tuple": [0, 3600, 0]}]}]}]}]]}}}','[{"py/object": "palaestrai.agent.sensor_information.SensorInformation", "py/state": {"uid": "myenv.5", "value": 6, "space": "Discrete(100)", "value_ids": null}}, {"py/object": "palaestrai.agent.sensor_information.SensorInformation", "py/state": {"uid": "myenv.6", "value": 6, "space": "Discrete(100)", "value_ids": null}}, {"py/object": "palaestrai.agent.sensor_information.SensorInformation", "py/state": {"uid": "myenv.7", "value": 6, "space": "Discrete(100)", "value_ids": null}}, {"py/object": "palaestrai.agent.sensor_information.SensorInformation", "py/state": {"uid": "myenv.8", "value": 6, "space": "Discrete(100)", "value_ids": null}}, {"py/object": "palaestrai.agent.sensor_information.SensorInformation", "py/state": {"uid": "myenv.9", "value": 6, "space": "Discrete(100)", "value_ids": null}}]','[{"py/object": "palaestrai.agent.actuator_information.ActuatorInformation", "py/state": {"uid": "myenv.5", "value": 8, "space": "Discrete(100)", "value_ids": null}}, {"py/object": "palaestrai.agent.actuator_information.ActuatorInformation", "py/state": {"uid": "myenv.6", "value": 8, "space": "Discrete(100)", "value_ids": null}}, {"py/object": "palaestrai.agent.actuator_information.ActuatorInformation", "py/state": {"uid": "myenv.7", "value": 8, "space": "Discrete(100)", "value_ids": null}}, {"py/object": "palaestrai.agent.actuator_information.ActuatorInformation", "py/state": {"uid": "myenv.8", "value": 8, "space": "Discrete(100)", "value_ids": null}}, {"py/object": "palaestrai.agent.actuator_information.ActuatorInformation", "py/state": {"uid": "myenv.9", "value": 8, "space": "Discrete(100)", "value_ids": null}}]','[{"py/object": "palaestrai.agent.reward_information.RewardInformation", "py/state": {"uid": "Reward", "value": 8, "space": "Discrete(9000)"}}]',0.0);
INSERT INTO muscle_actions VALUES(22,'2023-11-02 10:52:56.654768',1,'{"py/object": "collections.defaultdict", "default_factory": {"py/type": "palaestrai.types.simtime.SimTime"}, "midas_powergrid": {"py/object": "palaestrai.types.simtime.SimTime", "simtime_ticks": 307440, "simtime_timestamp": {"py/object": "datetime.datetime", "__reduce__": [{"py/type": "datetime.datetime"}, ["B+QBHQoYAAAAAA==", {"py/reduce": [{"py/type": "datetime.timezone"}, {"py/tuple": [{"py/reduce": [{"py/type": "datetime.timedelta"}, {"py/tuple": [0, 3600, 0]}]}]}]}]]}}}','[{"py/object": "palaestrai.agent.sensor_information.SensorInformation", "py/state": {"uid": "myenv.0", "value": 7, "space": "Discrete(100)", "value_ids": null}}, {"py/object": "palaestrai.agent.sensor_information.SensorInformation", "py/state": {"uid": "myenv.1", "value": 7, "space": "Discrete(100)", "value_ids": null}}, {"py/object": "palaestrai.agent.sensor_information.SensorInformation", "py/state": {"uid": "myenv.2", "value": 7, "space": "Discrete(100)", "value_ids": null}}, {"py/object": "palaestrai.agent.sensor_information.SensorInformation", "py/state": {"uid": "myenv.3", "value": 7, "space": "Discrete(100)", "value_ids": null}}, {"py/object": "palaestrai.agent.sensor_information.SensorInformation", "py/state": {"uid": "myenv.4", "value": 7, "space": "Discrete(100)", "value_ids": null}}]','[{"py/object": "palaestrai.agent.actuator_information.ActuatorInformation", "py/state": {"uid": "myenv.0", "value": 10, "space": "Discrete(100)", "value_ids": null}}, {"py/object": "palaestrai.agent.actuator_information.ActuatorInformation", "py/state": {"uid": "myenv.1", "value": 10, "space": "Discrete(100)", "value_ids": null}}, {"py/object": "palaestrai.agent.actuator_information.ActuatorInformation", "py/state": {"uid": "myenv.2", "value": 10, "space": "Discrete(100)", "value_ids": null}}, {"py/object": "palaestrai.agent.actuator_information.ActuatorInformation", "py/state": {"uid": "myenv.3", "value": 10, "space": "Discrete(100)", "value_ids": null}}, {"py/object": "palaestrai.agent.actuator_information.ActuatorInformation", "py/state": {"uid": "myenv.4", "value": 10, "space": "Discrete(100)", "value_ids": null}}]','[{"py/object": "palaestrai.agent.reward_information.RewardInformation", "py/state": {"uid": "Reward", "value": 9, "space": "Discrete(9000)"}}]',0.0);
INSERT INTO muscle_actions VALUES(23,'2023-11-02 10:52:56.822018',1,'{"py/object": "collections.defaultdict", "default_factory": {"py/type": "palaestrai.types.simtime.SimTime"}, "midas_powergrid": {"py/object": "palaestrai.types.simtime.SimTime", "simtime_ticks": 307500, "simtime_timestamp": {"py/object": "datetime.datetime", "__reduce__": [{"py/type": "datetime.datetime"}, ["B+QBHQoZAAAAAA==", {"py/reduce": [{"py/type": "datetime.timezone"}, {"py/tuple": [{"py/reduce": [{"py/type": "datetime.timedelta"}, {"py/tuple": [0, 3600, 0]}]}]}]}]]}}}','[{"py/object": "palaestrai.agent.sensor_information.SensorInformation", "py/state": {"uid": "myenv.0", "value": 9, "space": "Discrete(100)", "value_ids": null}}, {"py/object": "palaestrai.agent.sensor_information.SensorInformation", "py/state": {"uid": "myenv.1", "value": 9, "space": "Discrete(100)", "value_ids": null}}, {"py/object": "palaestrai.agent.sensor_information.SensorInformation", "py/state": {"uid": "myenv.2", "value": 9, "space": "Discrete(100)", "value_ids": null}}, {"py/object": "palaestrai.agent.sensor_information.SensorInformation", "py/state": {"uid": "myenv.3", "value": 9, "space": "Discrete(100)", "value_ids": null}}, {"py/object": "palaestrai.agent.sensor_information.SensorInformation", "py/state": {"uid": "myenv.4", "value": 9, "space": "Discrete(100)", "value_ids": null}}]','[{"py/object": "palaestrai.agent.actuator_information.ActuatorInformation", "py/state": {"uid": "myenv.0", "value": 11, "space": "Discrete(100)", "value_ids": null}}, {"py/object": "palaestrai.agent.actuator_information.ActuatorInformation", "py/state": {"uid": "myenv.1", "value": 11, "space": "Discrete(100)", "value_ids": null}}, {"py/object": "palaestrai.agent.actuator_information.ActuatorInformation", "py/state": {"uid": "myenv.2", "value": 11, "space": "Discrete(100)", "value_ids": null}}, {"py/object": "palaestrai.agent.actuator_information.ActuatorInformation", "py/state": {"uid": "myenv.3", "value": 11, "space": "Discrete(100)", "value_ids": null}}, {"py/object": "palaestrai.agent.actuator_information.ActuatorInformation", "py/state": {"uid": "myenv.4", "value": 11, "space": "Discrete(100)", "value_ids": null}}]','[{"py/object": "palaestrai.agent.reward_information.RewardInformation", "py/state": {"uid": "Reward", "value": 9, "space": "Discrete(9000)"}}]',0.0);
INSERT INTO muscle_actions VALUES(24,'2023-11-02 10:52:56.743960',2,'{"py/object": "collections.defaultdict", "default_factory": {"py/type": "palaestrai.types.simtime.SimTime"}, "midas_powergrid": {"py/object": "palaestrai.types.simtime.SimTime", "simtime_ticks": 307560, "simtime_timestamp": {"py/object": "datetime.datetime", "__reduce__": [{"py/type": "datetime.datetime"}, ["B+QBHQoaAAAAAA==", {"py/reduce": [{"py/type": "datetime.timezone"}, {"py/tuple": [{"py/reduce": [{"py/type": "datetime.timedelta"}, {"py/tuple": [0, 3600, 0]}]}]}]}]]}}}','[{"py/object": "palaestrai.agent.sensor_information.SensorInformation", "py/state": {"uid": "myenv.5", "value": 8, "space": "Discrete(100)", "value_ids": null}}, {"py/object": "palaestrai.agent.sensor_information.SensorInformation", "py/state": {"uid": "myenv.6", "value": 8, "space": "Discrete(100)", "value_ids": null}}, {"py/object": "palaestrai.agent.sensor_information.SensorInformation", "py/state": {"uid": "myenv.7", "value": 8, "space": "Discrete(100)", "value_ids": null}}, {"py/object": "palaestrai.agent.sensor_information.SensorInformation", "py/state": {"uid": "myenv.8", "value": 8, "space": "Discrete(100)", "value_ids": null}}, {"py/object": "palaestrai.agent.sensor_information.SensorInformation", "py/state": {"uid": "myenv.9", "value": 8, "space": "Discrete(100)", "value_ids": null}}]','[{"py/object": "palaestrai.agent.actuator_information.ActuatorInformation", "py/state": {"uid": "myenv.5", "value": 9, "space": "Discrete(100)", "value_ids": null}}, {"py/object": "palaestrai.agent.actuator_information.ActuatorInformation", "py/state": {"uid": "myenv.6", "value": 9, "space": "Discrete(100)", "value_ids": null}}, {"py/object": "palaestrai.agent.actuator_information.ActuatorInformation", "py/state": {"uid": "myenv.7", "value": 9, "space": "Discrete(100)", "value_ids": null}}, {"py/object": "palaestrai.agent.actuator_information.ActuatorInformation", "py/state": {"uid": "myenv.8", "value": 9, "space": "Discrete(100)", "value_ids": null}}, {"py/object": "palaestrai.agent.actuator_information.ActuatorInformation", "py/state": {"uid": "myenv.9", "value": 9, "space": "Discrete(100)", "value_ids": null}}]','[{"py/object": "palaestrai.agent.reward_information.RewardInformation", "py/state": {"uid": "Reward", "value": 9, "space": "Discrete(9000)"}}]',0.0);
INSERT INTO muscle_actions VALUES(25,'2023-11-02 10:53:14.637318',3,'{"py/object": "collections.defaultdict", "default_factory": {"py/type": "palaestrai.types.simtime.SimTime"}, "midas_powergrid": {"py/object": "palaestrai.types.simtime.SimTime", "simtime_ticks": 307620, "simtime_timestamp": {"py/object": "datetime.datetime", "__reduce__": [{"py/type": "datetime.datetime"}, ["B+QBHQobAAAAAA==", {"py/reduce": [{"py/type": "datetime.timezone"}, {"py/tuple": [{"py/reduce": [{"py/type": "datetime.timedelta"}, {"py/tuple": [0, 3600, 0]}]}]}]}]]}}}','[{"py/object": "palaestrai.agent.sensor_information.SensorInformation", "py/state": {"uid": "myenv.0", "value": 0, "space": "Discrete(100)", "value_ids": null}}, {"py/object": "palaestrai.agent.sensor_information.SensorInformation", "py/state": {"uid": "myenv.1", "value": 0, "space": "Discrete(100)", "value_ids": null}}, {"py/object": "palaestrai.agent.sensor_information.SensorInformation", "py/state": {"uid": "myenv.2", "value": 0, "space": "Discrete(100)", "value_ids": null}}, {"py/object": "palaestrai.agent.sensor_information.SensorInformation", "py/state": {"uid": "myenv.3", "value": 0, "space": "Discrete(100)", "value_ids": null}}, {"py/object": "palaestrai.agent.sensor_information.SensorInformation", "py/state": {"uid": "myenv.4", "value": 0, "space": "Discrete(100)", "value_ids": null}}]','[{"py/object": "palaestrai.agent.actuator_information.ActuatorInformation", "py/state": {"uid": "myenv.0", "value": 0, "space": "Discrete(100)", "value_ids": null}}, {"py/object": "palaestrai.agent.actuator_information.ActuatorInformation", "py/state": {"uid": "myenv.1", "value": 0, "space": "Discrete(100)", "value_ids": null}}, {"py/object": "palaestrai.agent.actuator_information.ActuatorInformation", "py/state": {"uid": "myenv.2", "value": 0, "space": "Discrete(100)", "value_ids": null}}, {"py/object": "palaestrai.agent.actuator_information.ActuatorInformation", "py/state": {"uid": "myenv.3", "value": 0, "space": "Discrete(100)", "value_ids": null}}, {"py/object": "palaestrai.agent.actuator_information.ActuatorInformation", "py/state": {"uid": "myenv.4", "value": 0, "space": "Discrete(100)", "value_ids": null}}]','[{"py/object": "palaestrai.agent.reward_information.RewardInformation", "py/state": {"uid": "Reward", "value": 1, "space": "Discrete(9000)"}}]',0.0);
INSERT INTO muscle_actions VALUES(26,'2023-11-02 10:53:20.621474',4,'{"py/object": "collections.defaultdict", "default_factory": {"py/type": "palaestrai.types.simtime.SimTime"}, "midas_powergrid": {"py/object": "palaestrai.types.simtime.SimTime", "simtime_ticks": 307680, "simtime_timestamp": {"py/object": "datetime.datetime", "__reduce__": [{"py/type": "datetime.datetime"}, ["B+QBHQocAAAAAA==", {"py/reduce": [{"py/type": "datetime.timezone"}, {"py/tuple": [{"py/reduce": [{"py/type": "datetime.timedelta"}, {"py/tuple": [0, 3600, 0]}]}]}]}]]}}}','[{"py/object": "palaestrai.agent.sensor_information.SensorInformation", "py/state": {"uid": "myenv.5", "value": 0, "space": "Discrete(100)", "value_ids": null}}, {"py/object": "palaestrai.agent.sensor_information.SensorInformation", "py/state": {"uid": "myenv.6", "value": 0, "space": "Discrete(100)", "value_ids": null}}, {"py/object": "palaestrai.agent.sensor_information.SensorInformation", "py/state": {"uid": "myenv.7", "value": 0, "space": "Discrete(100)", "value_ids": null}}, {"py/object": "palaestrai.agent.sensor_information.SensorInformation", "py/state": {"uid": "myenv.8", "value": 0, "space": "Discrete(100)", "value_ids": null}}, {"py/object": "palaestrai.agent.sensor_information.SensorInformation", "py/state": {"uid": "myenv.9", "value": 0, "space": "Discrete(100)", "value_ids": null}}]','[{"py/object": "palaestrai.agent.actuator_information.ActuatorInformation", "py/state": {"uid": "myenv.5", "value": 0, "space": "Discrete(100)", "value_ids": null}}, {"py/object": "palaestrai.agent.actuator_information.ActuatorInformation", "py/state": {"uid": "myenv.6", "value": 0, "space": "Discrete(100)", "value_ids": null}}, {"py/object": "palaestrai.agent.actuator_information.ActuatorInformation", "py/state": {"uid": "myenv.7", "value": 0, "space": "Discrete(100)", "value_ids": null}}, {"py/object": "palaestrai.agent.actuator_information.ActuatorInformation", "py/state": {"uid": "myenv.8", "value": 0, "space": "Discrete(100)", "value_ids": null}}, {"py/object": "palaestrai.agent.actuator_information.ActuatorInformation", "py/state": {"uid": "myenv.9", "value": 0, "space": "Discrete(100)", "value_ids": null}}]','[{"py/object": "palaestrai.agent.reward_information.RewardInformation", "py/state": {"uid": "Reward", "value": 2, "space": "Discrete(9000)"}}]',0.0);
INSERT INTO muscle_actions VALUES(27,'2023-11-02 10:53:20.633317',3,'{"py/object": "collections.defaultdict", "default_factory": {"py/type": "palaestrai.types.simtime.SimTime"}, "midas_powergrid": {"py/object": "palaestrai.types.simtime.SimTime", "simtime_ticks": 307740, "simtime_timestamp": {"py/object": "datetime.datetime", "__reduce__": [{"py/type": "datetime.datetime"}, ["B+QBHQodAAAAAA==", {"py/reduce": [{"py/type": "datetime.timezone"}, {"py/tuple": [{"py/reduce": [{"py/type": "datetime.timedelta"}, {"py/tuple": [0, 3600, 0]}]}]}]}]]}}}','[{"py/object": "palaestrai.agent.sensor_information.SensorInformation", "py/state": {"uid": "myenv.0", "value": 1, "space": "Discrete(100)", "value_ids": null}}, {"py/object": "palaestrai.agent.sensor_information.SensorInformation", "py/state": {"uid": "myenv.1", "value": 1, "space": "Discrete(100)", "value_ids": null}}, {"py/object": "palaestrai.agent.sensor_information.SensorInformation", "py/state": {"uid": "myenv.2", "value": 1, "space": "Discrete(100)", "value_ids": null}}, {"py/object": "palaestrai.agent.sensor_information.SensorInformation", "py/state": {"uid": "myenv.3", "value": 1, "space": "Discrete(100)", "value_ids": null}}, {"py/object": "palaestrai.agent.sensor_information.SensorInformation", "py/state": {"uid": "myenv.4", "value": 1, "space": "Discrete(100)", "value_ids": null}}]','[{"py/object": "palaestrai.agent.actuator_information.ActuatorInformation", "py/state": {"uid": "myenv.0", "value": 1, "space": "Discrete(100)", "value_ids": null}}, {"py/object": "palaestrai.agent.actuator_information.ActuatorInformation", "py/state": {"uid": "myenv.1", "value": 1, "space": "Discrete(100)", "value_ids": null}}, {"py/object": "palaestrai.agent.actuator_information.ActuatorInformation", "py/state": {"uid": "myenv.2", "value": 1, "space": "Discrete(100)", "value_ids": null}}, {"py/object": "palaestrai.agent.actuator_information.ActuatorInformation", "py/state": {"uid": "myenv.3", "value": 1, "space": "Discrete(100)", "value_ids": null}}, {"py/object": "palaestrai.agent.actuator_information.ActuatorInformation", "py/state": {"uid": "myenv.4", "value": 1, "space": "Discrete(100)", "value_ids": null}}]','[{"py/object": "palaestrai.agent.reward_information.RewardInformation", "py/state": {"uid": "Reward", "value": 3, "space": "Discrete(9000)"}}]',0.0);
INSERT INTO muscle_actions VALUES(28,'2023-11-02 10:53:20.646953',4,'{"py/object": "collections.defaultdict", "default_factory": {"py/type": "palaestrai.types.simtime.SimTime"}, "midas_powergrid": {"py/object": "palaestrai.types.simtime.SimTime", "simtime_ticks": 307800, "simtime_timestamp": {"py/object": "datetime.datetime", "__reduce__": [{"py/type": "datetime.datetime"}, ["B+QBHQoeAAAAAA==", {"py/reduce": [{"py/type": "datetime.timezone"}, {"py/tuple": [{"py/reduce": [{"py/type": "datetime.timedelta"}, {"py/tuple": [0, 3600, 0]}]}]}]}]]}}}','[{"py/object": "palaestrai.agent.sensor_information.SensorInformation", "py/state": {"uid": "myenv.5", "value": 2, "space": "Discrete(100)", "value_ids": null}}, {"py/object": "palaestrai.agent.sensor_information.SensorInformation", "py/state": {"uid": "myenv.6", "value": 2, "space": "Discrete(100)", "value_ids": null}}, {"py/object": "palaestrai.agent.sensor_information.SensorInformation", "py/state": {"uid": "myenv.7", "value": 2, "space": "Discrete(100)", "value_ids": null}}, {"py/object": "palaestrai.agent.sensor_information.SensorInformation", "py/state": {"uid": "myenv.8", "value": 2, "space": "Discrete(100)", "value_ids": null}}, {"py/object": "palaestrai.agent.sensor_information.SensorInformation", "py/state": {"uid": "myenv.9", "value": 2, "space": "Discrete(100)", "value_ids": null}}]','[{"py/object": "palaestrai.agent.actuator_information.ActuatorInformation", "py/state": {"uid": "myenv.5", "value": 1, "space": "Discrete(100)", "value_ids": null}}, {"py/object": "palaestrai.agent.actuator_information.ActuatorInformation", "py/state": {"uid": "myenv.6", "value": 1, "space": "Discrete(100)", "value_ids": null}}, {"py/object": "palaestrai.agent.actuator_information.ActuatorInformation", "py/state": {"uid": "myenv.7", "value": 1, "space": "Discrete(100)", "value_ids": null}}, {"py/object": "palaestrai.agent.actuator_information.ActuatorInformation", "py/state": {"uid": "myenv.8", "value": 1, "space": "Discrete(100)", "value_ids": null}}, {"py/object": "palaestrai.agent.actuator_information.ActuatorInformation", "py/state": {"uid": "myenv.9", "value": 1, "space": "Discrete(100)", "value_ids": null}}]','[{"py/object": "palaestrai.agent.reward_information.RewardInformation", "py/state": {"uid": "Reward", "value": 4, "space": "Discrete(9000)"}}]',0.0);
INSERT INTO muscle_actions VALUES(29,'2023-11-02 10:53:20.659926',3,'{"py/object": "collections.defaultdict", "default_factory": {"py/type": "palaestrai.types.simtime.SimTime"}, "midas_powergrid": {"py/object": "palaestrai.types.simtime.SimTime", "simtime_ticks": 307860, "simtime_timestamp": {"py/object": "datetime.datetime", "__reduce__": [{"py/type": "datetime.datetime"}, ["B+QBHQofAAAAAA==", {"py/reduce": [{"py/type": "datetime.timezone"}, {"py/tuple": [{"py/reduce": [{"py/type": "datetime.timedelta"}, {"py/tuple": [0, 3600, 0]}]}]}]}]]}}}','[{"py/object": "palaestrai.agent.sensor_information.SensorInformation", "py/state": {"uid": "myenv.0", "value": 3, "space": "Discrete(100)", "value_ids": null}}, {"py/object": "palaestrai.agent.sensor_information.SensorInformation", "py/state": {"uid": "myenv.1", "value": 3, "space": "Discrete(100)", "value_ids": null}}, {"py/object": "palaestrai.agent.sensor_information.SensorInformation", "py/state": {"uid": "myenv.2", "value": 3, "space": "Discrete(100)", "value_ids": null}}, {"py/object": "palaestrai.agent.sensor_information.SensorInformation", "py/state": {"uid": "myenv.3", "value": 3, "space": "Discrete(100)", "value_ids": null}}, {"py/object": "palaestrai.agent.sensor_information.SensorInformation", "py/state": {"uid": "myenv.4", "value": 3, "space": "Discrete(100)", "value_ids": null}}]','[{"py/object": "palaestrai.agent.actuator_information.ActuatorInformation", "py/state": {"uid": "myenv.0", "value": 2, "space": "Discrete(100)", "value_ids": null}}, {"py/object": "palaestrai.agent.actuator_information.ActuatorInformation", "py/state": {"uid": "myenv.1", "value": 2, "space": "Discrete(100)", "value_ids": null}}, {"py/object": "palaestrai.agent.actuator_information.ActuatorInformation", "py/state": {"uid": "myenv.2", "value": 2, "space": "Discrete(100)", "value_ids": null}}, {"py/object": "palaestrai.agent.actuator_information.ActuatorInformation", "py/state": {"uid": "myenv.3", "value": 2, "space": "Discrete(100)", "value_ids": null}}, {"py/object": "palaestrai.agent.actuator_information.ActuatorInformation", "py/state": {"uid": "myenv.4", "value": 2, "space": "Discrete(100)", "value_ids": null}}]','[{"py/object": "palaestrai.agent.reward_information.RewardInformation", "py/state": {"uid": "Reward", "value": 5, "space": "Discrete(9000)"}}]',0.0);
INSERT INTO muscle_actions VALUES(30,'2023-11-02 10:53:20.674086',4,'{"py/object": "collections.defaultdict", "default_factory": {"py/type": "palaestrai.types.simtime.SimTime"}, "midas_powergrid": {"py/object": "palaestrai.types.simtime.SimTime", "simtime_ticks": 307920, "simtime_timestamp": {"py/object": "datetime.datetime", "__reduce__": [{"py/type": "datetime.datetime"}, ["B+QBHQogAAAAAA==", {"py/reduce": [{"py/type": "datetime.timezone"}, {"py/tuple": [{"py/reduce": [{"py/type": "datetime.timedelta"}, {"py/tuple": [0, 3600, 0]}]}]}]}]]}}}','[{"py/object": "palaestrai.agent.sensor_information.SensorInformation", "py/state": {"uid": "myenv.5", "value": 4, "space": "Discrete(100)", "value_ids": null}}, {"py/object": "palaestrai.agent.sensor_information.SensorInformation", "py/state": {"uid": "myenv.6", "value": 4, "space": "Discrete(100)", "value_ids": null}}, {"py/object": "palaestrai.agent.sensor_information.SensorInformation", "py/state": {"uid": "myenv.7", "value": 4, "space": "Discrete(100)", "value_ids": null}}, {"py/object": "palaestrai.agent.sensor_information.SensorInformation", "py/state": {"uid": "myenv.8", "value": 4, "space": "Discrete(100)", "value_ids": null}}, {"py/object": "palaestrai.agent.sensor_information.SensorInformation", "py/state": {"uid": "myenv.9", "value": 4, "space": "Discrete(100)", "value_ids": null}}]','[{"py/object": "palaestrai.agent.actuator_information.ActuatorInformation", "py/state": {"uid": "myenv.5", "value": 2, "space": "Discrete(100)", "value_ids": null}}, {"py/object": "palaestrai.agent.actuator_information.ActuatorInformation", "py/state": {"uid": "myenv.6", "value": 2, "space": "Discrete(100)", "value_ids": null}}, {"py/object": "palaestrai.agent.actuator_information.ActuatorInformation", "py/state": {"uid": "myenv.7", "value": 2, "space": "Discrete(100)", "value_ids": null}}, {"py/object": "palaestrai.agent.actuator_information.ActuatorInformation", "py/state": {"uid": "myenv.8", "value": 2, "space": "Discrete(100)", "value_ids": null}}, {"py/object": "palaestrai.agent.actuator_information.ActuatorInformation", "py/state": {"uid": "myenv.9", "value": 2, "space": "Discrete(100)", "value_ids": null}}]','[{"py/object": "palaestrai.agent.reward_information.RewardInformation", "py/state": {"uid": "Reward", "value": 6, "space": "Discrete(9000)"}}]',0.0);
INSERT INTO muscle_actions VALUES(31,'2023-11-02 10:53:20.688967',3,'{"py/object": "collections.defaultdict", "default_factory": {"py/type": "palaestrai.types.simtime.SimTime"}, "midas_powergrid": {"py/object": "palaestrai.types.simtime.SimTime", "simtime_ticks": 307980, "simtime_timestamp": {"py/object": "datetime.datetime", "__reduce__": [{"py/type": "datetime.datetime"}, ["B+QBHQohAAAAAA==", {"py/reduce": [{"py/type": "datetime.timezone"}, {"py/tuple": [{"py/reduce": [{"py/type": "datetime.timedelta"}, {"py/tuple": [0, 3600, 0]}]}]}]}]]}}}','[{"py/object": "palaestrai.agent.sensor_information.SensorInformation", "py/state": {"uid": "myenv.0", "value": 5, "space": "Discrete(100)", "value_ids": null}}, {"py/object": "palaestrai.agent.sensor_information.SensorInformation", "py/state": {"uid": "myenv.1", "value": 5, "space": "Discrete(100)", "value_ids": null}}, {"py/object": "palaestrai.agent.sensor_information.SensorInformation", "py/state": {"uid": "myenv.2", "value": 5, "space": "Discrete(100)", "value_ids": null}}, {"py/object": "palaestrai.agent.sensor_information.SensorInformation", "py/state": {"uid": "myenv.3", "value": 5, "space": "Discrete(100)", "value_ids": null}}, {"py/object": "palaestrai.agent.sensor_information.SensorInformation", "py/state": {"uid": "myenv.4", "value": 5, "space": "Discrete(100)", "value_ids": null}}]','[{"py/object": "palaestrai.agent.actuator_information.ActuatorInformation", "py/state": {"uid": "myenv.0", "value": 3, "space": "Discrete(100)", "value_ids": null}}, {"py/object": "palaestrai.agent.actuator_information.ActuatorInformation", "py/state": {"uid": "myenv.1", "value": 3, "space": "Discrete(100)", "value_ids": null}}, {"py/object": "palaestrai.agent.actuator_information.ActuatorInformation", "py/state": {"uid": "myenv.2", "value": 3, "space": "Discrete(100)", "value_ids": null}}, {"py/object": "palaestrai.agent.actuator_information.ActuatorInformation", "py/state": {"uid": "myenv.3", "value": 3, "space": "Discrete(100)", "value_ids": null}}, {"py/object": "palaestrai.agent.actuator_information.ActuatorInformation", "py/state": {"uid": "myenv.4", "value": 3, "space": "Discrete(100)", "value_ids": null}}]','[{"py/object": "palaestrai.agent.reward_information.RewardInformation", "py/state": {"uid": "Reward", "value": 7, "space": "Discrete(9000)"}}]',0.0);
INSERT INTO muscle_actions VALUES(32,'2023-11-02 10:53:20.698317',4,'{"py/object": "collections.defaultdict", "default_factory": {"py/type": "palaestrai.types.simtime.SimTime"}, "midas_powergrid": {"py/object": "palaestrai.types.simtime.SimTime", "simtime_ticks": 308040, "simtime_timestamp": {"py/object": "datetime.datetime", "__reduce__": [{"py/type": "datetime.datetime"}, ["B+QBHQoiAAAAAA==", {"py/reduce": [{"py/type": "datetime.timezone"}, {"py/tuple": [{"py/reduce": [{"py/type": "datetime.timedelta"}, {"py/tuple": [0, 3600, 0]}]}]}]}]]}}}','[{"py/object": "palaestrai.agent.sensor_information.SensorInformation", "py/state": {"uid": "myenv.5", "value": 6, "space": "Discrete(100)", "value_ids": null}}, {"py/object": "palaestrai.agent.sensor_information.SensorInformation", "py/state": {"uid": "myenv.6", "value": 6, "space": "Discrete(100)", "value_ids": null}}, {"py/object": "palaestrai.agent.sensor_information.SensorInformation", "py/state": {"uid": "myenv.7", "value": 6, "space": "Discrete(100)", "value_ids": null}}, {"py/object": "palaestrai.agent.sensor_information.SensorInformation", "py/state": {"uid": "myenv.8", "value": 6, "space": "Discrete(100)", "value_ids": null}}, {"py/object": "palaestrai.agent.sensor_information.SensorInformation", "py/state": {"uid": "myenv.9", "value": 6, "space": "Discrete(100)", "value_ids": null}}]','[{"py/object": "palaestrai.agent.actuator_information.ActuatorInformation", "py/state": {"uid": "myenv.5", "value": 3, "space": "Discrete(100)", "value_ids": null}}, {"py/object": "palaestrai.agent.actuator_information.ActuatorInformation", "py/state": {"uid": "myenv.6", "value": 3, "space": "Discrete(100)", "value_ids": null}}, {"py/object": "palaestrai.agent.actuator_information.ActuatorInformation", "py/state": {"uid": "myenv.7", "value": 3, "space": "Discrete(100)", "value_ids": null}}, {"py/object": "palaestrai.agent.actuator_information.ActuatorInformation", "py/state": {"uid": "myenv.8", "value": 3, "space": "Discrete(100)", "value_ids": null}}, {"py/object": "palaestrai.agent.actuator_information.ActuatorInformation", "py/state": {"uid": "myenv.9", "value": 3, "space": "Discrete(100)", "value_ids": null}}]','[{"py/object": "palaestrai.agent.reward_information.RewardInformation", "py/state": {"uid": "Reward", "value": 8, "space": "Discrete(9000)"}}]',0.0);
INSERT INTO muscle_actions VALUES(33,'2023-11-02 10:53:20.708917',3,'{"py/object": "collections.defaultdict", "default_factory": {"py/type": "palaestrai.types.simtime.SimTime"}, "midas_powergrid": {"py/object": "palaestrai.types.simtime.SimTime", "simtime_ticks": 308100, "simtime_timestamp": {"py/object": "datetime.datetime", "__reduce__": [{"py/type": "datetime.datetime"}, ["B+QBHQojAAAAAA==", {"py/reduce": [{"py/type": "datetime.timezone"}, {"py/tuple": [{"py/reduce": [{"py/type": "datetime.timedelta"}, {"py/tuple": [0, 3600, 0]}]}]}]}]]}}}','[{"py/object": "palaestrai.agent.sensor_information.SensorInformation", "py/state": {"uid": "myenv.0", "value": 7, "space": "Discrete(100)", "value_ids": null}}, {"py/object": "palaestrai.agent.sensor_information.SensorInformation", "py/state": {"uid": "myenv.1", "value": 7, "space": "Discrete(100)", "value_ids": null}}, {"py/object": "palaestrai.agent.sensor_information.SensorInformation", "py/state": {"uid": "myenv.2", "value": 7, "space": "Discrete(100)", "value_ids": null}}, {"py/object": "palaestrai.agent.sensor_information.SensorInformation", "py/state": {"uid": "myenv.3", "value": 7, "space": "Discrete(100)", "value_ids": null}}, {"py/object": "palaestrai.agent.sensor_information.SensorInformation", "py/state": {"uid": "myenv.4", "value": 7, "space": "Discrete(100)", "value_ids": null}}]','[{"py/object": "palaestrai.agent.actuator_information.ActuatorInformation", "py/state": {"uid": "myenv.0", "value": 4, "space": "Discrete(100)", "value_ids": null}}, {"py/object": "palaestrai.agent.actuator_information.ActuatorInformation", "py/state": {"uid": "myenv.1", "value": 4, "space": "Discrete(100)", "value_ids": null}}, {"py/object": "palaestrai.agent.actuator_information.ActuatorInformation", "py/state": {"uid": "myenv.2", "value": 4, "space": "Discrete(100)", "value_ids": null}}, {"py/object": "palaestrai.agent.actuator_information.ActuatorInformation", "py/state": {"uid": "myenv.3", "value": 4, "space": "Discrete(100)", "value_ids": null}}, {"py/object": "palaestrai.agent.actuator_information.ActuatorInformation", "py/state": {"uid": "myenv.4", "value": 4, "space": "Discrete(100)", "value_ids": null}}]','[{"py/object": "palaestrai.agent.reward_information.RewardInformation", "py/state": {"uid": "Reward", "value": 9, "space": "Discrete(9000)"}}]',0.0);
INSERT INTO muscle_actions VALUES(34,'2023-11-02 10:53:20.733880',3,'{"py/object": "collections.defaultdict", "default_factory": {"py/type": "palaestrai.types.simtime.SimTime"}, "midas_powergrid": {"py/object": "palaestrai.types.simtime.SimTime", "simtime_ticks": 308160, "simtime_timestamp": {"py/object": "datetime.datetime", "__reduce__": [{"py/type": "datetime.datetime"}, ["B+QBHQokAAAAAA==", {"py/reduce": [{"py/type": "datetime.timezone"}, {"py/tuple": [{"py/reduce": [{"py/type": "datetime.timedelta"}, {"py/tuple": [0, 3600, 0]}]}]}]}]]}}}','[{"py/object": "palaestrai.agent.sensor_information.SensorInformation", "py/state": {"uid": "myenv.0", "value": 9, "space": "Discrete(100)", "value_ids": null}}, {"py/object": "palaestrai.agent.sensor_information.SensorInformation", "py/state": {"uid": "myenv.1", "value": 9, "space": "Discrete(100)", "value_ids": null}}, {"py/object": "palaestrai.agent.sensor_information.SensorInformation", "py/state": {"uid": "myenv.2", "value": 9, "space": "Discrete(100)", "value_ids": null}}, {"py/object": "palaestrai.agent.sensor_information.SensorInformation", "py/state": {"uid": "myenv.3", "value": 9, "space": "Discrete(100)", "value_ids": null}}, {"py/object": "palaestrai.agent.sensor_information.SensorInformation", "py/state": {"uid": "myenv.4", "value": 9, "space": "Discrete(100)", "value_ids": null}}]','[{"py/object": "palaestrai.agent.actuator_information.ActuatorInformation", "py/state": {"uid": "myenv.0", "value": 5, "space": "Discrete(100)", "value_ids": null}}, {"py/object": "palaestrai.agent.actuator_information.ActuatorInformation", "py/state": {"uid": "myenv.1", "value": 5, "space": "Discrete(100)", "value_ids": null}}, {"py/object": "palaestrai.agent.actuator_information.ActuatorInformation", "py/state": {"uid": "myenv.2", "value": 5, "space": "Discrete(100)", "value_ids": null}}, {"py/object": "palaestrai.agent.actuator_information.ActuatorInformation", "py/state": {"uid": "myenv.3", "value": 5, "space": "Discrete(100)", "value_ids": null}}, {"py/object": "palaestrai.agent.actuator_information.ActuatorInformation", "py/state": {"uid": "myenv.4", "value": 5, "space": "Discrete(100)", "value_ids": null}}]','[{"py/object": "palaestrai.agent.reward_information.RewardInformation", "py/state": {"uid": "Reward", "value": 9, "space": "Discrete(9000)"}}]',0.0);
INSERT INTO muscle_actions VALUES(35,'2023-11-02 10:53:20.721821',4,'{"py/object": "collections.defaultdict", "default_factory": {"py/type": "palaestrai.types.simtime.SimTime"}, "midas_powergrid": {"py/object": "palaestrai.types.simtime.SimTime", "simtime_ticks": 308220, "simtime_timestamp": {"py/object": "datetime.datetime", "__reduce__": [{"py/type": "datetime.datetime"}, ["B+QBHQolAAAAAA==", {"py/reduce": [{"py/type": "datetime.timezone"}, {"py/tuple": [{"py/reduce": [{"py/type": "datetime.timedelta"}, {"py/tuple": [0, 3600, 0]}]}]}]}]]}}}','[{"py/object": "palaestrai.agent.sensor_information.SensorInformation", "py/state": {"uid": "myenv.5", "value": 8, "space": "Discrete(100)", "value_ids": null}}, {"py/object": "palaestrai.agent.sensor_information.SensorInformation", "py/state": {"uid": "myenv.6", "value": 8, "space": "Discrete(100)", "value_ids": null}}, {"py/object": "palaestrai.agent.sensor_information.SensorInformation", "py/state": {"uid": "myenv.7", "value": 8, "space": "Discrete(100)", "value_ids": null}}, {"py/object": "palaestrai.agent.sensor_information.SensorInformation", "py/state": {"uid": "myenv.8", "value": 8, "space": "Discrete(100)", "value_ids": null}}, {"py/object": "palaestrai.agent.sensor_information.SensorInformation", "py/state": {"uid": "myenv.9", "value": 8, "space": "Discrete(100)", "value_ids": null}}]','[{"py/object": "palaestrai.agent.actuator_information.ActuatorInformation", "py/state": {"uid": "myenv.5", "value": 4, "space": "Discrete(100)", "value_ids": null}}, {"py/object": "palaestrai.agent.actuator_information.ActuatorInformation", "py/state": {"uid": "myenv.6", "value": 4, "space": "Discrete(100)", "value_ids": null}}, {"py/object": "palaestrai.agent.actuator_information.ActuatorInformation", "py/state": {"uid": "myenv.7", "value": 4, "space": "Discrete(100)", "value_ids": null}}, {"py/object": "palaestrai.agent.actuator_information.ActuatorInformation", "py/state": {"uid": "myenv.8", "value": 4, "space": "Discrete(100)", "value_ids": null}}, {"py/object": "palaestrai.agent.actuator_information.ActuatorInformation", "py/state": {"uid": "myenv.9", "value": 4, "space": "Discrete(100)", "value_ids": null}}]','[{"py/object": "palaestrai.agent.reward_information.RewardInformation", "py/state": {"uid": "Reward", "value": 9, "space": "Discrete(9000)"}}]',0.0);
CREATE UNIQUE INDEX ix__experiments_id ON experiments (id);
CREATE UNIQUE INDEX ix__experiment_runs_id ON experiment_runs (id);
CREATE INDEX ix__experiment_runs_experiment_id ON experiment_runs (experiment_id);
CREATE UNIQUE INDEX ix__experiment_runs_uid ON experiment_runs (uid);
CREATE INDEX ix__experiment_run_instances_experiment_run_id ON experiment_run_instances (experiment_run_id);
CREATE UNIQUE INDEX ix__experiment_run_instances_uid ON experiment_run_instances (uid);
CREATE UNIQUE INDEX ix__experiment_run_instances_id ON experiment_run_instances (id);
CREATE UNIQUE INDEX ix__experiment_run_phases_id ON experiment_run_phases (id);
CREATE INDEX ix__experiment_run_phases_experiment_run_instance_id ON experiment_run_phases (experiment_run_instance_id);
CREATE INDEX ix__experiment_run_phases_uid ON experiment_run_phases (uid);
CREATE INDEX ix__environments_experiment_run_phase_id ON environments (experiment_run_phase_id);
CREATE UNIQUE INDEX ix__environments_id ON environments (id);
CREATE INDEX ix__environments_uid ON environments (uid);
CREATE UNIQUE INDEX ix__agents_id ON agents (id);
CREATE INDEX ix__agents_uid ON agents (uid);
CREATE UNIQUE INDEX ix__world_states_id ON world_states (id);
CREATE INDEX ix__world_states_environment_id ON world_states (environment_id);
CREATE UNIQUE INDEX ix__brain_states_id ON brain_states (id);
CREATE INDEX ix__brain_states_agent_id ON brain_states (agent_id);
CREATE INDEX ix__muscle_actions_agent_id ON muscle_actions (agent_id);
CREATE UNIQUE INDEX ix__muscle_actions_id ON muscle_actions (id);
COMMIT;
