Date,spread-selic-fed
2003-10-06,19.0
2003-10-07,19.0
2003-10-08,19.0
2003-10-09,19.0
2003-10-10,19.0
2003-10-13,19.0
2003-10-14,19.0
2003-10-15,19.0
2003-10-16,19.0
2003-10-17,19.0
2003-10-20,19.0
2003-10-21,19.0
2003-10-22,19.0
2003-10-23,18.0
2003-10-24,18.0
2003-10-27,18.0
2003-10-28,18.0
2003-10-29,18.0
2003-10-30,18.0
2003-10-31,18.0
2003-11-03,18.0
2003-11-04,18.0
2003-11-05,18.0
2003-11-06,18.0
2003-11-07,18.0
2003-11-10,18.0
2003-11-11,18.0
2003-11-12,18.0
2003-11-13,18.0
2003-11-14,18.0
2003-11-17,18.0
2003-11-18,18.0
2003-11-19,18.0
2003-11-20,16.5
2003-11-21,16.5
2003-11-24,16.5
2003-11-25,16.5
2003-11-26,16.5
2003-11-27,16.5
2003-11-28,16.5
2003-12-01,16.5
2003-12-02,16.5
2003-12-03,16.5
2003-12-04,16.5
2003-12-05,16.5
2003-12-08,16.5
2003-12-09,16.5
2003-12-10,16.5
2003-12-11,16.5
2003-12-12,16.5
2003-12-15,16.5
2003-12-16,16.5
2003-12-17,16.5
2003-12-18,15.5
2003-12-19,15.5
2003-12-22,15.5
2003-12-23,15.5
2003-12-24,15.5
2003-12-26,15.5
2003-12-29,15.5
2003-12-30,15.5
2003-12-31,15.5
2004-01-02,15.5
2004-01-05,15.5
2004-01-06,15.5
2004-01-07,15.5
2004-01-08,15.5
2004-01-09,15.5
2004-01-12,15.5
2004-01-13,15.5
2004-01-14,15.5
2004-01-15,15.5
2004-01-16,15.5
2004-01-19,15.5
2004-01-20,15.5
2004-01-21,15.5
2004-01-22,15.5
2004-01-23,15.5
2004-01-26,15.5
2004-01-27,15.5
2004-01-28,15.5
2004-01-29,15.5
2004-01-30,15.5
2004-02-02,15.5
2004-02-03,15.5
2004-02-04,15.5
2004-02-05,15.5
2004-02-06,15.5
2004-02-09,15.5
2004-02-10,15.5
2004-02-11,15.5
2004-02-12,15.5
2004-02-13,15.5
2004-02-16,15.5
2004-02-17,15.5
2004-02-18,15.5
2004-02-19,15.5
2004-02-20,15.5
2004-02-25,15.5
2004-02-26,15.5
2004-02-27,15.5
2004-03-01,15.5
2004-03-02,15.5
2004-03-03,15.5
2004-03-04,15.5
2004-03-05,15.5
2004-03-08,15.5
2004-03-09,15.5
2004-03-10,15.5
2004-03-11,15.5
2004-03-12,15.5
2004-03-15,15.5
2004-03-16,15.5
2004-03-17,15.5
2004-03-18,15.25
2004-03-19,15.25
2004-03-22,15.25
2004-03-23,15.25
2004-03-24,15.25
2004-03-25,15.25
2004-03-26,15.25
2004-03-29,15.25
2004-03-30,15.25
2004-03-31,15.25
2004-04-01,15.25
2004-04-02,15.25
2004-04-05,15.25
2004-04-06,15.25
2004-04-07,15.25
2004-04-08,15.25
2004-04-12,15.25
2004-04-13,15.25
2004-04-14,15.25
2004-04-15,15.0
2004-04-16,15.0
2004-04-19,15.0
2004-04-20,15.0
2004-04-22,15.0
2004-04-23,15.0
2004-04-26,15.0
2004-04-27,15.0
2004-04-28,15.0
2004-04-29,15.0
2004-04-30,15.0
2004-05-03,15.0
2004-05-04,15.0
2004-05-05,15.0
2004-05-06,15.0
2004-05-07,15.0
2004-05-10,15.0
2004-05-11,15.0
2004-05-12,15.0
2004-05-13,15.0
2004-05-14,15.0
2004-05-17,15.0
2004-05-18,15.0
2004-05-19,15.0
2004-05-20,15.0
2004-05-21,15.0
2004-05-24,15.0
2004-05-25,15.0
2004-05-26,15.0
2004-05-27,15.0
2004-05-28,15.0
2004-05-31,15.0
2004-06-01,15.0
2004-06-02,15.0
2004-06-03,15.0
2004-06-04,15.0
2004-06-07,15.0
2004-06-08,15.0
2004-06-09,15.0
2004-06-11,15.0
2004-06-14,15.0
2004-06-15,15.0
2004-06-16,15.0
2004-06-17,15.0
2004-06-18,15.0
2004-06-21,15.0
2004-06-22,15.0
2004-06-23,15.0
2004-06-24,15.0
2004-06-25,15.0
2004-06-28,15.0
2004-06-29,15.0
2004-06-30,14.75
2004-07-01,14.75
2004-07-02,14.75
2004-07-05,14.75
2004-07-06,14.75
2004-07-07,14.75
2004-07-08,14.75
2004-07-09,14.75
2004-07-12,14.75
2004-07-13,14.75
2004-07-14,14.75
2004-07-15,14.75
2004-07-16,14.75
2004-07-19,14.75
2004-07-20,14.75
2004-07-21,14.75
2004-07-22,14.75
2004-07-23,14.75
2004-07-26,14.75
2004-07-27,14.75
2004-07-28,14.75
2004-07-29,14.75
2004-07-30,14.75
2004-08-02,14.75
2004-08-03,14.75
2004-08-04,14.75
2004-08-05,14.75
2004-08-06,14.75
2004-08-09,14.75
2004-08-10,14.5
2004-08-11,14.5
2004-08-12,14.5
2004-08-13,14.5
2004-08-16,14.5
2004-08-17,14.5
2004-08-18,14.5
2004-08-19,14.5
2004-08-20,14.5
2004-08-23,14.5
2004-08-24,14.5
2004-08-25,14.5
2004-08-26,14.5
2004-08-27,14.5
2004-08-30,14.5
2004-08-31,14.5
2004-09-01,14.5
2004-09-02,14.5
2004-09-03,14.5
2004-09-06,14.5
2004-09-08,14.5
2004-09-09,14.5
2004-09-10,14.5
2004-09-13,14.5
2004-09-14,14.5
2004-09-15,14.5
2004-09-16,14.75
2004-09-17,14.75
2004-09-20,14.75
2004-09-21,14.5
2004-09-22,14.5
2004-09-23,14.5
2004-09-24,14.5
2004-09-27,14.5
2004-09-28,14.5
2004-09-29,14.5
2004-09-30,14.5
2004-10-01,14.5
2004-10-04,14.5
2004-10-05,14.5
2004-10-06,14.5
2004-10-07,14.5
2004-10-08,14.5
2004-10-11,14.5
2004-10-13,14.5
2004-10-14,14.5
2004-10-15,14.5
2004-10-18,14.5
2004-10-19,14.5
2004-10-20,14.5
2004-10-21,15.0
2004-10-22,15.0
2004-10-25,15.0
2004-10-26,15.0
2004-10-27,15.0
2004-10-28,15.0
2004-10-29,15.0
2004-11-01,15.0
2004-11-03,15.0
2004-11-04,15.0
2004-11-05,15.0
2004-11-08,15.0
2004-11-09,15.0
2004-11-10,14.75
2004-11-11,14.75
2004-11-12,14.75
2004-11-16,14.75
2004-11-17,14.75
2004-11-18,15.25
2004-11-19,15.25
2004-11-22,15.25
2004-11-23,15.25
2004-11-24,15.25
2004-11-25,15.25
2004-11-26,15.25
2004-11-29,15.25
2004-11-30,15.25
2004-12-01,15.25
2004-12-02,15.25
2004-12-03,15.25
2004-12-06,15.25
2004-12-07,15.25
2004-12-08,15.25
2004-12-09,15.25
2004-12-10,15.25
2004-12-13,15.25
2004-12-14,15.0
2004-12-15,15.5
2004-12-16,15.5
2004-12-17,15.5
2004-12-20,15.5
2004-12-21,15.5
2004-12-22,15.5
2004-12-23,15.5
2004-12-24,15.5
2004-12-27,15.5
2004-12-28,15.5
2004-12-29,15.5
2004-12-30,15.5
2004-12-31,15.5
2005-01-03,15.5
2005-01-04,15.5
2005-01-05,15.5
2005-01-06,15.5
2005-01-07,15.5
2005-01-10,15.5
2005-01-11,15.5
2005-01-12,15.5
2005-01-13,15.5
2005-01-14,15.5
2005-01-17,15.5
2005-01-18,15.5
2005-01-19,15.5
2005-01-20,16.0
2005-01-21,16.0
2005-01-24,16.0
2005-01-25,16.0
2005-01-26,16.0
2005-01-27,16.0
2005-01-28,16.0
2005-01-31,16.0
2005-02-01,16.0
2005-02-02,15.75
2005-02-03,15.75
2005-02-04,15.75
2005-02-09,15.75
2005-02-10,15.75
2005-02-11,15.75
2005-02-14,15.75
2005-02-15,15.75
2005-02-16,15.75
2005-02-17,16.25
2005-02-18,16.25
2005-02-21,16.25
2005-02-22,16.25
2005-02-23,16.25
2005-02-24,16.25
2005-02-25,16.25
2005-02-28,16.25
2005-03-01,16.25
2005-03-02,16.25
2005-03-03,16.25
2005-03-04,16.25
2005-03-07,16.25
2005-03-08,16.25
2005-03-09,16.25
2005-03-10,16.25
2005-03-11,16.25
2005-03-14,16.25
2005-03-15,16.25
2005-03-16,16.25
2005-03-17,16.75
2005-03-18,16.75
2005-03-21,16.75
2005-03-22,16.5
2005-03-23,16.5
2005-03-24,16.5
2005-03-28,16.5
2005-03-29,16.5
2005-03-30,16.5
2005-03-31,16.5
2005-04-01,16.5
2005-04-04,16.5
2005-04-05,16.5
2005-04-06,16.5
2005-04-07,16.5
2005-04-08,16.5
2005-04-11,16.5
2005-04-12,16.5
2005-04-13,16.5
2005-04-14,16.5
2005-04-15,16.5
2005-04-18,16.5
2005-04-19,16.5
2005-04-20,16.75
2005-04-22,16.75
2005-04-25,16.75
2005-04-26,16.75
2005-04-27,16.75
2005-04-28,16.75
2005-04-29,16.75
2005-05-02,16.75
2005-05-03,16.5
2005-05-04,16.5
2005-05-05,16.5
2005-05-06,16.5
2005-05-09,16.5
2005-05-10,16.5
2005-05-11,16.5
2005-05-12,16.5
2005-05-13,16.5
2005-05-16,16.5
2005-05-17,16.5
2005-05-18,16.5
2005-05-19,16.75
2005-05-20,16.75
2005-05-23,16.75
2005-05-24,16.75
2005-05-25,16.75
2005-05-27,16.75
2005-05-30,16.75
2005-05-31,16.75
2005-06-01,16.75
2005-06-02,16.75
2005-06-03,16.75
2005-06-06,16.75
2005-06-07,16.75
2005-06-08,16.75
2005-06-09,16.75
2005-06-10,16.75
2005-06-13,16.75
2005-06-14,16.75
2005-06-15,16.75
2005-06-16,16.75
2005-06-17,16.75
2005-06-20,16.75
2005-06-21,16.75
2005-06-22,16.75
2005-06-23,16.75
2005-06-24,16.75
2005-06-27,16.75
2005-06-28,16.75
2005-06-29,16.75
2005-06-30,16.5
2005-07-01,16.5
2005-07-04,16.5
2005-07-05,16.5
2005-07-06,16.5
2005-07-07,16.5
2005-07-08,16.5
2005-07-11,16.5
2005-07-12,16.5
2005-07-13,16.5
2005-07-14,16.5
2005-07-15,16.5
2005-07-18,16.5
2005-07-19,16.5
2005-07-20,16.5
2005-07-21,16.5
2005-07-22,16.5
2005-07-25,16.5
2005-07-26,16.5
2005-07-27,16.5
2005-07-28,16.5
2005-07-29,16.5
2005-08-01,16.5
2005-08-02,16.5
2005-08-03,16.5
2005-08-04,16.5
2005-08-05,16.5
2005-08-08,16.5
2005-08-09,16.25
2005-08-10,16.25
2005-08-11,16.25
2005-08-12,16.25
2005-08-15,16.25
2005-08-16,16.25
2005-08-17,16.25
2005-08-18,16.25
2005-08-19,16.25
2005-08-22,16.25
2005-08-23,16.25
2005-08-24,16.25
2005-08-25,16.25
2005-08-26,16.25
2005-08-29,16.25
2005-08-30,16.25
2005-08-31,16.25
2005-09-01,16.25
2005-09-02,16.25
2005-09-05,16.25
2005-09-06,16.25
2005-09-08,16.25
2005-09-09,16.25
2005-09-12,16.25
2005-09-13,16.25
2005-09-14,16.25
2005-09-15,16.0
2005-09-16,16.0
2005-09-19,16.0
2005-09-20,15.75
2005-09-21,15.75
2005-09-22,15.75
2005-09-23,15.75
2005-09-26,15.75
2005-09-27,15.75
2005-09-28,15.75
2005-09-29,15.75
2005-09-30,15.75
2005-10-03,15.75
2005-10-04,15.75
2005-10-05,15.75
2005-10-06,15.75
2005-10-07,15.75
2005-10-10,15.75
2005-10-11,15.75
2005-10-13,15.75
2005-10-14,15.75
2005-10-17,15.75
2005-10-18,15.75
2005-10-19,15.75
2005-10-20,15.25
2005-10-21,15.25
2005-10-24,15.25
2005-10-25,15.25
2005-10-26,15.25
2005-10-27,15.25
2005-10-28,15.25
2005-10-31,15.25
2005-11-01,15.0
2005-11-03,15.0
2005-11-04,15.0
2005-11-07,15.0
2005-11-08,15.0
2005-11-09,15.0
2005-11-10,15.0
2005-11-11,15.0
2005-11-14,15.0
2005-11-16,15.0
2005-11-17,15.0
2005-11-18,15.0
2005-11-21,15.0
2005-11-22,15.0
2005-11-23,15.0
2005-11-24,14.5
2005-11-25,14.5
2005-11-28,14.5
2005-11-29,14.5
2005-11-30,14.5
2005-12-01,14.5
2005-12-02,14.5
2005-12-05,14.5
2005-12-06,14.5
2005-12-07,14.5
2005-12-08,14.5
2005-12-09,14.5
2005-12-12,14.5
2005-12-13,14.25
2005-12-14,14.25
2005-12-15,13.75
2005-12-16,13.75
2005-12-19,13.75
2005-12-20,13.75
2005-12-21,13.75
2005-12-22,13.75
2005-12-23,13.75
2005-12-26,13.75
2005-12-27,13.75
2005-12-28,13.75
2005-12-29,13.75
2005-12-30,13.75
2006-01-02,13.75
2006-01-03,13.75
2006-01-04,13.75
2006-01-05,13.75
2006-01-06,13.75
2006-01-09,13.75
2006-01-10,13.75
2006-01-11,13.75
2006-01-12,13.75
2006-01-13,13.75
2006-01-16,13.75
2006-01-17,13.75
2006-01-18,13.75
2006-01-19,13.0
2006-01-20,13.0
2006-01-23,13.0
2006-01-24,13.0
2006-01-25,13.0
2006-01-26,13.0
2006-01-27,13.0
2006-01-30,13.0
2006-01-31,12.75
2006-02-01,12.75
2006-02-02,12.75
2006-02-03,12.75
2006-02-06,12.75
2006-02-07,12.75
2006-02-08,12.75
2006-02-09,12.75
2006-02-10,12.75
2006-02-13,12.75
2006-02-14,12.75
2006-02-15,12.75
2006-02-16,12.75
2006-02-17,12.75
2006-02-20,12.75
2006-02-21,12.75
2006-02-22,12.75
2006-02-23,12.75
2006-02-24,12.75
2006-03-01,12.75
2006-03-02,12.75
2006-03-03,12.75
2006-03-06,12.75
2006-03-07,12.75
2006-03-08,12.0
2006-03-09,12.0
2006-03-10,12.0
2006-03-13,12.0
2006-03-14,12.0
2006-03-15,12.0
2006-03-16,12.0
2006-03-17,12.0
2006-03-20,12.0
2006-03-21,12.0
2006-03-22,12.0
2006-03-23,12.0
2006-03-24,12.0
2006-03-27,12.0
2006-03-28,11.75
2006-03-29,11.75
2006-03-30,11.75
2006-03-31,11.75
2006-04-03,11.75
2006-04-04,11.75
2006-04-05,11.75
2006-04-06,11.75
2006-04-07,11.75
2006-04-10,11.75
2006-04-11,11.75
2006-04-12,11.75
2006-04-13,11.75
2006-04-17,11.75
2006-04-18,11.75
2006-04-19,11.0
2006-04-20,11.0
2006-04-24,11.0
2006-04-25,11.0
2006-04-26,11.0
2006-04-27,11.0
2006-04-28,11.0
2006-05-02,11.0
2006-05-03,11.0
2006-05-04,11.0
2006-05-05,11.0
2006-05-08,11.0
2006-05-09,11.0
2006-05-10,10.75
2006-05-11,10.75
2006-05-12,10.75
2006-05-15,10.75
2006-05-16,10.75
2006-05-17,10.75
2006-05-18,10.75
2006-05-19,10.75
2006-05-22,10.75
2006-05-23,10.75
2006-05-24,10.75
2006-05-25,10.75
2006-05-26,10.75
2006-05-29,10.75
2006-05-30,10.75
2006-05-31,10.75
2006-06-01,10.25
2006-06-02,10.25
2006-06-05,10.25
2006-06-06,10.25
2006-06-07,10.25
2006-06-08,10.25
2006-06-09,10.25
2006-06-12,10.25
2006-06-13,10.25
2006-06-14,10.25
2006-06-16,10.25
2006-06-19,10.25
2006-06-20,10.25
2006-06-21,10.25
2006-06-22,10.25
2006-06-23,10.25
2006-06-26,10.25
2006-06-27,10.25
2006-06-28,10.25
2006-06-29,10.0
2006-06-30,10.0
2006-07-03,10.0
2006-07-04,10.0
2006-07-05,10.0
2006-07-06,10.0
2006-07-07,10.0
2006-07-10,10.0
2006-07-11,10.0
2006-07-12,10.0
2006-07-13,10.0
2006-07-14,10.0
2006-07-17,10.0
2006-07-18,10.0
2006-07-19,10.0
2006-07-20,9.5
2006-07-21,9.5
2006-07-24,9.5
2006-07-25,9.5
2006-07-26,9.5
2006-07-27,9.5
2006-07-28,9.5
2006-07-31,9.5
2006-08-01,9.5
2006-08-02,9.5
2006-08-03,9.5
2006-08-04,9.5
2006-08-07,9.5
2006-08-08,9.5
2006-08-09,9.5
2006-08-10,9.5
2006-08-11,9.5
2006-08-14,9.5
2006-08-15,9.5
2006-08-16,9.5
2006-08-17,9.5
2006-08-18,9.5
2006-08-21,9.5
2006-08-22,9.5
2006-08-23,9.5
2006-08-24,9.5
2006-08-25,9.5
2006-08-28,9.5
2006-08-29,9.5
2006-08-30,9.0
2006-08-31,9.0
2006-09-01,9.0
2006-09-04,9.0
2006-09-05,9.0
2006-09-06,9.0
2006-09-08,9.0
2006-09-11,9.0
2006-09-12,9.0
2006-09-13,9.0
2006-09-14,9.0
2006-09-15,9.0
2006-09-18,9.0
2006-09-19,9.0
2006-09-20,9.0
2006-09-21,9.0
2006-09-22,9.0
2006-09-25,9.0
2006-09-26,9.0
2006-09-27,9.0
2006-09-28,9.0
2006-09-29,9.0
2006-10-02,9.0
2006-10-03,9.0
2006-10-04,9.0
2006-10-05,9.0
2006-10-06,9.0
2006-10-09,9.0
2006-10-10,9.0
2006-10-11,9.0
2006-10-13,9.0
2006-10-16,9.0
2006-10-17,9.0
2006-10-18,8.5
2006-10-19,8.5
2006-10-20,8.5
2006-10-23,8.5
2006-10-24,8.5
2006-10-25,8.5
2006-10-26,8.5
2006-10-27,8.5
2006-10-30,8.5
2006-10-31,8.5
2006-11-01,8.5
2006-11-03,8.5
2006-11-06,8.5
2006-11-07,8.5
2006-11-08,8.5
2006-11-09,8.5
2006-11-10,8.5
2006-11-13,8.5
2006-11-14,8.5
2006-11-16,8.5
2006-11-17,8.5
2006-11-20,8.5
2006-11-21,8.5
2006-11-22,8.5
2006-11-23,8.5
2006-11-24,8.5
2006-11-27,8.5
2006-11-28,8.5
2006-11-29,8.0
2006-11-30,8.0
2006-12-01,8.0
2006-12-04,8.0
2006-12-05,8.0
2006-12-06,8.0
2006-12-07,8.0
2006-12-08,8.0
2006-12-11,8.0
2006-12-12,8.0
2006-12-13,8.0
2006-12-14,8.0
2006-12-15,8.0
2006-12-18,8.0
2006-12-19,8.0
2006-12-20,8.0
2006-12-21,8.0
2006-12-22,8.0
2006-12-26,8.0
2006-12-27,8.0
2006-12-28,8.0
2006-12-29,8.0
2007-01-03,8.0
2007-01-04,8.0
2007-01-05,8.0
2007-01-08,8.0
2007-01-09,8.0
2007-01-10,8.0
2007-01-11,8.0
2007-01-12,8.0
2007-01-15,8.0
2007-01-16,8.0
2007-01-17,8.0
2007-01-18,8.0
2007-01-19,8.0
2007-01-22,8.0
2007-01-23,8.0
2007-01-24,7.75
2007-01-25,7.75
2007-01-26,7.75
2007-01-29,7.75
2007-01-30,7.75
2007-01-31,7.75
2007-02-01,7.75
2007-02-02,7.75
2007-02-05,7.75
2007-02-06,7.75
2007-02-07,7.75
2007-02-08,7.75
2007-02-09,7.75
2007-02-12,7.75
2007-02-13,7.75
2007-02-14,7.75
2007-02-15,7.75
2007-02-16,7.75
2007-02-21,7.75
2007-02-22,7.75
2007-02-23,7.75
2007-02-26,7.75
2007-02-27,7.75
2007-02-28,7.75
2007-03-01,7.75
2007-03-02,7.75
2007-03-05,7.75
2007-03-06,7.75
2007-03-07,7.5
2007-03-08,7.5
2007-03-09,7.5
2007-03-12,7.5
2007-03-13,7.5
2007-03-14,7.5
2007-03-15,7.5
2007-03-16,7.5
2007-03-19,7.5
2007-03-20,7.5
2007-03-21,7.5
2007-03-22,7.5
2007-03-23,7.5
2007-03-26,7.5
2007-03-27,7.5
2007-03-28,7.5
2007-03-29,7.5
2007-03-30,7.5
2007-04-02,7.5
2007-04-03,7.5
2007-04-04,7.5
2007-04-05,7.5
2007-04-09,7.5
2007-04-10,7.5
2007-04-11,7.5
2007-04-12,7.5
2007-04-13,7.5
2007-04-16,7.5
2007-04-17,7.5
2007-04-18,7.5
2007-04-19,7.25
2007-04-20,7.25
2007-04-23,7.25
2007-04-24,7.25
2007-04-25,7.25
2007-04-26,7.25
2007-04-27,7.25
2007-04-30,7.25
2007-05-02,7.25
2007-05-03,7.25
2007-05-04,7.25
2007-05-07,7.25
2007-05-08,7.25
2007-05-09,7.25
2007-05-10,7.25
2007-05-11,7.25
2007-05-14,7.25
2007-05-15,7.25
2007-05-16,7.25
2007-05-17,7.25
2007-05-18,7.25
2007-05-21,7.25
2007-05-22,7.25
2007-05-23,7.25
2007-05-24,7.25
2007-05-25,7.25
2007-05-28,7.25
2007-05-29,7.25
2007-05-30,7.25
2007-05-31,7.25
2007-06-01,7.25
2007-06-04,7.25
2007-06-05,7.25
2007-06-06,6.75
2007-06-07,6.75
2007-06-08,6.75
2007-06-11,6.75
2007-06-12,6.75
2007-06-13,6.75
2007-06-14,6.75
2007-06-15,6.75
2007-06-18,6.75
2007-06-19,6.75
2007-06-20,6.75
2007-06-21,6.75
2007-06-22,6.75
2007-06-25,6.75
2007-06-26,6.75
2007-06-27,6.75
2007-06-28,6.75
2007-06-29,6.75
2007-07-02,6.75
2007-07-03,6.75
2007-07-04,6.75
2007-07-05,6.75
2007-07-06,6.75
2007-07-10,6.75
2007-07-11,6.75
2007-07-12,6.75
2007-07-13,6.75
2007-07-16,6.75
2007-07-17,6.75
2007-07-18,6.75
2007-07-19,6.25
2007-07-20,6.25
2007-07-23,6.25
2007-07-24,6.25
2007-07-25,6.25
2007-07-26,6.25
2007-07-27,6.25
2007-07-30,6.25
2007-07-31,6.25
2007-08-01,6.25
2007-08-02,6.25
2007-08-03,6.25
2007-08-06,6.25
2007-08-07,6.25
2007-08-08,6.25
2007-08-09,6.25
2007-08-10,6.25
2007-08-13,6.25
2007-08-14,6.25
2007-08-15,6.25
2007-08-16,6.25
2007-08-17,6.25
2007-08-20,6.25
2007-08-21,6.25
2007-08-22,6.25
2007-08-23,6.25
2007-08-24,6.25
2007-08-27,6.25
2007-08-28,6.25
2007-08-29,6.25
2007-08-30,6.25
2007-08-31,6.25
2007-09-03,6.25
2007-09-04,6.25
2007-09-05,6.25
2007-09-06,6.0
2007-09-10,6.0
2007-09-11,6.0
2007-09-12,6.0
2007-09-13,6.0
2007-09-14,6.0
2007-09-17,6.0
2007-09-18,6.5
2007-09-19,6.5
2007-09-20,6.5
2007-09-21,6.5
2007-09-24,6.5
2007-09-25,6.5
2007-09-26,6.5
2007-09-27,6.5
2007-09-28,6.5
2007-10-01,6.5
2007-10-02,6.5
2007-10-03,6.5
2007-10-04,6.5
2007-10-05,6.5
2007-10-08,6.5
2007-10-09,6.5
2007-10-10,6.5
2007-10-11,6.5
2007-10-15,6.5
2007-10-16,6.5
2007-10-17,6.5
2007-10-18,6.5
2007-10-19,6.5
2007-10-22,6.5
2007-10-23,6.5
2007-10-24,6.5
2007-10-25,6.5
2007-10-26,6.5
2007-10-29,6.5
2007-10-30,6.5
2007-10-31,6.75
2007-11-01,6.75
2007-11-05,6.75
2007-11-06,6.75
2007-11-07,6.75
2007-11-08,6.75
2007-11-09,6.75
2007-11-12,6.75
2007-11-13,6.75
2007-11-14,6.75
2007-11-16,6.75
2007-11-19,6.75
2007-11-20,6.75
2007-11-21,6.75
2007-11-22,6.75
2007-11-23,6.75
2007-11-26,6.75
2007-11-27,6.75
2007-11-28,6.75
2007-11-29,6.75
2007-11-30,6.75
2007-12-03,6.75
2007-12-04,6.75
2007-12-05,6.75
2007-12-06,6.75
2007-12-07,6.75
2007-12-10,6.75
2007-12-11,7.0
2007-12-12,7.0
2007-12-13,7.0
2007-12-14,7.0
2007-12-17,7.0
2007-12-18,7.0
2007-12-19,7.0
2007-12-20,7.0
2007-12-21,7.0
2007-12-24,7.0
2007-12-26,7.0
2007-12-27,7.0
2007-12-28,7.0
2007-12-31,7.0
2008-01-02,7.0
2008-01-03,7.0
2008-01-04,7.0
2008-01-07,7.0
2008-01-08,7.0
2008-01-09,7.0
2008-01-10,7.0
2008-01-11,7.0
2008-01-14,7.0
2008-01-15,7.0
2008-01-16,7.0
2008-01-17,7.0
2008-01-18,7.0
2008-01-21,7.0
2008-01-22,7.75
2008-01-23,7.75
2008-01-24,7.75
2008-01-25,7.75
2008-01-28,7.75
2008-01-29,7.75
2008-01-30,8.25
2008-01-31,8.25
2008-02-01,8.25
2008-02-06,8.25
2008-02-07,8.25
2008-02-08,8.25
2008-02-11,8.25
2008-02-12,8.25
2008-02-13,8.25
2008-02-14,8.25
2008-02-15,8.25
2008-02-18,8.25
2008-02-19,8.25
2008-02-20,8.25
2008-02-21,8.25
2008-02-22,8.25
2008-02-25,8.25
2008-02-26,8.25
2008-02-27,8.25
2008-02-28,8.25
2008-02-29,8.25
2008-03-03,8.25
2008-03-04,8.25
2008-03-05,8.25
2008-03-06,8.25
2008-03-07,8.25
2008-03-10,8.25
2008-03-11,8.25
2008-03-12,8.25
2008-03-13,8.25
2008-03-14,8.25
2008-03-17,8.25
2008-03-18,9.0
2008-03-19,9.0
2008-03-20,9.0
2008-03-24,9.0
2008-03-25,9.0
2008-03-26,9.0
2008-03-27,9.0
2008-03-28,9.0
2008-03-31,9.0
2008-04-01,9.0
2008-04-02,9.0
2008-04-03,9.0
2008-04-04,9.0
2008-04-07,9.0
2008-04-08,9.0
2008-04-09,9.0
2008-04-10,9.0
2008-04-11,9.0
2008-04-14,9.0
2008-04-15,9.0
2008-04-16,9.0
2008-04-17,9.5
2008-04-18,9.5
2008-04-22,9.5
2008-04-23,9.5
2008-04-24,9.5
2008-04-25,9.5
2008-04-28,9.5
2008-04-29,9.5
2008-04-30,9.75
2008-05-02,9.75
2008-05-05,9.75
2008-05-06,9.75
2008-05-07,9.75
2008-05-08,9.75
2008-05-09,9.75
2008-05-12,9.75
2008-05-13,9.75
2008-05-14,9.75
2008-05-15,9.75
2008-05-16,9.75
2008-05-19,9.75
2008-05-20,9.75
2008-05-21,9.75
2008-05-23,9.75
2008-05-26,9.75
2008-05-27,9.75
2008-05-28,9.75
2008-05-29,9.75
2008-05-30,9.75
2008-06-02,9.75
2008-06-03,9.75
2008-06-04,9.75
2008-06-05,10.25
2008-06-06,10.25
2008-06-09,10.25
2008-06-10,10.25
2008-06-11,10.25
2008-06-12,10.25
2008-06-13,10.25
2008-06-16,10.25
2008-06-17,10.25
2008-06-18,10.25
2008-06-19,10.25
2008-06-20,10.25
2008-06-23,10.25
2008-06-24,10.25
2008-06-25,10.25
2008-06-26,10.25
2008-06-27,10.25
2008-06-30,10.25
2008-07-01,10.25
2008-07-02,10.25
2008-07-03,10.25
2008-07-04,10.25
2008-07-07,10.25
2008-07-08,10.25
2008-07-09,10.25
2008-07-10,10.25
2008-07-11,10.25
2008-07-14,10.25
2008-07-15,10.25
2008-07-16,10.25
2008-07-17,10.25
2008-07-18,10.25
2008-07-21,10.25
2008-07-22,10.25
2008-07-23,10.25
2008-07-24,11.0
2008-07-25,11.0
2008-07-28,11.0
2008-07-29,11.0
2008-07-30,11.0
2008-07-31,11.0
2008-08-01,11.0
2008-08-04,11.0
2008-08-05,11.0
2008-08-06,11.0
2008-08-07,11.0
2008-08-08,11.0
2008-08-11,11.0
2008-08-12,11.0
2008-08-13,11.0
2008-08-14,11.0
2008-08-15,11.0
2008-08-18,11.0
2008-08-19,11.0
2008-08-20,11.0
2008-08-21,11.0
2008-08-22,11.0
2008-08-25,11.0
2008-08-26,11.0
2008-08-27,11.0
2008-08-28,11.0
2008-08-29,11.0
2008-09-01,11.0
2008-09-02,11.0
2008-09-03,11.0
2008-09-04,11.0
2008-09-05,11.0
2008-09-08,11.0
2008-09-09,11.0
2008-09-10,11.75
2008-09-11,11.75
2008-09-12,11.75
2008-09-15,11.75
2008-09-16,11.75
2008-09-17,11.75
2008-09-18,11.75
2008-09-19,11.75
2008-09-22,11.75
2008-09-23,11.75
2008-09-24,11.75
2008-09-25,11.75
2008-09-26,11.75
2008-09-29,11.75
2008-09-30,11.75
2008-10-01,11.75
2008-10-02,11.75
2008-10-03,11.75
2008-10-06,11.75
2008-10-07,11.75
2008-10-08,12.25
2008-10-09,12.25
2008-10-10,12.25
2008-10-13,12.25
2008-10-14,12.25
2008-10-15,12.25
2008-10-16,12.25
2008-10-17,12.25
2008-10-20,12.25
2008-10-21,12.25
2008-10-22,12.25
2008-10-23,12.25
2008-10-24,12.25
2008-10-27,12.25
2008-10-28,12.25
2008-10-29,12.75
2008-10-30,12.75
2008-10-31,12.75
2008-11-03,12.75
2008-11-04,12.75
2008-11-05,12.75
2008-11-06,12.75
2008-11-07,12.75
2008-11-10,12.75
2008-11-11,12.75
2008-11-12,12.75
2008-11-13,12.75
2008-11-14,12.75
2008-11-17,12.75
2008-11-18,12.75
2008-11-19,12.75
2008-11-20,12.75
2008-11-21,12.75
2008-11-24,12.75
2008-11-25,12.75
2008-11-26,12.75
2008-11-27,12.75
2008-11-28,12.75
2008-12-01,12.75
2008-12-02,12.75
2008-12-03,12.75
2008-12-04,12.75
2008-12-05,12.75
2008-12-08,12.75
2008-12-09,12.75
2008-12-10,12.75
2008-12-11,12.75
2008-12-12,12.75
2008-12-15,12.75
2008-12-16,13.625
2008-12-17,13.625
2008-12-18,13.625
2008-12-19,13.625
2008-12-22,13.625
2008-12-23,13.625
2008-12-24,13.625
2008-12-26,13.625
2008-12-29,13.625
2008-12-30,13.625
2008-12-31,13.625
2009-01-02,13.625
2009-01-05,13.625
2009-01-06,13.625
2009-01-07,13.625
2009-01-08,13.625
2009-01-09,13.625
2009-01-12,13.625
2009-01-13,13.625
2009-01-14,13.625
2009-01-15,13.625
2009-01-16,13.625
2009-01-19,13.625
2009-01-20,13.625
2009-01-21,12.625
2009-01-22,12.625
2009-01-23,12.625
2009-01-26,12.625
2009-01-27,12.625
2009-01-28,12.625
2009-01-29,12.625
2009-01-30,12.625
2009-02-02,12.625
2009-02-03,12.625
2009-02-04,12.625
2009-02-05,12.625
2009-02-06,12.625
2009-02-09,12.625
2009-02-10,12.625
2009-02-11,12.625
2009-02-12,12.625
2009-02-13,12.625
2009-02-16,12.625
2009-02-17,12.625
2009-02-18,12.625
2009-02-19,12.625
2009-02-20,12.625
2009-02-25,12.625
2009-02-26,12.625
2009-02-27,12.625
2009-03-02,12.625
2009-03-03,12.625
2009-03-04,12.625
2009-03-05,12.625
2009-03-06,12.625
2009-03-09,12.625
2009-03-10,12.625
2009-03-11,11.125
2009-03-12,11.125
2009-03-13,11.125
2009-03-16,11.125
2009-03-17,11.125
2009-03-18,11.125
2009-03-19,11.125
2009-03-20,11.125
2009-03-23,11.125
2009-03-24,11.125
2009-03-25,11.125
2009-03-26,11.125
2009-03-27,11.125
2009-03-30,11.125
2009-03-31,11.125
2009-04-01,11.125
2009-04-02,11.125
2009-04-03,11.125
2009-04-06,11.125
2009-04-07,11.125
2009-04-08,11.125
2009-04-09,11.125
2009-04-13,11.125
2009-04-14,11.125
2009-04-15,11.125
2009-04-16,11.125
2009-04-17,11.125
2009-04-20,11.125
2009-04-22,11.125
2009-04-23,11.125
2009-04-24,11.125
2009-04-27,11.125
2009-04-28,11.125
2009-04-29,10.125
2009-04-30,10.125
2009-05-04,10.125
2009-05-05,10.125
2009-05-06,10.125
2009-05-07,10.125
2009-05-08,10.125
2009-05-11,10.125
2009-05-12,10.125
2009-05-13,10.125
2009-05-14,10.125
2009-05-15,10.125
2009-05-18,10.125
2009-05-19,10.125
2009-05-20,10.125
2009-05-21,10.125
2009-05-22,10.125
2009-05-25,10.125
2009-05-26,10.125
2009-05-27,10.125
2009-05-28,10.125
2009-05-29,10.125
2009-06-01,10.125
2009-06-02,10.125
2009-06-03,10.125
2009-06-04,10.125
2009-06-05,10.125
2009-06-08,10.125
2009-06-09,10.125
2009-06-10,9.125
2009-06-11,9.125
2009-06-12,9.125
2009-06-15,9.125
2009-06-16,9.125
2009-06-17,9.125
2009-06-18,9.125
2009-06-22,9.125
2009-06-23,9.125
2009-06-24,9.125
2009-06-25,9.125
2009-06-26,9.125
2009-06-29,9.125
2009-06-30,9.125
2009-07-01,9.125
2009-07-02,9.125
2009-07-03,9.125
2009-07-06,9.125
2009-07-07,9.125
2009-07-08,9.125
2009-07-09,9.125
2009-07-10,9.125
2009-07-13,9.125
2009-07-14,9.125
2009-07-15,9.125
2009-07-16,9.125
2009-07-17,9.125
2009-07-20,9.125
2009-07-21,9.125
2009-07-22,8.625
2009-07-24,8.625
2009-07-27,8.625
2009-07-28,8.625
2009-07-29,8.625
2009-07-30,8.625
2009-07-31,8.625
2009-08-03,8.625
2009-08-04,8.625
2009-08-05,8.625
2009-08-06,8.625
2009-08-07,8.625
2009-08-10,8.625
2009-08-11,8.625
2009-08-12,8.625
2009-08-13,8.625
2009-08-14,8.625
2009-08-17,8.625
2009-08-18,8.625
2009-08-19,8.625
2009-08-20,8.625
2009-08-21,8.625
2009-08-24,8.625
2009-08-25,8.625
2009-08-26,8.625
2009-08-27,8.625
2009-08-28,8.625
2009-08-31,8.625
2009-09-01,8.625
2009-09-02,8.625
2009-09-03,8.625
2009-09-04,8.625
2009-09-07,8.625
2009-09-09,8.625
2009-09-10,8.625
2009-09-11,8.625
2009-09-14,8.625
2009-09-15,8.625
2009-09-16,8.625
2009-09-17,8.625
2009-09-18,8.625
2009-09-21,8.625
2009-09-22,8.625
2009-09-23,8.625
2009-09-24,8.625
2009-09-25,8.625
2009-09-28,8.625
2009-09-29,8.625
2009-09-30,8.625
2009-10-01,8.625
2009-10-02,8.625
2009-10-05,8.625
2009-10-06,8.625
2009-10-07,8.625
2009-10-08,8.625
2009-10-09,8.625
2009-10-12,8.625
2009-10-13,8.625
2009-10-14,8.625
2009-10-15,8.625
2009-10-16,8.625
2009-10-19,8.625
2009-10-20,8.625
2009-10-21,8.625
2009-10-22,8.625
2009-10-23,8.625
2009-10-26,8.625
2009-10-27,8.625
2009-10-28,8.625
2009-10-29,8.625
2009-10-30,8.625
2009-11-02,8.625
2009-11-03,8.625
2009-11-04,8.625
2009-11-05,8.625
2009-11-06,8.625
2009-11-09,8.625
2009-11-10,8.625
2009-11-11,8.625
2009-11-12,8.625
2009-11-13,8.625
2009-11-16,8.625
2009-11-17,8.625
2009-11-18,8.625
2009-11-19,8.625
2009-11-20,8.625
2009-11-23,8.625
2009-11-24,8.625
2009-11-25,8.625
2009-11-26,8.625
2009-11-27,8.625
2009-11-30,8.625
2009-12-01,8.625
2009-12-02,8.625
2009-12-03,8.625
2009-12-04,8.625
2009-12-07,8.625
2009-12-08,8.625
2009-12-09,8.625
2009-12-10,8.625
2009-12-11,8.625
2009-12-14,8.625
2009-12-15,8.625
2009-12-16,8.625
2009-12-17,8.625
2009-12-18,8.625
2009-12-21,8.625
2009-12-22,8.625
2009-12-23,8.625
2009-12-24,8.625
2009-12-28,8.625
2009-12-29,8.625
2009-12-30,8.625
2009-12-31,8.625
2010-01-04,8.625
2010-01-05,8.625
2010-01-06,8.625
2010-01-07,8.625
2010-01-08,8.625
2010-01-11,8.625
2010-01-12,8.625
2010-01-13,8.625
2010-01-14,8.625
2010-01-15,8.625
2010-01-18,8.625
2010-01-19,8.625
2010-01-20,8.625
2010-01-21,8.625
2010-01-22,8.625
2010-01-25,8.625
2010-01-26,8.625
2010-01-27,8.625
2010-01-28,8.625
2010-01-29,8.625
2010-02-01,8.625
2010-02-02,8.625
2010-02-03,8.625
2010-02-04,8.625
2010-02-05,8.625
2010-02-08,8.625
2010-02-09,8.625
2010-02-10,8.625
2010-02-11,8.625
2010-02-12,8.625
2010-02-15,8.625
2010-02-16,8.625
2010-02-17,8.625
2010-02-18,8.625
2010-02-19,8.625
2010-02-22,8.625
2010-02-23,8.625
2010-02-24,8.625
2010-02-25,8.625
2010-02-26,8.625
2010-03-01,8.625
2010-03-02,8.625
2010-03-03,8.625
2010-03-04,8.625
2010-03-05,8.625
2010-03-08,8.625
2010-03-09,8.625
2010-03-10,8.625
2010-03-11,8.625
2010-03-12,8.625
2010-03-15,8.625
2010-03-16,8.625
2010-03-17,8.625
2010-03-18,8.625
2010-03-19,8.625
2010-03-22,8.625
2010-03-23,8.625
2010-03-24,8.625
2010-03-25,8.625
2010-03-26,8.625
2010-03-29,8.625
2010-03-30,8.625
2010-03-31,8.625
2010-04-01,8.625
2010-04-05,8.625
2010-04-06,8.625
2010-04-07,8.625
2010-04-08,8.625
2010-04-09,8.625
2010-04-12,8.625
2010-04-13,8.625
2010-04-14,8.625
2010-04-15,8.625
2010-04-16,8.625
2010-04-19,8.625
2010-04-20,8.625
2010-04-21,8.625
2010-04-22,8.625
2010-04-23,8.625
2010-04-26,8.625
2010-04-27,8.625
2010-04-28,9.375
2010-04-29,9.375
2010-04-30,9.375
2010-05-03,9.375
2010-05-04,9.375
2010-05-05,9.375
2010-05-06,9.375
2010-05-07,9.375
2010-05-10,9.375
2010-05-11,9.375
2010-05-12,9.375
2010-05-13,9.375
2010-05-17,9.375
2010-05-18,9.375
2010-05-19,9.375
2010-05-20,9.375
2010-05-21,9.375
2010-05-24,9.375
2010-05-25,9.375
2010-05-26,9.375
2010-05-27,9.375
2010-05-28,9.375
2010-05-31,9.375
2010-06-01,9.375
2010-06-02,9.375
2010-06-03,9.375
2010-06-04,9.375
2010-06-07,9.375
2010-06-09,10.125
2010-06-11,10.125
2010-06-14,10.125
2010-06-15,10.125
2010-06-16,10.125
2010-06-17,10.125
2010-06-18,10.125
2010-06-21,10.125
2010-06-22,10.125
2010-06-23,10.125
2010-06-24,10.125
2010-06-25,10.125
2010-06-28,10.125
2010-06-29,10.125
2010-06-30,10.125
2010-07-01,10.125
2010-07-02,10.125
2010-07-05,10.125
2010-07-06,10.125
2010-07-07,10.125
2010-07-08,10.125
2010-07-09,10.125
2010-07-12,10.125
2010-07-13,10.125
2010-07-14,10.125
2010-07-15,10.125
2010-07-16,10.125
2010-07-19,10.125
2010-07-20,10.125
2010-07-21,10.625
2010-07-22,10.625
2010-07-23,10.625
2010-07-26,10.625
2010-07-27,10.625
2010-07-28,10.625
2010-07-29,10.625
2010-07-30,10.625
2010-08-02,10.625
2010-08-03,10.625
2010-08-04,10.625
2010-08-05,10.625
2010-08-06,10.625
2010-08-09,10.625
2010-08-10,10.625
2010-08-11,10.625
2010-08-12,10.625
2010-08-13,10.625
2010-08-16,10.625
2010-08-17,10.625
2010-08-18,10.625
2010-08-19,10.625
2010-08-20,10.625
2010-08-23,10.625
2010-08-24,10.625
2010-08-25,10.625
2010-08-26,10.625
2010-08-27,10.625
2010-08-30,10.625
2010-08-31,10.625
2010-09-01,10.625
2010-09-02,10.625
2010-09-03,10.625
2010-09-06,10.625
2010-09-08,10.625
2010-09-09,10.625
2010-09-10,10.625
2010-09-13,10.625
2010-09-14,10.625
2010-09-15,10.625
2010-09-16,10.625
2010-09-17,10.625
2010-09-20,10.625
2010-09-21,10.625
2010-09-22,10.625
2010-09-23,10.625
2010-09-24,10.625
2010-09-27,10.625
2010-09-28,10.625
2010-09-29,10.625
2010-09-30,10.625
2010-10-01,10.625
2010-10-04,10.625
2010-10-05,10.625
2010-10-06,10.625
2010-10-07,10.625
2010-10-08,10.625
2010-10-11,10.625
2010-10-12,10.625
2010-10-13,10.625
2010-10-14,10.625
2010-10-15,10.625
2010-10-18,10.625
2010-10-19,10.625
2010-10-20,10.625
2010-10-21,10.625
2010-10-22,10.625
2010-10-25,10.625
2010-10-26,10.625
2010-10-27,10.625
2010-10-28,10.625
2010-10-29,10.625
2010-11-01,10.625
2010-11-02,10.625
2010-11-03,10.625
2010-11-04,10.625
2010-11-05,10.625
2010-11-08,10.625
2010-11-09,10.625
2010-11-10,10.625
2010-11-11,10.625
2010-11-12,10.625
2010-11-15,10.625
2010-11-16,10.625
2010-11-17,10.625
2010-11-18,10.625
2010-11-19,10.625
2010-11-22,10.625
2010-11-23,10.625
2010-11-24,10.625
2010-11-25,10.625
2010-11-26,10.625
2010-11-29,10.625
2010-11-30,10.625
2010-12-01,10.625
2010-12-02,10.625
2010-12-03,10.625
2010-12-06,10.625
2010-12-07,10.625
2010-12-08,10.625
2010-12-09,10.625
2010-12-10,10.625
2010-12-13,10.625
2010-12-14,10.625
2010-12-15,10.625
2010-12-16,10.625
2010-12-17,10.625
2010-12-20,10.625
2010-12-21,10.625
2010-12-22,10.625
2010-12-23,10.625
2010-12-24,10.625
2010-12-27,10.625
2010-12-29,10.625
2010-12-30,10.625
2010-12-31,10.625
2011-01-04,10.625
2011-01-05,10.625
2011-01-06,10.625
2011-01-07,10.625
2011-01-10,10.625
2011-01-12,10.625
2011-01-13,10.625
2011-01-14,10.625
2011-01-17,10.625
2011-01-18,10.625
2011-01-19,11.125
2011-01-20,11.125
2011-01-21,11.125
2011-01-24,11.125
2011-01-25,11.125
2011-01-26,11.125
2011-01-27,11.125
2011-01-28,11.125
2011-01-31,11.125
2011-02-01,11.125
2011-02-02,11.125
2011-02-03,11.125
2011-02-04,11.125
2011-02-07,11.125
2011-02-08,11.125
2011-02-09,11.125
2011-02-10,11.125
2011-02-11,11.125
2011-02-14,11.125
2011-02-15,11.125
2011-02-16,11.125
2011-02-17,11.125
2011-02-18,11.125
2011-02-21,11.125
2011-02-22,11.125
2011-02-23,11.125
2011-02-24,11.125
2011-02-25,11.125
2011-02-28,11.125
2011-03-01,11.125
2011-03-02,11.625
2011-03-03,11.625
2011-03-04,11.625
2011-03-09,11.625
2011-03-10,11.625
2011-03-11,11.625
2011-03-14,11.625
2011-03-15,11.625
2011-03-16,11.625
2011-03-17,11.625
2011-03-18,11.625
2011-03-21,11.625
2011-03-22,11.625
2011-03-23,11.625
2011-03-24,11.625
2011-03-25,11.625
2011-03-28,11.625
2011-03-29,11.625
2011-03-30,11.625
2011-03-31,11.625
2011-04-01,11.625
2011-04-04,11.625
2011-04-05,11.625
2011-04-06,11.625
2011-04-07,11.625
2011-04-08,11.625
2011-04-11,11.625
2011-04-12,11.625
2011-04-13,11.625
2011-04-14,11.625
2011-04-15,11.625
2011-04-18,11.625
2011-04-19,11.625
2011-04-20,11.875
2011-04-25,11.875
2011-04-26,11.875
2011-04-27,11.875
2011-04-28,11.875
2011-04-29,11.875
2011-05-02,11.875
2011-05-03,11.875
2011-05-04,11.875
2011-05-05,11.875
2011-05-06,11.875
2011-05-09,11.875
2011-05-10,11.875
2011-05-11,11.875
2011-05-12,11.875
2011-05-13,11.875
2011-05-16,11.875
2011-05-17,11.875
2011-05-18,11.875
2011-05-19,11.875
2011-05-20,11.875
2011-05-23,11.875
2011-05-24,11.875
2011-05-25,11.875
2011-05-26,11.875
2011-05-27,11.875
2011-05-30,11.875
2011-05-31,11.875
2011-06-01,11.875
2011-06-02,11.875
2011-06-03,11.875
2011-06-06,11.875
2011-06-07,11.875
2011-06-08,12.125
2011-06-09,12.125
2011-06-10,12.125
2011-06-13,12.125
2011-06-14,12.125
2011-06-15,12.125
2011-06-16,12.125
2011-06-17,12.125
2011-06-20,12.125
2011-06-21,12.125
2011-06-22,12.125
2011-06-24,12.125
2011-06-27,12.125
2011-06-28,12.125
2011-06-29,12.125
2011-06-30,12.125
2011-07-01,12.125
2011-07-04,12.125
2011-07-05,12.125
2011-07-06,12.125
2011-07-07,12.125
2011-07-08,12.125
2011-07-11,12.125
2011-07-12,12.125
2011-07-13,12.125
2011-07-14,12.125
2011-07-15,12.125
2011-07-18,12.125
2011-07-19,12.125
2011-07-20,12.375
2011-07-21,12.375
2011-07-22,12.375
2011-07-25,12.375
2011-07-26,12.375
2011-07-27,12.375
2011-07-28,12.375
2011-07-29,12.375
2011-08-01,12.375
2011-08-02,12.375
2011-08-03,12.375
2011-08-04,12.375
2011-08-05,12.375
2011-08-08,12.375
2011-08-09,12.375
2011-08-10,12.375
2011-08-11,12.375
2011-08-12,12.375
2011-08-15,12.375
2011-08-16,12.375
2011-08-17,12.375
2011-08-18,12.375
2011-08-19,12.375
2011-08-22,12.375
2011-08-23,12.375
2011-08-24,12.375
2011-08-25,12.375
2011-08-26,12.375
2011-08-29,12.375
2011-08-30,12.375
2011-08-31,11.875
2011-09-01,11.875
2011-09-02,11.875
2011-09-05,11.875
2011-09-06,11.875
2011-09-08,11.875
2011-09-09,11.875
2011-09-12,11.875
2011-09-13,11.875
2011-09-14,11.875
2011-09-15,11.875
2011-09-16,11.875
2011-09-19,11.875
2011-09-20,11.875
2011-09-21,11.875
2011-09-22,11.875
2011-09-23,11.875
2011-09-26,11.875
2011-09-27,11.875
2011-09-28,11.875
2011-09-29,11.875
2011-09-30,11.875
2011-10-03,11.875
2011-10-04,11.875
2011-10-05,11.875
2011-10-06,11.875
2011-10-07,11.875
2011-10-10,11.875
2011-10-11,11.875
2011-10-12,11.875
2011-10-13,11.875
2011-10-14,11.875
2011-10-17,11.875
2011-10-18,11.875
2011-10-19,11.375
2011-10-20,11.375
2011-10-21,11.375
2011-10-24,11.375
2011-10-25,11.375
2011-10-26,11.375
2011-10-27,11.375
2011-10-28,11.375
2011-10-31,11.375
2011-11-01,11.375
2011-11-02,11.375
2011-11-03,11.375
2011-11-04,11.375
2011-11-07,11.375
2011-11-08,11.375
2011-11-09,11.375
2011-11-10,11.375
2011-11-11,11.375
2011-11-14,11.375
2011-11-15,11.375
2011-11-16,11.375
2011-11-17,11.375
2011-11-18,11.375
2011-11-21,11.375
2011-11-22,11.375
2011-11-23,11.375
2011-11-24,11.375
2011-11-25,11.375
2011-11-28,11.375
2011-11-29,11.375
2011-11-30,10.875
2011-12-01,10.875
2011-12-02,10.875
2011-12-05,10.875
2011-12-06,10.875
2011-12-07,10.875
2011-12-08,10.875
2011-12-09,10.875
2011-12-12,10.875
2011-12-13,10.875
2011-12-14,10.875
2011-12-15,10.875
2011-12-16,10.875
2011-12-19,10.875
2011-12-20,10.875
2011-12-21,10.875
2011-12-22,10.875
2011-12-23,10.875
2011-12-26,10.875
2011-12-27,10.875
2011-12-28,10.875
2011-12-29,10.875
2011-12-30,10.875
2012-01-02,10.875
2012-01-03,10.875
2012-01-04,10.875
2012-01-05,10.875
2012-01-06,10.875
2012-01-09,10.875
2012-01-10,10.875
2012-01-11,10.875
2012-01-12,10.875
2012-01-13,10.875
2012-01-16,10.875
2012-01-17,10.875
2012-01-18,10.375
2012-01-19,10.375
2012-01-20,10.375
2012-01-23,10.375
2012-01-24,10.375
2012-01-25,10.375
2012-01-26,10.375
2012-01-27,10.375
2012-01-30,10.375
2012-01-31,10.375
2012-02-01,10.375
2012-02-02,10.375
2012-02-03,10.375
2012-02-06,10.375
2012-02-07,10.375
2012-02-08,10.375
2012-02-09,10.375
2012-02-10,10.375
2012-02-13,10.375
2012-02-14,10.375
2012-02-15,10.375
2012-02-16,10.375
2012-02-17,10.375
2012-02-22,10.375
2012-02-23,10.375
2012-02-24,10.375
2012-02-27,10.375
2012-02-28,10.375
2012-02-29,10.375
2012-03-01,10.375
2012-03-02,10.375
2012-03-05,10.375
2012-03-06,10.375
2012-03-07,9.625
2012-03-08,9.625
2012-03-09,9.625
2012-03-12,9.625
2012-03-13,9.625
2012-03-14,9.625
2012-03-15,9.625
2012-03-16,9.625
2012-03-19,9.625
2012-03-20,9.625
2012-03-21,9.625
2012-03-22,9.625
2012-03-23,9.625
2012-03-26,9.625
2012-03-27,9.625
2012-03-28,9.625
2012-03-29,9.625
2012-03-30,9.625
2012-04-02,9.625
2012-04-03,9.625
2012-04-04,9.625
2012-04-05,9.625
2012-04-09,9.625
2012-04-10,9.625
2012-04-11,9.625
2012-04-12,9.625
2012-04-13,9.625
2012-04-16,9.625
2012-04-17,9.625
2012-04-18,8.875
2012-04-19,8.875
2012-04-20,8.875
2012-04-23,8.875
2012-04-24,8.875
2012-04-25,8.875
2012-04-26,8.875
2012-04-27,8.875
2012-04-30,8.875
2012-05-02,8.875
2012-05-03,8.875
2012-05-04,8.875
2012-05-07,8.875
2012-05-08,8.875
2012-05-09,8.875
2012-05-10,8.875
2012-05-11,8.875
2012-05-14,8.875
2012-05-15,8.875
2012-05-16,8.875
2012-05-17,8.875
2012-05-18,8.875
2012-05-21,8.875
2012-05-22,8.875
2012-05-23,8.875
2012-05-24,8.875
2012-05-25,8.875
2012-05-28,8.875
2012-05-29,8.875
2012-05-30,8.375
2012-05-31,8.375
2012-06-01,8.375
2012-06-04,8.375
2012-06-05,8.375
2012-06-06,8.375
2012-06-08,8.375
2012-06-11,8.375
2012-06-12,8.375
2012-06-13,8.375
2012-06-14,8.375
2012-06-15,8.375
2012-06-18,8.375
2012-06-19,8.375
2012-06-20,8.375
2012-06-21,8.375
2012-06-22,8.375
2012-06-25,8.375
2012-06-26,8.375
2012-06-27,8.375
2012-06-28,8.375
2012-06-29,8.375
2012-07-02,8.375
2012-07-03,8.375
2012-07-04,8.375
2012-07-05,8.375
2012-07-06,8.375
2012-07-09,8.375
2012-07-10,8.375
2012-07-11,7.875
2012-07-12,7.875
2012-07-13,7.875
2012-07-16,7.875
2012-07-17,7.875
2012-07-18,7.875
2012-07-19,7.875
2012-07-20,7.875
2012-07-23,7.875
2012-07-24,7.875
2012-07-25,7.875
2012-07-26,7.875
2012-07-27,7.875
2012-07-30,7.875
2012-07-31,7.875
2012-08-01,7.875
2012-08-02,7.875
2012-08-03,7.875
2012-08-06,7.875
2012-08-07,7.875
2012-08-08,7.875
2012-08-09,7.875
2012-08-10,7.875
2012-08-13,7.875
2012-08-14,7.875
2012-08-15,7.875
2012-08-16,7.875
2012-08-17,7.875
2012-08-20,7.875
2012-08-21,7.875
2012-08-22,7.875
2012-08-23,7.875
2012-08-24,7.875
2012-08-27,7.875
2012-08-28,7.875
2012-08-29,7.375
2012-08-30,7.375
2012-08-31,7.375
2012-09-03,7.375
2012-09-04,7.375
2012-09-05,7.375
2012-09-06,7.375
2012-09-10,7.375
2012-09-11,7.375
2012-09-12,7.375
2012-09-13,7.375
2012-09-14,7.375
2012-09-17,7.375
2012-09-18,7.375
2012-09-19,7.375
2012-09-20,7.375
2012-09-21,7.375
2012-09-24,7.375
2012-09-25,7.375
2012-09-26,7.375
2012-09-27,7.375
2012-09-28,7.375
2012-10-01,7.375
2012-10-02,7.375
2012-10-03,7.375
2012-10-04,7.375
2012-10-05,7.375
2012-10-08,7.375
2012-10-09,7.375
2012-10-10,7.125
2012-10-11,7.125
2012-10-12,7.125
2012-10-15,7.125
2012-10-16,7.125
2012-10-17,7.125
2012-10-18,7.125
2012-10-19,7.125
2012-10-22,7.125
2012-10-23,7.125
2012-10-24,7.125
2012-10-25,7.125
2012-10-26,7.125
2012-10-29,7.125
2012-10-30,7.125
2012-10-31,7.125
2012-11-01,7.125
2012-11-05,7.125
2012-11-06,7.125
2012-11-07,7.125
2012-11-08,7.125
2012-11-09,7.125
2012-11-12,7.125
2012-11-13,7.125
2012-11-14,7.125
2012-11-16,7.125
2012-11-19,7.125
2012-11-20,7.125
2012-11-21,7.125
2012-11-22,7.125
2012-11-23,7.125
2012-11-26,7.125
2012-11-27,7.125
2012-11-28,7.125
2012-11-29,7.125
2012-11-30,7.125
2012-12-03,7.125
2012-12-04,7.125
2012-12-05,7.125
2012-12-06,7.125
2012-12-07,7.125
2012-12-10,7.125
2012-12-11,7.125
2012-12-12,7.125
2012-12-13,7.125
2012-12-14,7.125
2012-12-17,7.125
2012-12-18,7.125
2012-12-19,7.125
2012-12-20,7.125
2012-12-21,7.125
2012-12-24,7.125
2012-12-26,7.125
2012-12-27,7.125
2012-12-28,7.125
2012-12-31,7.125
2013-01-02,7.125
2013-01-03,7.125
2013-01-04,7.125
2013-01-07,7.125
2013-01-08,7.125
2013-01-09,7.125
2013-01-10,7.125
2013-01-11,7.125
2013-01-14,7.125
2013-01-15,7.125
2013-01-16,7.125
2013-01-17,7.125
2013-01-18,7.125
2013-01-21,7.125
2013-01-22,7.125
2013-01-23,7.125
2013-01-24,7.125
2013-01-25,7.125
2013-01-28,7.125
2013-01-29,7.125
2013-01-30,7.125
2013-01-31,7.125
2013-02-01,7.125
2013-02-04,7.125
2013-02-05,7.125
2013-02-06,7.125
2013-02-07,7.125
2013-02-08,7.125
2013-02-13,7.125
2013-02-14,7.125
2013-02-15,7.125
2013-02-18,7.125
2013-02-19,7.125
2013-02-20,7.125
2013-02-21,7.125
2013-02-22,7.125
2013-02-25,7.125
2013-02-26,7.125
2013-02-27,7.125
2013-02-28,7.125
2013-03-01,7.125
2013-03-04,7.125
2013-03-05,7.125
2013-03-06,7.125
2013-03-07,7.125
2013-03-08,7.125
2013-03-11,7.125
2013-03-12,7.125
2013-03-13,7.125
2013-03-14,7.125
2013-03-15,7.125
2013-03-18,7.125
2013-03-19,7.125
2013-03-20,7.125
2013-03-21,7.125
2013-03-22,7.125
2013-03-25,7.125
2013-03-26,7.125
2013-03-27,7.125
2013-03-28,7.125
2013-04-01,7.125
2013-04-02,7.125
2013-04-03,7.125
2013-04-04,7.125
2013-04-05,7.125
2013-04-08,7.125
2013-04-09,7.125
2013-04-10,7.125
2013-04-11,7.125
2013-04-12,7.125
2013-04-15,7.125
2013-04-16,7.125
2013-04-17,7.375
2013-04-18,7.375
2013-04-19,7.375
2013-04-22,7.375
2013-04-23,7.375
2013-04-24,7.375
2013-04-25,7.375
2013-04-26,7.375
2013-04-29,7.375
2013-04-30,7.375
2013-05-02,7.375
2013-05-03,7.375
2013-05-06,7.375
2013-05-07,7.375
2013-05-08,7.375
2013-05-09,7.375
2013-05-10,7.375
2013-05-13,7.375
2013-05-14,7.375
2013-05-15,7.375
2013-05-16,7.375
2013-05-17,7.375
2013-05-20,7.375
2013-05-21,7.375
2013-05-22,7.375
2013-05-23,7.375
2013-05-24,7.375
2013-05-27,7.375
2013-05-28,7.375
2013-05-29,7.875
2013-05-31,7.875
2013-06-03,7.875
2013-06-04,7.875
2013-06-05,7.875
2013-06-06,7.875
2013-06-07,7.875
2013-06-10,7.875
2013-06-11,7.875
2013-06-12,7.875
2013-06-13,7.875
2013-06-14,7.875
2013-06-17,7.875
2013-06-18,7.875
2013-06-19,7.875
2013-06-20,7.875
2013-06-21,7.875
2013-06-24,7.875
2013-06-25,7.875
2013-06-26,7.875
2013-06-27,7.875
2013-06-28,7.875
2013-07-01,7.875
2013-07-02,7.875
2013-07-03,7.875
2013-07-04,7.875
2013-07-05,7.875
2013-07-08,7.875
2013-07-09,7.875
2013-07-10,8.375
2013-07-11,8.375
2013-07-12,8.375
2013-07-15,8.375
2013-07-16,8.375
2013-07-17,8.375
2013-07-18,8.375
2013-07-19,8.375
2013-07-22,8.375
2013-07-23,8.375
2013-07-24,8.375
2013-07-25,8.375
2013-07-26,8.375
2013-07-29,8.375
2013-07-30,8.375
2013-07-31,8.375
2013-08-01,8.375
2013-08-02,8.375
2013-08-05,8.375
2013-08-06,8.375
2013-08-07,8.375
2013-08-08,8.375
2013-08-09,8.375
2013-08-12,8.375
2013-08-13,8.375
2013-08-14,8.375
2013-08-15,8.375
2013-08-16,8.375
2013-08-19,8.375
2013-08-20,8.375
2013-08-21,8.375
2013-08-22,8.375
2013-08-23,8.375
2013-08-26,8.375
2013-08-27,8.375
2013-08-28,8.875
2013-08-29,8.875
2013-08-30,8.875
2013-09-02,8.875
2013-09-03,8.875
2013-09-04,8.875
2013-09-05,8.875
2013-09-06,8.875
2013-09-09,8.875
2013-09-10,8.875
2013-09-11,8.875
2013-09-12,8.875
2013-09-13,8.875
2013-09-16,8.875
2013-09-17,8.875
2013-09-18,8.875
2013-09-19,8.875
2013-09-20,8.875
2013-09-23,8.875
2013-09-24,8.875
2013-09-25,8.875
2013-09-26,8.875
2013-09-27,8.875
2013-09-30,8.875
2013-10-01,8.875
2013-10-02,8.875
2013-10-03,8.875
2013-10-04,8.875
2013-10-07,8.875
2013-10-08,8.875
2013-10-09,9.375
2013-10-10,9.375
2013-10-11,9.375
2013-10-14,9.375
2013-10-15,9.375
2013-10-16,9.375
2013-10-17,9.375
2013-10-18,9.375
2013-10-21,9.375
2013-10-22,9.375
2013-10-23,9.375
2013-10-24,9.375
2013-10-25,9.375
2013-10-28,9.375
2013-10-29,9.375
2013-10-30,9.375
2013-10-31,9.375
2013-11-01,9.375
2013-11-04,9.375
2013-11-05,9.375
2013-11-06,9.375
2013-11-07,9.375
2013-11-08,9.375
2013-11-11,9.375
2013-11-12,9.375
2013-11-13,9.375
2013-11-14,9.375
2013-11-15,9.375
2013-11-18,9.375
2013-11-19,9.375
2013-11-20,9.375
2013-11-21,9.375
2013-11-22,9.375
2013-11-25,9.375
2013-11-26,9.375
2013-11-27,9.875
2013-11-28,9.875
2013-11-29,9.875
2013-12-02,9.875
2013-12-03,9.875
2013-12-04,9.875
2013-12-05,9.875
2013-12-06,9.875
2013-12-09,9.875
2013-12-10,9.875
2013-12-11,9.875
2013-12-12,9.875
2013-12-13,9.875
2013-12-16,9.875
2013-12-17,9.875
2013-12-18,9.875
2013-12-19,9.875
2013-12-20,9.875
2013-12-23,9.875
2013-12-24,9.875
2013-12-25,9.875
2013-12-26,9.875
2013-12-27,9.875
2013-12-30,9.875
2013-12-31,9.875
2014-01-01,9.875
2014-01-02,9.875
2014-01-03,9.875
2014-01-06,9.875
2014-01-07,9.875
2014-01-08,9.875
2014-01-09,9.875
2014-01-10,9.875
2014-01-13,9.875
2014-01-14,9.875
2014-01-15,10.375
2014-01-16,10.375
2014-01-17,10.375
2014-01-20,10.375
2014-01-21,10.375
2014-01-22,10.375
2014-01-23,10.375
2014-01-24,10.375
2014-01-27,10.375
2014-01-28,10.375
2014-01-29,10.375
2014-01-30,10.375
2014-01-31,10.375
2014-02-03,10.375
2014-02-04,10.375
2014-02-05,10.375
2014-02-06,10.375
2014-02-07,10.375
2014-02-10,10.375
2014-02-11,10.375
2014-02-12,10.375
2014-02-13,10.375
2014-02-14,10.375
2014-02-17,10.375
2014-02-18,10.375
2014-02-19,10.375
2014-02-20,10.375
2014-02-21,10.375
2014-02-24,10.375
2014-02-25,10.375
2014-02-26,10.625
2014-02-27,10.625
2014-02-28,10.625
2014-03-03,10.625
2014-03-04,10.625
2014-03-05,10.625
2014-03-06,10.625
2014-03-07,10.625
2014-03-10,10.625
2014-03-11,10.625
2014-03-12,10.625
2014-03-13,10.625
2014-03-14,10.625
2014-03-17,10.625
2014-03-18,10.625
2014-03-19,10.625
2014-03-20,10.625
2014-03-21,10.625
2014-03-24,10.625
2014-03-25,10.625
2014-03-26,10.625
2014-03-27,10.625
2014-03-28,10.625
2014-03-31,10.625
2014-04-01,10.625
2014-04-02,10.875
2014-04-03,10.875
2014-04-04,10.875
2014-04-07,10.875
2014-04-08,10.875
2014-04-09,10.875
2014-04-10,10.875
2014-04-11,10.875
2014-04-14,10.875
2014-04-15,10.875
2014-04-16,10.875
2014-04-17,10.875
2014-04-18,10.875
2014-04-21,10.875
2014-04-22,10.875
2014-04-23,10.875
2014-04-24,10.875
2014-04-25,10.875
2014-04-28,10.875
2014-04-29,10.875
2014-04-30,10.875
2014-05-01,10.875
2014-05-02,10.875
2014-05-05,10.875
2014-05-06,10.875
2014-05-07,10.875
2014-05-08,10.875
2014-05-09,10.875
2014-05-12,10.875
2014-05-13,10.875
2014-05-14,10.875
2014-05-15,10.875
2014-05-16,10.875
2014-05-19,10.875
2014-05-20,10.875
2014-05-21,10.875
2014-05-22,10.875
2014-05-23,10.875
2014-05-26,10.875
2014-05-27,10.875
2014-05-28,10.875
2014-05-29,10.875
2014-05-30,10.875
2014-06-02,10.875
2014-06-03,10.875
2014-06-04,10.875
2014-06-05,10.875
2014-06-06,10.875
2014-06-09,10.875
2014-06-10,10.875
2014-06-11,10.875
2014-06-12,10.875
2014-06-13,10.875
2014-06-16,10.875
2014-06-17,10.875
2014-06-18,10.875
2014-06-19,10.875
2014-06-20,10.875
2014-06-23,10.875
2014-06-24,10.875
2014-06-25,10.875
2014-06-26,10.875
2014-06-27,10.875
2014-06-30,10.875
2014-07-01,10.875
2014-07-02,10.875
2014-07-03,10.875
2014-07-04,10.875
2014-07-07,10.875
2014-07-08,10.875
2014-07-09,10.875
2014-07-10,10.875
2014-07-11,10.875
2014-07-14,10.875
2014-07-15,10.875
2014-07-16,10.875
2014-07-17,10.875
2014-07-18,10.875
2014-07-21,10.875
2014-07-22,10.875
2014-07-23,10.875
2014-07-24,10.875
2014-07-25,10.875
2014-07-28,10.875
2014-07-29,10.875
2014-07-30,10.875
2014-07-31,10.875
2014-08-01,10.875
2014-08-04,10.875
2014-08-05,10.875
2014-08-06,10.875
2014-08-07,10.875
2014-08-08,10.875
2014-08-11,10.875
2014-08-12,10.875
2014-08-13,10.875
2014-08-14,10.875
2014-08-15,10.875
2014-08-18,10.875
2014-08-19,10.875
2014-08-20,10.875
2014-08-21,10.875
2014-08-22,10.875
2014-08-25,10.875
2014-08-26,10.875
2014-08-27,10.875
2014-08-28,10.875
2014-08-29,10.875
2014-09-01,10.875
2014-09-02,10.875
2014-09-03,10.875
2014-09-04,10.875
2014-09-05,10.875
2014-09-08,10.875
2014-09-09,10.875
2014-09-10,10.875
2014-09-11,10.875
2014-09-12,10.875
2014-09-15,10.875
2014-09-16,10.875
2014-09-17,10.875
2014-09-18,10.875
2014-09-19,10.875
2014-09-22,10.875
2014-09-23,10.875
2014-09-24,10.875
2014-09-25,10.875
2014-09-26,10.875
2014-09-29,10.875
2014-09-30,10.875
2014-10-01,10.875
2014-10-02,10.875
2014-10-03,10.875
2014-10-06,10.875
2014-10-07,10.875
2014-10-08,10.875
2014-10-09,10.875
2014-10-10,10.875
2014-10-13,10.875
2014-10-14,10.875
2014-10-15,10.875
2014-10-16,10.875
2014-10-17,10.875
2014-10-20,10.875
2014-10-21,10.875
2014-10-22,10.875
2014-10-23,10.875
2014-10-24,10.875
2014-10-27,10.875
2014-10-28,10.875
2014-10-29,11.125
2014-10-30,11.125
2014-11-03,11.125
2014-11-04,11.125
2014-11-05,11.125
2014-11-06,11.125
2014-11-07,11.125
2014-11-10,11.125
2014-11-11,11.125
2014-11-12,11.125
2014-11-13,11.125
2014-11-17,11.125
2014-11-18,11.125
2014-11-19,11.125
2014-11-20,11.125
2014-11-21,11.125
2014-11-24,11.125
2014-11-25,11.125
2014-11-26,11.125
2014-11-27,11.125
2014-11-28,11.125
2014-12-01,11.125
2014-12-02,11.125
2014-12-03,11.625
2014-12-04,11.625
2014-12-05,11.625
2014-12-08,11.625
2014-12-09,11.625
2014-12-10,11.625
2014-12-11,11.625
2014-12-12,11.625
2014-12-15,11.625
2014-12-16,11.625
2014-12-17,11.625
2014-12-18,11.625
2014-12-19,11.625
2014-12-22,11.625
2014-12-23,11.625
2014-12-24,11.625
2014-12-25,11.625
2014-12-26,11.625
2014-12-29,11.625
2014-12-30,11.625
2014-12-31,11.625
2015-01-01,11.625
2015-01-02,11.625
2015-01-05,11.625
2015-01-06,11.625
2015-01-07,11.625
2015-01-08,11.625
2015-01-09,11.625
2015-01-12,11.625
2015-01-13,11.625
2015-01-14,11.625
2015-01-15,11.625
2015-01-16,11.625
2015-01-19,11.625
2015-01-20,11.625
2015-01-21,12.125
2015-01-22,12.125
2015-01-23,12.125
2015-01-26,12.125
2015-01-27,12.125
2015-01-28,12.125
2015-01-29,12.125
2015-01-30,12.125
2015-02-02,12.125
2015-02-03,12.125
2015-02-04,12.125
2015-02-05,12.125
2015-02-06,12.125
2015-02-09,12.125
2015-02-10,12.125
2015-02-11,12.125
2015-02-12,12.125
2015-02-13,12.125
2015-02-16,12.125
2015-02-17,12.125
2015-02-18,12.125
2015-02-19,12.125
2015-02-20,12.125
2015-02-23,12.125
2015-02-24,12.125
2015-02-25,12.125
2015-02-26,12.125
2015-02-27,12.125
2015-03-02,12.125
2015-03-03,12.125
2015-03-04,12.625
2015-03-05,12.625
2015-03-06,12.625
2015-03-09,12.625
2015-03-10,12.625
2015-03-11,12.625
2015-03-12,12.625
2015-03-13,12.625
2015-03-16,12.625
2015-03-17,12.625
2015-03-18,12.625
2015-03-19,12.625
2015-03-20,12.625
2015-03-23,12.625
2015-03-24,12.625
2015-03-25,12.625
2015-03-26,12.625
2015-03-27,12.625
2015-03-30,12.625
2015-03-31,12.625
2015-04-01,12.625
2015-04-02,12.625
2015-04-03,12.625
2015-04-06,12.625
2015-04-07,12.625
2015-04-08,12.625
2015-04-09,12.625
2015-04-10,12.625
2015-04-13,12.625
2015-04-14,12.625
2015-04-15,12.625
2015-04-16,12.625
2015-04-17,12.625
2015-04-20,12.625
2015-04-21,12.625
2015-04-22,12.625
2015-04-23,12.625
2015-04-24,12.625
2015-04-27,12.625
2015-04-28,12.625
2015-04-29,13.125
2015-04-30,13.125
2015-05-01,13.125
2015-05-04,13.125
2015-05-05,13.125
2015-05-06,13.125
2015-05-07,13.125
2015-05-08,13.125
2015-05-11,13.125
2015-05-12,13.125
2015-05-13,13.125
2015-05-14,13.125
2015-05-15,13.125
2015-05-18,13.125
2015-05-19,13.125
2015-05-20,13.125
2015-05-21,13.125
2015-05-22,13.125
2015-05-25,13.125
2015-05-26,13.125
2015-05-27,13.125
2015-05-28,13.125
2015-05-29,13.125
2015-06-01,13.125
2015-06-02,13.125
2015-06-03,13.625
2015-06-04,13.625
2015-06-05,13.625
2015-06-08,13.625
2015-06-09,13.625
2015-06-10,13.625
2015-06-11,13.625
2015-06-12,13.625
2015-06-15,13.625
2015-06-16,13.625
2015-06-17,13.625
2015-06-18,13.625
2015-06-19,13.625
2015-06-22,13.625
2015-06-23,13.625
2015-06-24,13.625
2015-06-25,13.625
2015-06-26,13.625
2015-06-29,13.625
2015-06-30,13.625
2015-07-01,13.625
2015-07-02,13.625
2015-07-03,13.625
2015-07-06,13.625
2015-07-07,13.625
2015-07-08,13.625
2015-07-09,13.625
2015-07-10,13.625
2015-07-13,13.625
2015-07-14,13.625
2015-07-15,13.625
2015-07-16,13.625
2015-07-17,13.625
2015-07-20,13.625
2015-07-21,13.625
2015-07-22,13.625
2015-07-23,13.625
2015-07-24,13.625
2015-07-27,13.625
2015-07-28,13.625
2015-07-29,14.125
2015-07-30,14.125
2015-07-31,14.125
2015-08-03,14.125
2015-08-04,14.125
2015-08-05,14.125
2015-08-06,14.125
2015-08-07,14.125
2015-08-10,14.125
2015-08-11,14.125
2015-08-12,14.125
2015-08-13,14.125
2015-08-14,14.125
2015-08-17,14.125
2015-08-18,14.125
2015-08-19,14.125
2015-08-20,14.125
2015-08-21,14.125
2015-08-24,14.125
2015-08-25,14.125
2015-08-26,14.125
2015-08-27,14.125
2015-08-28,14.125
2015-08-31,14.125
2015-09-01,14.125
2015-09-02,14.125
2015-09-03,14.125
2015-09-04,14.125
2015-09-07,14.125
2015-09-08,14.125
2015-09-09,14.125
2015-09-10,14.125
2015-09-11,14.125
2015-09-14,14.125
2015-09-15,14.125
2015-09-16,14.125
2015-09-17,14.125
2015-09-18,14.125
2015-09-21,14.125
2015-09-22,14.125
2015-09-23,14.125
2015-09-24,14.125
2015-09-25,14.125
2015-09-28,14.125
2015-09-29,14.125
2015-09-30,14.125
2015-10-01,14.125
2015-10-02,14.125
2015-10-05,14.125
2015-10-06,14.125
2015-10-07,14.125
2015-10-08,14.125
2015-10-09,14.125
2015-10-12,14.125
2015-10-13,14.125
2015-10-14,14.125
2015-10-15,14.125
2015-10-16,14.125
2015-10-19,14.125
2015-10-20,14.125
2015-10-21,14.125
2015-10-22,14.125
2015-10-23,14.125
2015-10-26,14.125
2015-10-27,14.125
2015-10-28,14.125
2015-10-29,14.125
2015-10-30,14.125
2015-11-02,14.125
2015-11-03,14.125
2015-11-04,14.125
2015-11-05,14.125
2015-11-06,14.125
2015-11-09,14.125
2015-11-10,14.125
2015-11-11,14.125
2015-11-12,14.125
2015-11-13,14.125
2015-11-16,14.125
2015-11-17,14.125
2015-11-18,14.125
2015-11-19,14.125
2015-11-20,14.125
2015-11-23,14.125
2015-11-24,14.125
2015-11-25,14.125
2015-11-26,14.125
2015-11-27,14.125
2015-11-30,14.125
2015-12-01,14.125
2015-12-02,14.125
2015-12-03,14.125
2015-12-04,14.125
2015-12-07,14.125
2015-12-08,14.125
2015-12-09,14.125
2015-12-10,14.125
2015-12-11,14.125
2015-12-14,14.125
2015-12-15,14.125
2015-12-16,13.875
2015-12-17,13.875
2015-12-18,13.875
2015-12-21,13.875
2015-12-22,13.875
2015-12-23,13.875
2015-12-24,13.875
2015-12-25,13.875
2015-12-28,13.875
2015-12-29,13.875
2015-12-30,13.875
2015-12-31,13.875
2016-01-01,13.875
2016-01-04,13.875
2016-01-05,13.875
2016-01-06,13.875
2016-01-07,13.875
2016-01-08,13.875
2016-01-11,13.875
2016-01-12,13.875
2016-01-13,13.875
2016-01-14,13.875
2016-01-15,13.875
2016-01-18,13.875
2016-01-19,13.875
2016-01-20,13.875
2016-01-21,13.875
2016-01-22,13.875
2016-01-25,13.875
2016-01-26,13.875
2016-01-27,13.875
2016-01-28,13.875
2016-01-29,13.875
2016-02-01,13.875
2016-02-02,13.875
2016-02-03,13.875
2016-02-04,13.875
2016-02-05,13.875
2016-02-08,13.875
2016-02-09,13.875
2016-02-10,13.875
2016-02-11,13.875
2016-02-12,13.875
2016-02-15,13.875
2016-02-16,13.875
2016-02-17,13.875
2016-02-18,13.875
2016-02-19,13.875
2016-02-22,13.875
2016-02-23,13.875
2016-02-24,13.875
2016-02-25,13.875
2016-02-26,13.875
2016-02-29,13.875
2016-03-01,13.875
2016-03-02,13.875
2016-03-03,13.875
2016-03-04,13.875
2016-03-07,13.875
2016-03-08,13.875
2016-03-09,13.875
2016-03-10,13.875
2016-03-11,13.875
2016-03-14,13.875
2016-03-15,13.875
2016-03-16,13.875
2016-03-17,13.875
2016-03-18,13.875
2016-03-21,13.875
2016-03-22,13.875
2016-03-23,13.875
2016-03-24,13.875
2016-03-25,13.875
2016-03-28,13.875
2016-03-29,13.875
2016-03-30,13.875
2016-03-31,13.875
2016-04-01,13.875
2016-04-04,13.875
2016-04-05,13.875
2016-04-06,13.875
2016-04-07,13.875
2016-04-08,13.875
2016-04-11,13.875
2016-04-12,13.875
2016-04-13,13.875
2016-04-14,13.875
2016-04-15,13.875
2016-04-18,13.875
2016-04-19,13.875
2016-04-20,13.875
2016-04-21,13.875
2016-04-22,13.875
2016-04-25,13.875
2016-04-26,13.875
2016-04-27,13.875
2016-04-28,13.875
2016-04-29,13.875
2016-05-02,13.875
2016-05-03,13.875
2016-05-04,13.875
2016-05-05,13.875
2016-05-06,13.875
2016-05-09,13.875
2016-05-10,13.875
2016-05-11,13.875
2016-05-12,13.875
2016-05-13,13.875
2016-05-16,13.875
2016-05-17,13.875
2016-05-18,13.875
2016-05-19,13.875
2016-05-20,13.875
2016-05-23,13.875
2016-05-24,13.875
2016-05-25,13.875
2016-05-26,13.875
2016-05-27,13.875
2016-05-30,13.875
2016-05-31,13.875
2016-06-01,13.875
2016-06-02,13.875
2016-06-03,13.875
2016-06-06,13.875
2016-06-07,13.875
2016-06-08,13.875
2016-06-09,13.875
2016-06-10,13.875
2016-06-13,13.875
2016-06-14,13.875
2016-06-15,13.875
2016-06-16,13.875
2016-06-17,13.875
2016-06-20,13.875
2016-06-21,13.875
2016-06-22,13.875
2016-06-23,13.875
2016-06-24,13.875
2016-06-27,13.875
2016-06-28,13.875
2016-06-29,13.875
2016-06-30,13.875
2016-07-01,13.875
2016-07-04,13.875
2016-07-05,13.875
2016-07-06,13.875
2016-07-07,13.875
2016-07-08,13.875
2016-07-11,13.875
2016-07-12,13.875
2016-07-13,13.875
2016-07-14,13.875
2016-07-15,13.875
2016-07-18,13.875
2016-07-19,13.875
2016-07-20,13.875
2016-07-21,13.875
2016-07-22,13.875
2016-07-25,13.875
2016-07-26,13.875
2016-07-27,13.875
2016-07-28,13.875
2016-07-29,13.875
2016-08-01,13.875
2016-08-02,13.875
2016-08-03,13.875
2016-08-04,13.875
2016-08-05,13.875
2016-08-08,13.875
2016-08-09,13.875
2016-08-10,13.875
2016-08-11,13.875
2016-08-12,13.875
2016-08-15,13.875
2016-08-16,13.875
2016-08-17,13.875
2016-08-18,13.875
2016-08-19,13.875
2016-08-22,13.875
2016-08-23,13.875
2016-08-24,13.875
2016-08-25,13.875
2016-08-26,13.875
2016-08-29,13.875
2016-08-30,13.875
2016-08-31,13.875
2016-09-01,13.875
2016-09-02,13.875
2016-09-05,13.875
2016-09-06,13.875
2016-09-07,13.875
2016-09-08,13.875
2016-09-09,13.875
2016-09-12,13.875
2016-09-13,13.875
2016-09-14,13.875
2016-09-15,13.875
2016-09-16,13.875
2016-09-19,13.875
2016-09-20,13.875
2016-09-21,13.875
2016-09-22,13.875
2016-09-23,13.875
2016-09-26,13.875
2016-09-27,13.875
2016-09-28,13.875
2016-09-29,13.875
2016-09-30,13.875
2016-10-03,13.875
2016-10-04,13.875
2016-10-05,13.875
2016-10-06,13.875
2016-10-07,13.875
2016-10-10,13.875
2016-10-11,13.875
2016-10-12,13.875
2016-10-13,13.875
2016-10-14,13.875
2016-10-17,13.875
2016-10-18,13.875
2016-10-19,13.625
2016-10-20,13.625
2016-10-21,13.625
2016-10-24,13.625
2016-10-25,13.625
2016-10-26,13.625
2016-10-27,13.625
2016-10-28,13.625
2016-10-31,13.625
2016-11-01,13.625
2016-11-02,13.625
2016-11-03,13.625
2016-11-04,13.625
2016-11-07,13.625
2016-11-08,13.625
2016-11-09,13.625
2016-11-10,13.625
2016-11-11,13.625
2016-11-14,13.625
2016-11-15,13.625
2016-11-16,13.625
2016-11-17,13.625
2016-11-18,13.625
2016-11-22,13.625
2016-11-23,13.625
2016-11-24,13.625
2016-11-25,13.625
2016-11-28,13.625
2016-11-29,13.625
2016-11-30,13.375
2016-12-01,13.375
2016-12-02,13.375
2016-12-05,13.375
2016-12-06,13.375
2016-12-07,13.375
2016-12-08,13.375
2016-12-09,13.375
2016-12-12,13.375
2016-12-13,13.375
2016-12-14,13.125
2016-12-15,13.125
2016-12-16,13.125
2016-12-19,13.125
2016-12-20,13.125
2016-12-21,13.125
2016-12-22,13.125
2016-12-23,13.125
2016-12-26,13.125
2016-12-27,13.125
2016-12-28,13.125
2016-12-29,13.125
2016-12-30,13.125
2017-01-02,13.125
2017-01-03,13.125
2017-01-04,13.125
2017-01-05,13.125
2017-01-06,13.125
2017-01-09,13.125
2017-01-10,13.125
2017-01-11,12.375
2017-01-12,12.375
2017-01-13,12.375
2017-01-16,12.375
2017-01-17,12.375
2017-01-18,12.375
2017-01-19,12.375
2017-01-20,12.375
2017-01-23,12.375
2017-01-24,12.375
2017-01-25,12.375
2017-01-26,12.375
2017-01-27,12.375
2017-01-30,12.375
2017-01-31,12.375
2017-02-01,12.375
2017-02-02,12.375
2017-02-03,12.375
2017-02-06,12.375
2017-02-07,12.375
2017-02-08,12.375
2017-02-09,12.375
2017-02-10,12.375
2017-02-13,12.375
2017-02-14,12.375
2017-02-15,12.375
2017-02-16,12.375
2017-02-17,12.375
2017-02-20,12.375
2017-02-21,12.375
2017-02-22,11.625
2017-02-23,11.625
2017-02-24,11.625
2017-02-27,11.625
2017-02-28,11.625
2017-03-01,11.625
2017-03-02,11.625
2017-03-03,11.625
2017-03-06,11.625
2017-03-07,11.625
2017-03-08,11.625
2017-03-09,11.625
2017-03-10,11.625
2017-03-13,11.625
2017-03-14,11.625
2017-03-15,11.375
2017-03-16,11.375
2017-03-17,11.375
2017-03-20,11.375
2017-03-21,11.375
2017-03-22,11.375
2017-03-23,11.375
2017-03-24,11.375
2017-03-27,11.375
2017-03-28,11.375
2017-03-29,11.375
2017-03-30,11.375
2017-03-31,11.375
2017-04-03,11.375
2017-04-04,11.375
2017-04-05,11.375
2017-04-06,11.375
2017-04-07,11.375
2017-04-10,11.375
2017-04-11,11.375
2017-04-12,10.375
2017-04-13,10.375
2017-04-14,10.375
2017-04-17,10.375
2017-04-18,10.375
2017-04-19,10.375
2017-04-20,10.375
2017-04-21,10.375
2017-04-24,10.375
2017-04-25,10.375
2017-04-26,10.375
2017-04-27,10.375
2017-04-28,10.375
2017-05-01,10.375
2017-05-02,10.375
2017-05-03,10.375
2017-05-04,10.375
2017-05-05,10.375
2017-05-08,10.375
2017-05-09,10.375
2017-05-10,10.375
2017-05-11,10.375
2017-05-12,10.375
2017-05-15,10.375
2017-05-16,10.375
2017-05-17,10.375
2017-05-18,10.375
2017-05-19,10.375
2017-05-22,10.375
2017-05-23,10.375
2017-05-24,10.375
2017-05-25,10.375
2017-05-26,10.375
2017-05-29,10.375
2017-05-30,10.375
2017-05-31,9.375
2017-06-01,9.375
2017-06-02,9.375
2017-06-05,9.375
2017-06-06,9.375
2017-06-07,9.375
2017-06-08,9.375
2017-06-09,9.375
2017-06-12,9.375
2017-06-13,9.375
2017-06-14,9.125
2017-06-15,9.125
2017-06-16,9.125
2017-06-19,9.125
2017-06-20,9.125
2017-06-21,9.125
2017-06-22,9.125
2017-06-23,9.125
2017-06-26,9.125
2017-06-27,9.125
2017-06-28,9.125
2017-06-29,9.125
2017-06-30,9.125
2017-07-03,9.125
2017-07-04,9.125
2017-07-05,9.125
2017-07-06,9.125
2017-07-07,9.125
2017-07-10,9.125
2017-07-11,9.125
2017-07-12,9.125
2017-07-13,9.125
2017-07-14,9.125
2017-07-17,9.125
2017-07-18,9.125
2017-07-19,9.125
2017-07-20,9.125
2017-07-21,9.125
2017-07-24,9.125
2017-07-25,9.125
2017-07-26,8.125
2017-07-27,8.125
2017-07-28,8.125
2017-07-31,8.125
2017-08-01,8.125
2017-08-02,8.125
2017-08-03,8.125
2017-08-04,8.125
2017-08-07,8.125
2017-08-08,8.125
2017-08-09,8.125
2017-08-10,8.125
2017-08-11,8.125
2017-08-14,8.125
2017-08-15,8.125
2017-08-16,8.125
2017-08-17,8.125
2017-08-18,8.125
2017-08-21,8.125
2017-08-22,8.125
2017-08-23,8.125
2017-08-24,8.125
2017-08-25,8.125
2017-08-28,8.125
2017-08-30,8.125
2017-08-31,8.125
2017-09-01,8.125
2017-09-04,8.125
2017-09-05,8.125
2017-09-06,7.125
2017-09-07,7.125
2017-09-08,7.125
2017-09-11,7.125
2017-09-12,7.125
2017-09-13,7.125
2017-09-14,7.125
2017-09-15,7.125
2017-09-18,7.125
2017-09-19,7.125
2017-09-20,7.125
2017-09-21,7.125
2017-09-22,7.125
2017-09-25,7.125
2017-09-26,7.125
2017-09-27,7.125
2017-09-28,7.125
2017-09-29,7.125
2017-10-02,7.125
2017-10-03,7.125
2017-10-04,7.125
2017-10-05,7.125
2017-10-06,7.125
2017-10-09,7.125
2017-10-10,7.125
2017-10-11,7.125
2017-10-12,7.125
2017-10-13,7.125
2017-10-16,7.125
2017-10-17,7.125
2017-10-18,7.125
2017-10-19,7.125
2017-10-20,7.125
2017-10-23,7.125
2017-10-24,7.125
2017-10-25,6.375
2017-10-26,6.375
2017-10-27,6.375
2017-10-30,6.375
2017-10-31,6.375
2017-11-01,6.375
2017-11-02,6.375
2017-11-03,6.375
2017-11-06,6.375
2017-11-07,6.375
2017-11-08,6.375
2017-11-09,6.375
2017-11-10,6.375
2017-11-13,6.375
2017-11-14,6.375
2017-11-15,6.375
2017-11-16,6.375
2017-11-17,6.375
2017-11-20,6.375
2017-11-21,6.375
2017-11-22,6.375
2017-11-23,6.375
2017-11-24,6.375
2017-11-27,6.375
2017-11-28,6.375
2017-11-29,6.375
2017-11-30,6.375
2017-12-01,6.375
2017-12-04,6.375
2017-12-05,6.375
2017-12-06,5.875
2017-12-07,5.875
2017-12-08,5.875
2017-12-11,5.875
2017-12-12,5.875
2017-12-13,5.625
2017-12-14,5.625
2017-12-15,5.625
2017-12-18,5.625
2017-12-19,5.625
2017-12-20,5.625
2017-12-21,5.625
2017-12-22,5.625
2017-12-25,5.625
2017-12-26,5.625
2017-12-27,5.625
2017-12-28,5.625
2017-12-29,5.625
2018-01-01,5.625
2018-01-02,5.625
2018-01-03,5.625
2018-01-04,5.625
2018-01-05,5.625
2018-01-08,5.625
2018-01-09,5.625
2018-01-10,5.625
2018-01-11,5.625
2018-01-12,5.625
2018-01-15,5.625
2018-01-16,5.625
2018-01-17,5.625
2018-01-18,5.625
2018-01-19,5.625
2018-01-22,5.625
2018-01-23,5.625
2018-01-24,5.625
2018-01-25,5.625
2018-01-26,5.625
2018-01-29,5.625
2018-01-30,5.625
2018-01-31,5.625
2018-02-01,5.625
2018-02-02,5.625
2018-02-05,5.625
2018-02-06,5.625
2018-02-07,5.375
2018-02-08,5.375
2018-02-09,5.375
2018-02-12,5.375
2018-02-13,5.375
2018-02-14,5.375
2018-02-15,5.375
2018-02-16,5.375
2018-02-19,5.375
2018-02-20,5.375
2018-02-21,5.375
2018-02-22,5.375
2018-02-23,5.375
2018-02-26,5.375
2018-02-27,5.375
2018-02-28,5.375
2018-03-01,5.375
2018-03-02,5.375
2018-03-05,5.375
2018-03-06,5.375
2018-03-07,5.375
2018-03-08,5.375
2018-03-09,5.375
2018-03-12,5.375
2018-03-13,5.375
2018-03-14,5.375
2018-03-15,5.375
2018-03-16,5.375
2018-03-19,5.375
2018-03-20,5.375
2018-03-21,4.875
2018-03-22,4.875
2018-03-23,4.875
2018-03-26,4.875
2018-03-27,4.875
2018-03-28,4.875
2018-03-29,4.875
2018-03-30,4.875
2018-04-02,4.875
2018-04-03,4.875
2018-04-04,4.875
2018-04-05,4.875
2018-04-06,4.875
2018-04-09,4.875
2018-04-10,4.875
2018-04-11,4.875
2018-04-12,4.875
2018-04-13,4.875
2018-04-16,4.875
2018-04-17,4.875
2018-04-18,4.875
2018-04-19,4.875
2018-04-20,4.875
2018-04-23,4.875
2018-04-24,4.875
2018-04-25,4.875
2018-04-26,4.875
2018-04-27,4.875
2018-04-30,4.875
2018-05-01,4.875
2018-05-02,4.875
2018-05-03,4.875
2018-05-04,4.875
2018-05-07,4.875
2018-05-08,4.875
2018-05-09,4.875
2018-05-10,4.875
2018-05-11,4.875
2018-05-14,4.875
2018-05-15,4.875
2018-05-16,4.875
2018-05-17,4.875
2018-05-18,4.875
2018-05-21,4.875
2018-05-22,4.875
2018-05-23,4.875
2018-05-24,4.875
2018-05-25,4.875
2018-05-28,4.875
2018-05-29,4.875
2018-05-30,4.875
2018-05-31,4.875
2018-06-01,4.875
2018-06-04,4.875
2018-06-05,4.875
2018-06-06,4.875
2018-06-07,4.875
2018-06-08,4.875
2018-06-11,4.875
2018-06-12,4.875
2018-06-13,4.625
2018-06-14,4.625
2018-06-15,4.625
2018-06-18,4.625
2018-06-19,4.625
2018-06-20,4.625
2018-06-21,4.625
2018-06-22,4.625
2018-06-25,4.625
2018-06-26,4.625
2018-06-27,4.625
2018-06-28,4.625
2018-06-29,4.625
2018-07-02,4.625
2018-07-03,4.625
2018-07-04,4.625
2018-07-05,4.625
2018-07-06,4.625
2018-07-09,4.625
2018-07-10,4.625
2018-07-11,4.625
2018-07-12,4.625
2018-07-13,4.625
2018-07-16,4.625
2018-07-17,4.625
2018-07-18,4.625
2018-07-19,4.625
2018-07-20,4.625
2018-07-23,4.625
2018-07-24,4.625
2018-07-25,4.625
2018-07-26,4.625
2018-07-27,4.625
2018-07-30,4.625
2018-07-31,4.625
2018-08-01,4.625
2018-08-02,4.625
2018-08-03,4.625
2018-08-06,4.625
2018-08-07,4.625
2018-08-08,4.625
2018-08-09,4.625
2018-08-10,4.625
2018-08-13,4.625
2018-08-14,4.625
2018-08-15,4.625
2018-08-16,4.625
2018-08-17,4.625
2018-08-20,4.625
2018-08-21,4.625
2018-08-22,4.625
2018-08-23,4.625
2018-08-24,4.625
2018-08-27,4.625
2018-08-28,4.625
2018-08-29,4.625
2018-08-30,4.625
2018-08-31,4.625
2018-09-03,4.625
2018-09-04,4.625
2018-09-05,4.625
2018-09-06,4.625
2018-09-07,4.625
2018-09-10,4.625
2018-09-11,4.625
2018-09-12,4.625
2018-09-13,4.625
2018-09-14,4.625
2018-09-17,4.625
2018-09-18,4.625
2018-09-19,4.625
2018-09-20,4.625
2018-09-21,4.625
2018-09-24,4.625
2018-09-25,4.625
2018-09-26,4.375
2018-09-27,4.375
2018-09-28,4.375
2018-10-01,4.375
2018-10-02,4.375
2018-10-03,4.375
2018-10-04,4.375
2018-10-05,4.375
2018-10-08,4.375
2018-10-09,4.375
2018-10-10,4.375
2018-10-11,4.375
2018-10-12,4.375
2018-10-15,4.375
2018-10-16,4.375
2018-10-17,4.375
2018-10-18,4.375
2018-10-19,4.375
2018-10-22,4.375
2018-10-23,4.375
2018-10-24,4.375
2018-10-25,4.375
2018-10-26,4.375
2018-10-29,4.375
2018-10-30,4.375
2018-10-31,4.375
2018-11-01,4.375
2018-11-02,4.375
2018-11-05,4.375
2018-11-06,4.375
2018-11-07,4.375
2018-11-08,4.375
2018-11-09,4.375
2018-11-12,4.375
2018-11-13,4.375
2018-11-14,4.375
2018-11-15,4.375
2018-11-16,4.375
2018-11-19,4.375
2018-11-20,4.375
2018-11-21,4.375
2018-11-22,4.375
2018-11-23,4.375
2018-11-26,4.375
2018-11-27,4.375
2018-11-28,4.375
2018-11-29,4.375
2018-11-30,4.375
2018-12-03,4.375
2018-12-04,4.375
2018-12-05,4.375
2018-12-06,4.375
2018-12-07,4.375
2018-12-10,4.375
2018-12-11,4.375
2018-12-12,4.375
2018-12-13,4.375
2018-12-14,4.375
2018-12-17,4.375
2018-12-18,4.375
2018-12-19,4.125
2018-12-20,4.125
2018-12-21,4.125
2018-12-24,4.125
2018-12-25,4.125
2018-12-26,4.125
2018-12-27,4.125
2018-12-28,4.125
2018-12-31,4.125
2019-01-01,4.125
2019-01-02,4.125
2019-01-03,4.125
2019-01-04,4.125
2019-01-07,4.125
2019-01-08,4.125
2019-01-09,4.125
2019-01-10,4.125
2019-01-11,4.125
2019-01-14,4.125
2019-01-15,4.125
2019-01-16,4.125
2019-01-17,4.125
2019-01-18,4.125
2019-01-21,4.125
2019-01-22,4.125
2019-01-23,4.125
2019-01-24,4.125
2019-01-25,4.125
2019-01-28,4.125
2019-01-29,4.125
2019-01-30,4.125
2019-01-31,4.125
2019-02-01,4.125
2019-02-04,4.125
2019-02-05,4.125
2019-02-06,4.125
2019-02-07,4.125
2019-02-08,4.125
2019-02-11,4.125
2019-02-12,4.125
2019-02-13,4.125
2019-02-14,4.125
2019-02-15,4.125
2019-02-18,4.125
2019-02-19,4.125
2019-02-20,4.125
2019-02-21,4.125
2019-02-22,4.125
2019-02-25,4.125
2019-02-26,4.125
2019-02-27,4.125
2019-02-28,4.125
2019-03-01,4.125
2019-03-04,4.125
2019-03-05,4.125
2019-03-06,4.125
2019-03-07,4.125
2019-03-08,4.125
2019-03-11,4.125
2019-03-12,4.125
2019-03-13,4.125
2019-03-14,4.125
2019-03-15,4.125
2019-03-18,4.125
2019-03-19,4.125
2019-03-20,4.125
2019-03-21,4.125
2019-03-22,4.125
2019-03-25,4.125
2019-03-26,4.125
2019-03-27,4.125
2019-03-28,4.125
2019-03-29,4.125
2019-04-01,4.125
2019-04-02,4.125
2019-04-03,4.125
2019-04-04,4.125
2019-04-05,4.125
2019-04-08,4.125
2019-04-09,4.125
2019-04-10,4.125
2019-04-11,4.125
2019-04-12,4.125
2019-04-15,4.125
2019-04-16,4.125
2019-04-17,4.125
2019-04-18,4.125
2019-04-19,4.125
2019-04-22,4.125
2019-04-23,4.125
2019-04-24,4.125
2019-04-25,4.125
2019-04-26,4.125
2019-04-29,4.125
2019-04-30,4.125
2019-05-01,4.125
2019-05-02,4.125
2019-05-03,4.125
2019-05-06,4.125
2019-05-07,4.125
2019-05-08,4.125
2019-05-09,4.125
2019-05-10,4.125
2019-05-13,4.125
2019-05-14,4.125
2019-05-15,4.125
2019-05-16,4.125
2019-05-17,4.125
2019-05-20,4.125
2019-05-21,4.125
2019-05-22,4.125
2019-05-23,4.125
2019-05-24,4.125
2019-05-27,4.125
2019-05-28,4.125
2019-05-29,4.125
2019-05-30,4.125
2019-05-31,4.125
2019-06-03,4.125
2019-06-04,4.125
2019-06-05,4.125
2019-06-06,4.125
2019-06-07,4.125
2019-06-10,4.125
2019-06-11,4.125
2019-06-12,4.125
2019-06-13,4.125
2019-06-14,4.125
2019-06-17,4.125
2019-06-18,4.125
2019-06-19,4.125
2019-06-20,4.125
2019-06-21,4.125
2019-06-24,4.125
2019-06-25,4.125
2019-06-26,4.125
2019-06-27,4.125
2019-06-28,4.125
2019-07-01,4.125
2019-07-02,4.125
2019-07-03,4.125
2019-07-04,4.125
2019-07-05,4.125
2019-07-08,4.125
2019-07-09,4.125
2019-07-10,4.125
2019-07-11,4.125
2019-07-12,4.125
2019-07-15,4.125
2019-07-16,4.125
2019-07-17,4.125
2019-07-18,4.125
2019-07-19,4.125
2019-07-22,4.125
2019-07-23,4.125
2019-07-24,4.125
2019-07-25,4.125
2019-07-26,4.125
2019-07-29,4.125
2019-07-30,4.125
2019-07-31,3.875
2019-08-01,3.875
2019-08-02,3.875
2019-08-05,3.875
2019-08-06,3.875
2019-08-07,3.875
2019-08-08,3.875
2019-08-09,3.875
2019-08-12,3.875
2019-08-13,3.875
2019-08-14,3.875
2019-08-15,3.875
2019-08-16,3.875
2019-08-19,3.875
2019-08-20,3.875
2019-08-21,3.875
2019-08-22,3.875
2019-08-23,3.875
2019-08-26,3.875
2019-08-27,3.875
2019-08-28,3.875
2019-08-29,3.875
2019-08-30,3.875
2019-09-02,3.875
2019-09-03,3.875
2019-09-04,3.875
2019-09-05,3.875
2019-09-06,3.875
2019-09-09,3.875
2019-09-10,3.875
2019-09-11,3.875
2019-09-12,3.875
2019-09-13,3.875
2019-09-16,3.875
2019-09-17,3.875
2019-09-18,3.625
2019-09-19,3.625
2019-09-20,3.625
2019-09-23,3.625
2019-09-24,3.625
2019-09-25,3.625
2019-09-26,3.625
2019-09-27,3.625
2019-09-30,3.625
2019-10-01,3.625
2019-10-02,3.625
2019-10-03,3.625
2019-10-04,3.625
2019-10-07,3.625
2019-10-08,3.625
2019-10-09,3.625
2019-10-10,3.625
2019-10-11,3.625
2019-10-14,3.625
2019-10-15,3.625
2019-10-16,3.625
2019-10-17,3.625
2019-10-18,3.625
2019-10-21,3.625
2019-10-22,3.625
2019-10-23,3.625
2019-10-24,3.625
2019-10-25,3.625
2019-10-28,3.625
2019-10-29,3.625
2019-10-30,3.375
2019-10-31,3.375
2019-11-01,3.375
2019-11-04,3.375
2019-11-05,3.375
2019-11-06,3.375
2019-11-07,3.375
2019-11-08,3.375
2019-11-11,3.375
2019-11-12,3.375
2019-11-13,3.375
2019-11-14,3.375
2019-11-15,3.375
2019-11-18,3.375
2019-11-19,3.375
2019-11-20,3.375
2019-11-21,3.375
2019-11-22,3.375
2019-11-25,3.375
2019-11-26,3.375
2019-11-27,3.375
2019-11-28,3.375
2019-11-29,3.375
2019-12-02,3.375
2019-12-03,3.375
2019-12-04,3.375
2019-12-05,3.375
2019-12-06,3.375
2019-12-09,3.375
2019-12-10,3.375
2019-12-11,2.875
2019-12-12,2.875
2019-12-13,2.875
2019-12-16,2.875
2019-12-17,2.875
2019-12-18,2.875
2019-12-19,2.875
2019-12-20,2.875
2019-12-23,2.875
2019-12-24,2.875
2019-12-25,2.875
2019-12-26,2.875
2019-12-27,2.875
2019-12-30,2.875
2019-12-31,2.875
2020-01-01,2.875
2020-01-02,2.875
2020-01-03,2.875
2020-01-06,2.875
2020-01-07,2.875
2020-01-08,2.875
2020-01-09,2.875
2020-01-10,2.875
2020-01-13,2.875
2020-01-14,2.875
2020-01-15,2.875
2020-01-16,2.875
2020-01-17,2.875
2020-01-20,2.875
2020-01-21,2.875
2020-01-22,2.875
2020-01-23,2.875
2020-01-24,2.875
2020-01-27,2.875
2020-01-28,2.875
2020-01-29,2.875
2020-01-30,2.875
2020-01-31,2.875
2020-02-03,2.875
2020-02-04,2.875
2020-02-05,2.625
2020-02-06,2.625
2020-02-07,2.625
2020-02-10,2.625
2020-02-11,2.625
2020-02-12,2.625
2020-02-13,2.625
2020-02-14,2.625
2020-02-17,2.625
2020-02-18,2.625
2020-02-19,2.625
2020-02-20,2.625
2020-02-21,2.625
2020-02-24,2.625
2020-02-25,2.625
2020-02-26,2.625
2020-02-27,2.625
2020-02-28,2.625
2020-03-02,2.625
2020-03-03,3.125
2020-03-04,3.125
2020-03-05,3.125
2020-03-06,3.125
2020-03-09,3.125
2020-03-10,3.125
2020-03-11,3.125
2020-03-12,3.125
2020-03-13,3.125
2020-03-16,4.125
2020-03-17,4.125
2020-03-18,3.625
2020-03-19,3.625
2020-03-20,3.625
2020-03-23,3.625
2020-03-24,3.625
2020-03-25,3.625
2020-03-26,3.625
2020-03-27,3.625
2020-03-30,3.625
2020-03-31,3.625
2020-04-01,3.625
2020-04-02,3.625
2020-04-03,3.625
2020-04-06,3.625
2020-04-07,3.625
2020-04-08,3.625
2020-04-09,3.625
2020-04-10,3.625
2020-04-13,3.625
2020-04-14,3.625
2020-04-15,3.625
2020-04-16,3.625
2020-04-17,3.625
2020-04-20,3.625
2020-04-21,3.625
2020-04-22,3.625
2020-04-23,3.625
2020-04-24,3.625
2020-04-27,3.625
2020-04-28,3.625
2020-04-29,3.625
2020-04-30,3.625
2020-05-01,3.625
2020-05-04,3.625
2020-05-05,3.625
2020-05-06,2.875
2020-05-07,2.875
2020-05-08,2.875
2020-05-11,2.875
2020-05-12,2.875
2020-05-13,2.875
2020-05-14,2.875
2020-05-15,2.875
2020-05-18,2.875
2020-05-19,2.875
2020-05-20,2.875
2020-05-21,2.875
2020-05-22,2.875
2020-05-25,2.875
2020-05-26,2.875
2020-05-27,2.875
2020-05-28,2.875
2020-05-29,2.875
2020-06-01,2.875
2020-06-02,2.875
2020-06-03,2.875
2020-06-04,2.875
2020-06-05,2.875
2020-06-08,2.875
2020-06-09,2.875
2020-06-10,2.875
2020-06-11,2.875
2020-06-12,2.875
2020-06-15,2.875
2020-06-16,2.875
2020-06-17,2.125
2020-06-18,2.125
2020-06-19,2.125
2020-06-22,2.125
2020-06-23,2.125
2020-06-24,2.125
2020-06-25,2.125
2020-06-26,2.125
2020-06-29,2.125
2020-06-30,2.125
2020-07-01,2.125
2020-07-02,2.125
2020-07-03,2.125
2020-07-06,2.125
2020-07-07,2.125
2020-07-08,2.125
2020-07-09,2.125
2020-07-10,2.125
2020-07-13,2.125
2020-07-14,2.125
2020-07-15,2.125
2020-07-16,2.125
2020-07-17,2.125
2020-07-20,2.125
2020-07-21,2.125
2020-07-22,2.125
2020-07-23,2.125
2020-07-24,2.125
2020-07-27,2.125
2020-07-28,2.125
2020-07-29,2.125
2020-07-30,2.125
2020-07-31,2.125
2020-08-03,2.125
2020-08-04,2.125
2020-08-05,1.875
2020-08-06,1.875
2020-08-07,1.875
2020-08-10,1.875
2020-08-11,1.875
2020-08-12,1.875
2020-08-13,1.875
2020-08-14,1.875
2020-08-17,1.875
2020-08-18,1.875
2020-08-19,1.875
2020-08-20,1.875
2020-08-21,1.875
2020-08-24,1.875
2020-08-25,1.875
2020-08-26,1.875
2020-08-27,1.875
2020-08-28,1.875
2020-08-31,1.875
2020-09-01,1.875
2020-09-02,1.875
2020-09-03,1.875
2020-09-04,1.875
2020-09-07,1.875
2020-09-08,1.875
2020-09-09,1.875
2020-09-10,1.875
2020-09-11,1.875
2020-09-14,1.875
2020-09-15,1.875
2020-09-16,1.875
2020-09-17,1.875
2020-09-18,1.875
2020-09-21,1.875
2020-09-22,1.875
2020-09-23,1.875
2020-09-24,1.875
2020-09-25,1.875
2020-09-28,1.875
2020-09-29,1.875
2020-09-30,1.875
2020-10-01,1.875
2020-10-02,1.875
2020-10-05,1.875
2020-10-06,1.875
2020-10-07,1.875
2020-10-08,1.875
2020-10-09,1.875
2020-10-12,1.875
2020-10-13,1.875
2020-10-14,1.875
2020-10-15,1.875
2020-10-16,1.875
2020-10-19,1.875
2020-10-20,1.875
2020-10-21,1.875
2020-10-22,1.875
2020-10-23,1.875
2020-10-26,1.875
2020-10-27,1.875
2020-10-28,1.875
2020-10-29,1.875
2020-10-30,1.875
2020-11-02,1.875
2020-11-03,1.875
2020-11-04,1.875
2020-11-05,1.875
2020-11-06,1.875
2020-11-09,1.875
2020-11-10,1.875
2020-11-11,1.875
2020-11-12,1.875
2020-11-13,1.875
2020-11-16,1.875
2020-11-17,1.875
2020-11-18,1.875
2020-11-19,1.875
2020-11-20,1.875
2020-11-23,1.875
2020-11-24,1.875
2020-11-25,1.875
2020-11-26,1.875
2020-11-27,1.875
2020-11-30,1.875
2020-12-01,1.875
2020-12-02,1.875
2020-12-03,1.875
2020-12-04,1.875
2020-12-07,1.875
2020-12-08,1.875
2020-12-09,1.875
2020-12-10,1.875
2020-12-11,1.875
2020-12-14,1.875
2020-12-15,1.875
2020-12-16,1.875
2020-12-17,1.875
2020-12-18,1.875
2020-12-21,1.875
2020-12-22,1.875
2020-12-23,1.875
2020-12-24,1.875
2020-12-25,1.875
2020-12-28,1.875
2020-12-29,1.875
2020-12-30,1.875
2020-12-31,1.875
2021-01-01,1.875
2021-01-04,1.875
2021-01-05,1.875
2021-01-06,1.875
2021-01-07,1.875
2021-01-08,1.875
2021-01-11,1.875
2021-01-12,1.875
2021-01-13,1.875
2021-01-14,1.875
2021-01-15,1.875
2021-01-18,1.875
2021-01-19,1.875
2021-01-20,1.875
2021-01-21,1.875
2021-01-22,1.875
2021-01-25,1.875
2021-01-26,1.875
2021-01-27,1.875
2021-01-28,1.875
2021-01-29,1.875
2021-02-01,1.875
2021-02-02,1.875
2021-02-03,1.875
2021-02-04,1.875
2021-02-05,1.875
2021-02-08,1.875
2021-02-09,1.875
2021-02-10,1.875
2021-02-11,1.875
2021-02-12,1.875
2021-02-15,1.875
2021-02-16,1.875
2021-02-17,1.875
2021-02-18,1.875
2021-02-19,1.875
2021-02-22,1.875
2021-02-23,1.875
2021-02-24,1.875
2021-02-25,1.875
2021-02-26,1.875
2021-03-01,1.875
2021-03-02,1.875
2021-03-03,1.875
2021-03-04,1.875
2021-03-05,1.875
2021-03-08,1.875
2021-03-09,1.875
2021-03-10,1.875
2021-03-11,1.875
2021-03-12,1.875
2021-03-15,1.875
2021-03-16,1.875
2021-03-17,2.625
2021-03-18,2.625
2021-03-19,2.625
2021-03-22,2.625
2021-03-23,2.625
2021-03-24,2.625
2021-03-25,2.625
2021-03-26,2.625
2021-03-29,2.625
2021-03-30,2.625
2021-03-31,2.625
2021-04-01,2.625
2021-04-02,2.625
2021-04-05,2.625
2021-04-06,2.625
2021-04-07,2.625
2021-04-08,2.625
2021-04-09,2.625
2021-04-12,2.625
2021-04-13,2.625
2021-04-14,2.625
2021-04-15,2.625
2021-04-16,2.625
2021-04-19,2.625
2021-04-20,2.625
2021-04-21,2.625
2021-04-22,2.625
2021-04-23,2.625
2021-04-26,2.625
2021-04-27,2.625
2021-04-28,2.625
2021-04-29,2.625
2021-04-30,2.625
2021-05-03,2.625
2021-05-04,2.625
2021-05-05,3.375
2021-05-06,3.375
2021-05-07,3.375
2021-05-10,3.375
2021-05-11,3.375
2021-05-12,3.375
2021-05-13,3.375
2021-05-14,3.375
2021-05-17,3.375
2021-05-18,3.375
2021-05-19,3.375
2021-05-20,3.375
2021-05-21,3.375
2021-05-24,3.375
2021-05-25,3.375
2021-05-26,3.375
2021-05-27,3.375
2021-05-28,3.375
2021-05-31,3.375
2021-06-01,3.375
2021-06-02,3.375
2021-06-03,3.375
2021-06-04,3.375
2021-06-07,3.375
2021-06-08,3.375
2021-06-09,3.375
2021-06-10,3.375
2021-06-11,3.375
2021-06-14,3.375
2021-06-15,3.375
2021-06-16,4.125
2021-06-17,4.125
2021-06-18,4.125
2021-06-21,4.125
2021-06-22,4.125
2021-06-23,4.125
2021-06-24,4.125
2021-06-25,4.125
2021-06-28,4.125
2021-06-29,4.125
2021-06-30,4.125
2021-07-01,4.125
2021-07-02,4.125
2021-07-05,4.125
2021-07-06,4.125
2021-07-07,4.125
2021-07-08,4.125
2021-07-09,4.125
2021-07-12,4.125
2021-07-13,4.125
2021-07-14,4.125
2021-07-15,4.125
2021-07-16,4.125
2021-07-19,4.125
2021-07-20,4.125
2021-07-21,4.125
2021-07-22,4.125
2021-07-23,4.125
2021-07-26,4.125
2021-07-27,4.125
2021-07-28,4.125
2021-07-29,4.125
2021-07-30,4.125
2021-08-02,4.125
2021-08-03,4.125
2021-08-04,5.125
2021-08-05,5.125
2021-08-06,5.125
2021-08-09,5.125
2021-08-10,5.125
2021-08-11,5.125
2021-08-12,5.125
2021-08-13,5.125
2021-08-16,5.125
2021-08-17,5.125
2021-08-18,5.125
2021-08-19,5.125
2021-08-20,5.125
2021-08-23,5.125
2021-08-24,5.125
2021-08-25,5.125
2021-08-26,5.125
2021-08-27,5.125
2021-08-30,5.125
2021-08-31,5.125
2021-09-01,5.125
2021-09-02,5.125
2021-09-03,5.125
2021-09-06,5.125
2021-09-07,5.125
2021-09-08,5.125
2021-09-09,5.125
2021-09-10,5.125
2021-09-13,5.125
2021-09-14,5.125
2021-09-15,5.125
2021-09-16,5.125
2021-09-17,5.125
2021-09-20,5.125
2021-09-21,5.125
2021-09-22,6.125
2021-09-23,6.125
2021-09-24,6.125
2021-09-27,6.125
2021-09-28,6.125
2021-09-29,6.125
2021-09-30,6.125
2021-10-01,6.125
2021-10-04,6.125
2021-10-05,6.125
2021-10-06,6.125
2021-10-07,6.125
2021-10-08,6.125
2021-10-11,6.125
2021-10-12,6.125
2021-10-13,6.125
2021-10-14,6.125
2021-10-15,6.125
2021-10-18,6.125
2021-10-19,6.125
2021-10-20,6.125
2021-10-21,6.125
2021-10-22,6.125
2021-10-25,6.125
2021-10-26,6.125
2021-10-27,7.625
2021-10-28,7.625
2021-10-29,7.625
2021-11-01,7.625
2021-11-02,7.625
2021-11-03,7.625
2021-11-04,7.625
2021-11-05,7.625
2021-11-08,7.625
2021-11-09,7.625
2021-11-10,7.625
2021-11-11,7.625
2021-11-12,7.625
2021-11-15,7.625
2021-11-16,7.625
2021-11-17,7.625
2021-11-18,7.625
2021-11-19,7.625
2021-11-22,7.625
2021-11-23,7.625
2021-11-24,7.625
2021-11-25,7.625
2021-11-26,7.625
2021-11-29,7.625
2021-11-30,7.625
2021-12-01,7.625
2021-12-02,7.625
2021-12-03,7.625
2021-12-06,7.625
2021-12-07,7.625
2021-12-08,9.125
2021-12-09,9.125
2021-12-10,9.125
2021-12-13,9.125
2021-12-14,9.125
2021-12-15,9.125
2021-12-16,9.125
2021-12-17,9.125
2021-12-20,9.125
2021-12-21,9.125
2021-12-22,9.125
2021-12-23,9.125
2021-12-24,9.125
2021-12-27,9.125
2021-12-28,9.125
2021-12-29,9.125
2021-12-30,9.125
2021-12-31,9.125
2022-01-03,9.125
2022-01-04,9.125
2022-01-05,9.125
2022-01-06,9.125
2022-01-07,9.125
2022-01-10,9.125
2022-01-11,9.125
2022-01-12,9.125
2022-01-13,9.125
2022-01-14,9.125
2022-01-17,9.125
2022-01-18,9.125
2022-01-19,9.125
2022-01-20,9.125
2022-01-21,9.125
2022-01-24,9.125
2022-01-25,9.125
2022-01-26,9.125
2022-01-27,9.125
2022-01-28,9.125
2022-01-31,9.125
2022-02-01,9.125
2022-02-02,10.625
2022-02-03,10.625
2022-02-04,10.625
2022-02-07,10.625
2022-02-08,10.625
2022-02-09,10.625
2022-02-10,10.625
2022-02-11,10.625
2022-02-14,10.625
2022-02-15,10.625
2022-02-16,10.625
2022-02-17,10.625
2022-02-18,10.625
2022-02-21,10.625
2022-02-22,10.625
2022-02-23,10.625
2022-02-24,10.625
2022-02-25,10.625
2022-02-28,10.625
2022-03-01,10.625
2022-03-02,10.625
2022-03-03,10.625
2022-03-04,10.625
2022-03-07,10.625
2022-03-08,10.625
2022-03-09,10.625
2022-03-10,10.625
2022-03-11,10.625
2022-03-14,10.625
2022-03-15,10.625
2022-03-16,11.375
2022-03-17,11.375
2022-03-18,11.375
2022-03-21,11.375
2022-03-22,11.375
2022-03-23,11.375
2022-03-24,11.375
2022-03-25,11.375
2022-03-28,11.375
2022-03-29,11.375
2022-03-30,11.375
2022-03-31,11.375
2022-04-01,11.375
2022-04-04,11.375
2022-04-05,11.375
2022-04-06,11.375
2022-04-07,11.375
2022-04-08,11.375
2022-04-11,11.375
2022-04-12,11.375
2022-04-13,11.375
2022-04-14,11.375
2022-04-15,11.375
2022-04-18,11.375
2022-04-19,11.375
2022-04-20,11.375
2022-04-21,11.375
2022-04-22,11.375
2022-04-25,11.375
2022-04-26,11.375
2022-04-27,11.375
2022-04-28,11.375
2022-04-29,11.375
2022-05-02,11.375
2022-05-03,11.375
2022-05-04,11.875
2022-05-05,11.875
2022-05-06,11.875
2022-05-09,11.875
2022-05-10,11.875
2022-05-11,11.875
2022-05-12,11.875
2022-05-13,11.875
2022-05-16,11.875
2022-05-17,11.875
2022-05-18,11.875
2022-05-19,11.875
2022-05-20,11.875
2022-05-23,11.875
2022-05-24,11.875
2022-05-25,11.875
2022-05-26,11.875
2022-05-27,11.875
2022-05-30,11.875
2022-05-31,11.875
2022-06-01,11.875
2022-06-02,11.875
2022-06-03,11.875
2022-06-06,11.875
2022-06-07,11.875
2022-06-08,11.875
2022-06-09,11.875
2022-06-10,11.875
2022-06-13,11.875
2022-06-14,11.875
2022-06-15,11.625
2022-06-16,11.625
2022-06-17,11.625
2022-06-20,11.625
2022-06-21,11.625
2022-06-22,11.625
2022-06-23,11.625
2022-06-24,11.625
2022-06-27,11.625
2022-06-28,11.625
2022-06-29,11.625
2022-06-30,11.625
2022-07-01,11.625
2022-07-04,11.625
2022-07-05,11.625
2022-07-06,11.625
2022-07-07,11.625
2022-07-08,11.625
2022-07-11,11.625
2022-07-12,11.625
2022-07-13,11.625
2022-07-14,11.625
2022-07-15,11.625
2022-07-18,11.625
2022-07-19,11.625
2022-07-20,11.625
2022-07-21,11.625
2022-07-22,11.625
2022-07-25,11.625
2022-07-26,11.625
2022-07-27,10.875
2022-07-28,10.875
2022-07-29,10.875
2022-08-01,10.875
2022-08-02,10.875
2022-08-03,11.375
2022-08-04,11.375
2022-08-05,11.375
2022-08-08,11.375
2022-08-09,11.375
2022-08-10,11.375
2022-08-11,11.375
2022-08-12,11.375
2022-08-15,11.375
2022-08-16,11.375
2022-08-17,11.375
2022-08-18,11.375
2022-08-19,11.375
2022-08-22,11.375
2022-08-23,11.375
2022-08-24,11.375
2022-08-25,11.375
2022-08-26,11.375
2022-08-29,11.375
2022-08-30,11.375
2022-08-31,11.375
2022-09-01,11.375
2022-09-02,11.375
2022-09-05,11.375
2022-09-06,11.375
2022-09-07,11.375
2022-09-08,11.375
2022-09-09,11.375
2022-09-12,11.375
2022-09-13,11.375
2022-09-14,11.375
2022-09-15,11.375
2022-09-16,11.375
2022-09-19,11.375
2022-09-20,11.375
2022-09-21,10.625
2022-09-22,10.625
2022-09-23,10.625
2022-09-26,10.625
2022-09-27,10.625
2022-09-28,10.625
2022-09-29,10.625
2022-09-30,10.625
2022-10-03,10.625
2022-10-04,10.625
2022-10-05,10.625
2022-10-06,10.625
2022-10-07,10.625
2022-10-10,10.625
2022-10-11,10.625
2022-10-12,10.625
2022-10-13,10.625
2022-10-14,10.625
2022-10-17,10.625
2022-10-18,10.625
2022-10-19,10.625
2022-10-20,10.625
2022-10-21,10.625
2022-10-24,10.625
2022-10-25,10.625
2022-10-26,10.625
2022-10-27,10.625
2022-10-28,10.625
2022-10-31,10.625
2022-11-01,10.625
2022-11-02,9.875
2022-11-03,9.875
2022-11-04,9.875
2022-11-07,9.875
2022-11-08,9.875
2022-11-09,9.875
2022-11-10,9.875
2022-11-11,9.875
2022-11-14,9.875
2022-11-15,9.875
2022-11-16,9.875
2022-11-17,9.875
2022-11-18,9.875
2022-11-21,9.875
2022-11-22,9.875
2022-11-23,9.875
2022-11-24,9.875
2022-11-25,9.875
2022-11-28,9.875
2022-11-29,9.875
2022-11-30,9.875
2022-12-01,9.875
2022-12-02,9.875
2022-12-05,9.875
2022-12-06,9.875
2022-12-07,9.875
2022-12-08,9.875
2022-12-09,9.875
2022-12-12,9.875
2022-12-13,9.875
2022-12-14,9.375
2022-12-15,9.375
2022-12-16,9.375
2022-12-19,9.375
2022-12-20,9.375
2022-12-21,9.375
2022-12-22,9.375
2022-12-23,9.375
2022-12-26,9.375
2022-12-27,9.375
2022-12-28,9.375
2022-12-29,9.375
2022-12-30,9.375
2023-01-02,9.375
2023-01-03,9.375
2023-01-04,9.375
2023-01-05,9.375
2023-01-06,9.375
2023-01-09,9.375
2023-01-10,9.375
2023-01-11,9.375
2023-01-12,9.375
2023-01-13,9.375
2023-01-16,9.375
2023-01-17,9.375
2023-01-18,9.375
2023-01-19,9.375
2023-01-20,9.375
2023-01-23,9.375
2023-01-24,9.375
2023-01-25,9.375
2023-01-26,9.375
2023-01-27,9.375
2023-01-30,9.375
2023-01-31,9.375
2023-02-01,9.125
2023-02-02,9.125
2023-02-03,9.125
2023-02-06,9.125
2023-02-07,9.125
2023-02-08,9.125
2023-02-09,9.125
2023-02-10,9.125
2023-02-13,9.125
2023-02-14,9.125
2023-02-15,9.125
2023-02-16,9.125
2023-02-17,9.125
2023-02-20,9.125
2023-02-21,9.125
2023-02-22,9.125
2023-02-23,9.125
2023-02-24,9.125
2023-02-27,9.125
2023-02-28,9.125
2023-03-01,9.125
2023-03-02,9.125
2023-03-03,9.125
2023-03-06,9.125
2023-03-07,9.125
2023-03-08,9.125
2023-03-09,9.125
2023-03-10,9.125
2023-03-13,9.125
2023-03-14,9.125
2023-03-15,9.125
2023-03-16,9.125
2023-03-17,9.125
2023-03-20,9.125
2023-03-21,9.125
2023-03-22,8.875
2023-03-23,8.875
2023-03-24,8.875
2023-03-27,8.875
2023-03-28,8.875
2023-03-29,8.875
2023-03-30,8.875
2023-03-31,8.875
2023-04-03,8.875
2023-04-04,8.875
2023-04-05,8.875
2023-04-06,8.875
2023-04-07,8.875
2023-04-10,8.875
2023-04-11,8.875
2023-04-12,8.875
2023-04-13,8.875
2023-04-14,8.875
2023-04-17,8.875
2023-04-18,8.875
2023-04-19,8.875
2023-04-20,8.875
2023-04-21,8.875
2023-04-24,8.875
2023-04-25,8.875
2023-04-26,8.875
2023-04-27,8.875
2023-04-28,8.875
2023-05-01,8.875
2023-05-02,8.875
2023-05-03,8.625
2023-05-04,8.625
2023-05-05,8.625
2023-05-08,8.625
2023-05-09,8.625
2023-05-10,8.625
2023-05-11,8.625
2023-05-12,8.625
2023-05-15,8.625
2023-05-16,8.625
2023-05-17,8.625
2023-05-18,8.625
2023-05-19,8.625
2023-05-22,8.625
2023-05-23,8.625
2023-05-24,8.625
2023-05-25,8.625
2023-05-26,8.625
2023-05-29,8.625
2023-05-30,8.625
2023-05-31,8.625
2023-06-01,8.625
2023-06-02,8.625
2023-06-05,8.625
2023-06-06,8.625
2023-06-07,8.625
2023-06-08,8.625
2023-06-09,8.625
2023-06-12,8.625
2023-06-13,8.625
2023-06-14,8.625
2023-06-15,8.625
2023-06-16,8.625
2023-06-19,8.625
2023-06-20,8.625
2023-06-21,8.625
2023-06-22,8.625
2023-06-23,8.625
2023-06-26,8.625
2023-06-27,8.625
2023-06-28,8.625
2023-06-29,8.625
2023-06-30,8.625
2023-07-03,8.625
2023-07-04,8.625
2023-07-05,8.625
2023-07-06,8.625
2023-07-07,8.625
2023-07-10,8.625
2023-07-11,8.625
2023-07-12,8.625
2023-07-13,8.625
2023-07-14,8.625
2023-07-17,8.625
2023-07-18,8.625
2023-07-19,8.625
2023-07-20,8.625
2023-07-21,8.625
2023-07-24,8.625
2023-07-25,8.625
2023-07-26,8.375
2023-07-27,8.375
2023-07-28,8.375
2023-07-31,8.375
2023-08-01,8.375
2023-08-02,7.875
2023-08-03,7.875
2023-08-04,7.875
2023-08-07,7.875
2023-08-08,7.875
2023-08-09,7.875
2023-08-10,7.875
2023-08-11,7.875
2023-08-14,7.875
2023-08-15,7.875
2023-08-16,7.875
2023-08-17,7.875
2023-08-18,7.875
2023-08-21,7.875
2023-08-22,7.875
2023-08-23,7.875
2023-08-24,7.875
2023-08-25,7.875
2023-08-28,7.875
2023-08-29,7.875
2023-08-30,7.875
2023-08-31,7.875
2023-09-01,7.875
2023-09-04,7.875
2023-09-05,7.875
2023-09-06,7.875
2023-09-07,7.875
2023-09-08,7.875
2023-09-11,7.875
2023-09-12,7.875
2023-09-13,7.875
2023-09-14,7.875
2023-09-15,7.875
2023-09-18,7.875
2023-09-19,7.875
2023-09-20,7.375
2023-09-21,7.375
2023-09-22,7.375
2023-09-25,7.375
2023-09-26,7.375
2023-09-27,7.375
2023-09-28,7.375
2023-09-29,7.375
2023-10-02,7.375
2023-10-03,7.375
2023-10-04,7.375
2023-10-05,7.375
