Date,spread-futuro
2008-06-05,11.812000000000001
2008-06-06,11.9279
2008-06-09,11.8521
2008-06-10,11.653400000000001
2008-06-11,11.809899999999999
2008-06-12,11.5575
2008-06-13,11.6566
2008-06-16,11.6472
2008-06-17,11.729399999999998
2008-06-18,11.7309
2008-06-19,11.649700000000001
2008-06-20,11.8016
2008-06-23,11.747800000000002
2008-06-24,11.7363
2008-06-25,11.8191
2008-06-26,11.882100000000001
2008-06-27,12.1281
2008-06-30,12.1762
2008-07-01,12.2051
2008-07-02,12.3254
2008-07-03,12.4392
2008-07-04,12.5002
2008-07-07,12.492899999999999
2008-07-08,12.3099
2008-07-09,12.392
2008-07-10,12.338
2008-07-11,12.224400000000001
2008-07-14,12.351299999999998
2008-07-15,12.3826
2008-07-16,12.4057
2008-07-17,12.3553
2008-07-18,12.3062
2008-07-21,12.4121
2008-07-22,12.254999999999999
2008-07-23,12.2566
2008-07-24,12.4296
2008-07-25,12.3244
2008-07-28,12.4285
2008-07-29,12.391
2008-07-30,12.3475
2008-07-31,12.4368
2008-08-01,12.412600000000001
2008-08-04,12.4374
2008-08-05,12.418299999999999
2008-08-06,12.305700000000002
2008-08-07,12.414
2008-08-08,12.369800000000001
2008-08-11,12.311
2008-08-12,12.445
2008-08-13,12.469100000000001
2008-08-14,12.502600000000001
2008-08-15,12.4813
2008-08-18,12.4979
2008-08-19,12.5047
2008-08-20,12.591800000000001
2008-08-21,12.5794
2008-08-22,12.549299999999999
2008-08-25,12.645399999999999
2008-08-26,12.5714
2008-08-27,12.5587
2008-08-28,12.533
2008-08-29,12.5094
2008-09-01,12.486799999999999
2008-09-02,12.5324
2008-09-03,12.5652
2008-09-04,12.747699999999998
2008-09-05,12.619299999999999
2008-09-08,12.6309
2008-09-09,12.7288
2008-09-10,12.6721
2008-09-11,12.654399999999999
2008-09-12,12.6552
2008-09-15,13.0299
2008-09-16,12.9997
2008-09-17,13.3429
2008-09-18,13.6222
2008-09-19,12.753400000000001
2008-09-22,12.7248
2008-09-23,12.8344
2008-09-24,12.8607
2008-09-25,12.730899999999998
2008-09-26,12.806
2008-09-29,13.1315
2008-09-30,12.681000000000001
2008-10-01,12.705300000000001
2008-10-02,13.057599999999999
2008-10-03,13.037600000000001
2008-10-06,13.403
2008-10-07,13.493500000000001
2008-10-08,13.4168
2008-10-09,13.356499999999999
2008-10-10,13.724
2008-10-13,13.477900000000002
2008-10-14,13.3363
2008-10-15,13.5608
2008-10-16,13.3804
2008-10-17,13.3438
2008-10-20,12.89
2008-10-21,13.001999999999999
2008-10-22,14.3539
2008-10-23,13.8625
2008-10-24,14.993200000000002
2008-10-27,14.729000000000001
2008-10-28,14.206299999999999
2008-10-29,13.8792
2008-10-30,14.1449
2008-10-31,14.2097
2008-11-03,14.1716
2008-11-04,13.8976
2008-11-05,14.0563
2008-11-06,14.1979
2008-11-07,13.9649
2008-11-10,14.0077
2008-11-11,13.9885
2008-11-12,14.1863
2008-11-13,14.307599999999999
2008-11-14,14.0367
2008-11-17,14.0963
2008-11-18,13.9335
2008-11-19,13.949
2008-11-20,14.087299999999999
2008-11-21,14.149000000000001
2008-11-24,13.889800000000001
2008-11-25,13.848500000000001
2008-11-26,13.7429
2008-11-27,13.7967
2008-11-28,13.6822
2008-12-01,13.4883
2008-12-02,13.266
2008-12-03,13.1313
2008-12-04,13.215800000000002
2008-12-05,12.8841
2008-12-08,12.7324
2008-12-09,12.796000000000001
2008-12-10,12.546299999999999
2008-12-11,12.4488
2008-12-12,12.420900000000001
2008-12-15,12.361699999999999
2008-12-16,12.4075
2008-12-17,12.092500000000001
2008-12-18,11.9742
2008-12-19,12.101099999999999
2008-12-22,11.9548
2008-12-23,11.975000000000001
2008-12-24,11.9967
2008-12-26,12.008799999999999
2008-12-29,12.0595
2008-12-30,11.8945
2008-12-31,11.8621
2009-01-02,11.8291
2009-01-05,11.701799999999999
2009-01-06,11.6146
2009-01-07,11.7045
2009-01-08,11.504299999999999
2009-01-09,11.260299999999999
2009-01-12,11.2445
2009-01-13,11.1278
2009-01-14,11.2164
2009-01-15,11.0688
2009-01-16,11.0716
2009-01-19,10.9633
2009-01-20,10.8964
2009-01-21,10.7919
2009-01-22,10.7352
2009-01-23,10.917200000000001
2009-01-26,11.0235
2009-01-27,10.8617
2009-01-28,10.8136
2009-01-29,10.8698
2009-01-30,10.7704
2009-02-02,10.6693
2009-02-03,10.504999999999999
2009-02-04,10.587
2009-02-05,10.6029
2009-02-06,10.5399
2009-02-09,10.6495
2009-02-10,10.6941
2009-02-11,10.5887
2009-02-12,10.675500000000001
2009-02-13,10.513200000000001
2009-02-16,10.475800000000001
2009-02-17,10.4991
2009-02-18,10.4769
2009-02-19,10.383
2009-02-20,10.389199999999999
2009-02-25,10.2354
2009-02-26,10.1014
2009-02-27,10.0169
2009-03-02,10.1031
2009-03-03,10.1553
2009-03-04,10.1121
2009-03-05,10.0774
2009-03-06,9.8107
2009-03-09,9.5877
2009-03-10,9.533800000000001
2009-03-11,9.3958
2009-03-12,9.3561
2009-03-13,9.492700000000001
2009-03-16,9.4574
2009-03-17,9.4164
2009-03-18,9.3825
2009-03-19,9.2722
2009-03-20,9.2173
2009-03-23,9.2562
2009-03-24,9.400599999999999
2009-03-25,9.3791
2009-03-26,9.3166
2009-03-27,9.4276
2009-03-30,9.3583
2009-03-31,9.3309
2009-04-01,9.3306
2009-04-02,9.4376
2009-04-03,9.4658
2009-04-06,9.4095
2009-04-07,9.4246
2009-04-08,9.364099999999999
2009-04-09,9.3272
2009-04-13,9.3593
2009-04-14,9.356200000000001
2009-04-15,9.293700000000001
2009-04-16,9.396600000000001
2009-04-17,9.556199999999999
2009-04-20,9.6226
2009-04-22,9.5464
2009-04-23,9.5685
2009-04-24,9.6739
2009-04-27,9.6601
2009-04-28,9.525400000000001
2009-04-29,9.5446
2009-04-30,9.498199999999999
2009-05-04,9.491999999999999
2009-05-05,9.471499999999999
2009-05-06,9.4079
2009-05-07,9.249500000000001
2009-05-08,9.151399999999999
2009-05-11,9.0934
2009-05-12,9.0501
2009-05-13,9.0175
2009-05-14,9.0032
2009-05-15,9.0214
2009-05-18,8.9579
2009-05-19,8.9676
2009-05-20,8.9606
2009-05-21,9.0665
2009-05-22,9.0435
2009-05-25,8.9859
2009-05-26,8.9219
2009-05-27,8.963799999999999
2009-05-28,8.9842
2009-05-29,8.9573
2009-06-01,8.859
2009-06-02,8.8908
2009-06-03,8.8544
2009-06-04,8.8054
2009-06-05,8.7912
2009-06-08,8.8836
2009-06-09,9.2302
2009-06-10,9.2157
2009-06-12,8.9394
2009-06-15,8.9148
2009-06-16,8.838700000000001
2009-06-17,8.8028
2009-06-18,8.8333
2009-06-19,8.8999
2009-06-22,8.9251
2009-06-23,8.8392
2009-06-24,8.7926
2009-06-25,8.863800000000001
2009-06-26,8.8384
2009-06-29,8.867899999999999
2009-06-30,8.8224
2009-07-01,8.761299999999999
2009-07-02,8.761099999999999
2009-07-03,8.7379
2009-07-06,8.721699999999998
2009-07-07,8.6639
2009-07-08,8.6603
2009-07-09,8.6599
2009-07-10,8.6455
2009-07-13,8.7386
2009-07-14,8.6622
2009-07-15,8.6696
2009-07-16,8.672699999999999
2009-07-17,8.617700000000001
2009-07-20,8.6212
2009-07-21,8.645900000000001
2009-07-22,8.6841
2009-07-23,8.8241
2009-07-24,8.7999
2009-07-27,8.7592
2009-07-28,8.7758
2009-07-29,8.6889
2009-07-30,8.8056
2009-07-31,8.812999999999999
2009-08-03,8.8146
2009-08-04,8.8165
2009-08-05,8.8257
2009-08-06,8.8029
2009-08-07,8.8059
2009-08-10,8.8094
2009-08-11,8.809800000000001
2009-08-12,8.8133
2009-08-13,8.7621
2009-08-14,8.7015
2009-08-17,8.687999999999999
2009-08-18,8.713199999999999
2009-08-19,8.7018
2009-08-20,8.7338
2009-08-21,8.7795
2009-08-24,8.792
2009-08-25,8.7821
2009-08-26,8.7622
2009-08-27,8.7958
2009-08-28,8.871599999999999
2009-08-31,8.8486
2009-09-01,8.82
2009-09-02,8.8389
2009-09-03,8.856
2009-09-04,8.8468
2009-09-08,8.8644
2009-09-09,8.8837
2009-09-10,8.878599999999999
2009-09-11,8.8267
2009-09-14,8.843599999999999
2009-09-15,8.8926
2009-09-16,9.044899999999998
2009-09-17,9.0583
2009-09-18,9.076500000000001
2009-09-21,9.3354
2009-09-22,9.2214
2009-09-23,9.2992
2009-09-24,9.3513
2009-09-25,9.3735
2009-09-28,9.3679
2009-09-29,9.3566
2009-09-30,9.4002
2009-10-01,9.546600000000002
2009-10-02,9.4712
2009-10-05,9.4552
2009-10-06,9.5271
2009-10-07,9.6394
2009-10-08,9.7118
2009-10-09,9.718599999999999
2009-10-13,9.7514
2009-10-14,9.7169
2009-10-15,9.781699999999999
2009-10-16,9.7767
2009-10-19,9.7657
2009-10-20,9.7599
2009-10-21,9.6468
2009-10-22,9.557500000000001
2009-10-23,9.481
2009-10-26,9.520999999999999
2009-10-27,9.4907
2009-10-28,9.4974
2009-10-29,9.55
2009-10-30,9.6572
2009-11-03,9.593300000000001
2009-11-04,9.5889
2009-11-05,9.5528
2009-11-06,9.559000000000001
2009-11-09,9.6107
2009-11-10,9.620800000000001
2009-11-11,9.6308
2009-11-12,9.7172
2009-11-13,9.7523
2009-11-16,9.777000000000001
2009-11-17,9.7263
2009-11-18,9.688
2009-11-19,9.7014
2009-11-20,9.7025
2009-11-23,9.698
2009-11-24,9.6906
2009-11-25,9.746599999999999
2009-11-26,9.846599999999999
2009-11-27,9.8824
2009-11-30,9.9134
2009-12-01,9.886600000000001
2009-12-02,9.929599999999999
2009-12-03,9.9816
2009-12-04,9.969899999999999
2009-12-07,9.9685
2009-12-08,10.0418
2009-12-09,10.0606
2009-12-11,9.9384
2009-12-14,9.9402
2009-12-15,9.9832
2009-12-16,10.0348
2009-12-17,10.0211
2009-12-18,9.975999999999999
2009-12-21,9.9696
2009-12-22,9.9545
2009-12-23,10.017900000000001
2009-12-24,10.0145
2009-12-28,10.0122
2009-12-29,10.0448
2009-12-30,10.1031
2009-12-31,10.0843
2010-01-04,10.083400000000001
2010-01-05,10.0865
2010-01-06,10.029499999999999
2010-01-07,10.0139
2010-01-08,10.0269
2010-01-11,10.0803
2010-01-12,10.1128
2010-01-13,9.9994
2010-01-14,10.0673
2010-01-15,10.0416
2010-01-18,10.054300000000001
2010-01-19,10.133099999999999
2010-01-20,10.1477
2010-01-21,10.233799999999999
2010-01-22,10.2527
2010-01-25,10.2522
2010-01-26,10.277700000000001
2010-01-27,10.2773
2010-01-28,10.2504
2010-01-29,10.2305
2010-02-01,10.203899999999999
2010-02-02,10.248700000000001
2010-02-03,10.2397
2010-02-04,10.1865
2010-02-05,10.1795
2010-02-08,10.1574
2010-02-09,10.1779
2010-02-10,10.140799999999999
2010-02-11,10.1399
2010-02-12,10.133600000000001
2010-02-17,10.1257
2010-02-18,10.1004
2010-02-19,10.143899999999999
2010-02-22,10.241200000000001
2010-02-23,10.2934
2010-02-24,10.367099999999999
2010-02-25,10.4206
2010-02-26,10.4851
2010-03-01,10.4851
2010-03-02,10.464300000000001
2010-03-03,10.5072
2010-03-04,10.5117
2010-03-05,10.422899999999998
2010-03-08,10.4091
2010-03-09,10.4335
2010-03-10,10.4473
2010-03-11,10.5074
2010-03-12,10.495
2010-03-15,10.5042
2010-03-16,10.5471
2010-03-17,10.499699999999999
2010-03-18,10.34
2010-03-19,10.3674
2010-03-22,10.3837
2010-03-23,10.390600000000001
2010-03-24,10.420399999999999
2010-03-25,10.471200000000001
2010-03-26,10.5063
2010-03-29,10.490200000000002
2010-03-30,10.4689
2010-03-31,10.5135
2010-04-01,10.4978
2010-04-05,10.442400000000001
2010-04-06,10.4771
2010-04-07,10.4964
2010-04-08,10.5248
2010-04-09,10.6078
2010-04-12,10.6092
2010-04-13,10.6697
2010-04-14,10.7576
2010-04-15,10.845099999999999
2010-04-16,10.8611
2010-04-19,10.9019
2010-04-20,10.8855
2010-04-22,10.8711
2010-04-23,10.8958
2010-04-26,11.0313
2010-04-27,11.0871
2010-04-28,11.1454
2010-04-29,11.200099999999999
2010-04-30,11.351999999999999
2010-05-03,11.4658
2010-05-04,11.518600000000001
2010-05-05,11.4474
2010-05-06,11.3898
2010-05-07,11.3479
2010-05-10,11.3819
2010-05-11,11.418700000000001
2010-05-12,11.3905
2010-05-13,11.402500000000002
2010-05-14,11.4323
2010-05-17,11.400599999999999
2010-05-18,11.3863
2010-05-19,11.3201
2010-05-20,11.3304
2010-05-21,11.250200000000001
2010-05-24,11.2618
2010-05-25,11.2067
2010-05-26,11.238199999999999
2010-05-27,11.335600000000001
2010-05-28,11.346
2010-05-31,11.3065
2010-06-01,11.2829
2010-06-02,11.2684
2010-06-04,11.1935
2010-06-07,11.2055
2010-06-08,11.2725
2010-06-09,11.3292
2010-06-10,11.3924
2010-06-11,11.4997
2010-06-14,11.5424
2010-06-15,11.6599
2010-06-16,11.6027
2010-06-17,11.679300000000001
2010-06-18,11.697799999999999
2010-06-21,11.663
2010-06-22,11.6044
2010-06-23,11.6393
2010-06-24,11.609300000000001
2010-06-25,11.6161
2010-06-28,11.6076
2010-06-29,11.596
2010-06-30,11.601799999999999
2010-07-01,11.509
2010-07-02,11.4996
2010-07-05,11.486699999999999
2010-07-06,11.5136
2010-07-07,11.4606
2010-07-08,11.502
2010-07-09,11.504900000000001
2010-07-12,11.4663
2010-07-13,11.3876
2010-07-14,11.4139
2010-07-15,11.322
2010-07-16,11.2573
2010-07-19,11.2905
2010-07-20,11.175699999999999
2010-07-21,11.1461
2010-07-23,11.219999999999999
2010-07-26,11.1351
2010-07-27,11.046
2010-07-28,11.0251
2010-07-29,11.0036
2010-07-30,10.950800000000001
2010-08-02,11.007000000000001
2010-08-03,11.033299999999999
2010-08-04,11.152099999999999
2010-08-05,11.0876
2010-08-06,11.1085
2010-08-09,11.0662
2010-08-10,11.0857
2010-08-11,11.1386
2010-08-12,11.091
2010-08-13,11.0614
2010-08-16,10.9763
2010-08-17,10.9632
2010-08-18,10.9428
2010-08-19,10.9138
2010-08-20,10.865
2010-08-23,10.8677
2010-08-24,10.861600000000001
2010-08-25,10.9039
2010-08-26,10.9824
2010-08-27,11.0168
2010-08-30,11.0381
2010-08-31,10.9428
2010-09-01,11.0084
2010-09-02,10.9533
2010-09-03,10.9992
2010-09-06,10.9763
2010-09-08,10.996400000000001
2010-09-09,10.925699999999999
2010-09-10,10.9244
2010-09-13,10.9464
2010-09-14,10.934000000000001
2010-09-15,10.9297
2010-09-16,10.9877
2010-09-17,11.035
2010-09-20,11.0795
2010-09-21,11.0864
2010-09-22,11.130799999999999
2010-09-23,11.145399999999999
2010-09-24,11.1326
2010-09-27,11.1608
2010-09-28,11.1881
2010-09-29,11.107999999999999
2010-09-30,11.1123
2010-10-01,11.0826
2010-10-04,11.067799999999998
2010-10-05,11.0643
2010-10-06,11.1076
2010-10-07,11.095500000000001
2010-10-08,11.1409
2010-10-11,11.1311
2010-10-13,11.0733
2010-10-14,10.9976
2010-10-15,10.98
2010-10-18,11.0197
2010-10-19,11.0669
2010-10-20,11.035
2010-10-21,11.0892
2010-10-22,11.1207
2010-10-25,11.1662
2010-10-26,11.1149
2010-10-27,11.1268
2010-10-28,11.1455
2010-10-29,11.143899999999999
2010-11-01,11.1356
2010-11-03,11.144400000000001
2010-11-04,11.208599999999999
2010-11-05,11.2728
2010-11-08,11.2141
2010-11-09,11.2733
2010-11-10,11.3086
2010-11-11,11.3756
2010-11-12,11.3143
2010-11-16,11.3806
2010-11-17,11.362
2010-11-18,11.4282
2010-11-19,11.4542
2010-11-22,11.5584
2010-11-23,11.6339
2010-11-24,11.648299999999999
2010-11-25,11.6761
2010-11-26,11.8044
2010-11-29,11.8231
2010-11-30,11.7852
2010-12-01,11.901
2010-12-02,12.0359
2010-12-03,11.881
2010-12-06,11.8917
2010-12-07,11.871699999999999
2010-12-08,11.892499999999998
2010-12-09,11.801499999999999
2010-12-10,11.7492
2010-12-13,11.721
2010-12-14,11.625200000000001
2010-12-15,11.6427
2010-12-16,11.6261
2010-12-17,11.6547
2010-12-20,11.680800000000001
2010-12-21,11.8013
2010-12-22,11.8942
2010-12-23,11.9421
2010-12-24,11.9452
2010-12-27,11.942900000000002
2010-12-28,11.932500000000001
2010-12-29,11.9132
2010-12-30,11.8687
2010-12-31,11.874500000000001
2011-01-03,11.8565
2011-01-04,11.8565
2011-01-05,11.9244
2011-01-06,11.9278
2011-01-07,11.9398
2011-01-10,12.0375
2011-01-11,12.0869
2011-01-12,12.0819
2011-01-13,12.1539
2011-01-14,12.2391
2011-01-17,12.267199999999999
2011-01-18,12.277000000000001
2011-01-19,12.282
2011-01-20,12.246699999999999
2011-01-21,12.246699999999999
2011-01-24,12.2934
2011-01-25,12.298399999999999
2011-01-26,12.3486
2011-01-27,12.3732
2011-01-28,12.3216
2011-01-31,12.313600000000001
2011-02-01,12.3055
2011-02-02,12.2509
2011-02-03,12.2686
2011-02-04,12.3253
2011-02-07,12.3233
2011-02-08,12.2504
2011-02-09,12.1802
2011-02-10,12.2111
2011-02-11,12.2195
2011-02-14,12.3258
2011-02-15,12.2923
2011-02-16,12.3013
2011-02-17,12.285200000000001
2011-02-18,12.2854
2011-02-21,12.3408
2011-02-23,12.3916
2011-02-24,12.545100000000001
2011-02-25,12.5322
2011-02-28,12.4485
2011-03-01,12.427
2011-03-02,12.459
2011-03-03,12.468399999999999
2011-03-04,12.5008
2011-03-09,12.4755
2011-03-10,12.302000000000001
2011-03-11,12.307
2011-03-14,12.2953
2011-03-15,12.2913
2011-03-16,12.312
2011-03-17,12.3313
2011-03-18,12.3333
2011-03-21,12.3731
2011-03-22,12.342400000000001
2011-03-23,12.2688
2011-03-24,12.203
2011-03-25,12.2164
2011-03-28,12.1685
2011-03-29,12.2172
2011-03-30,12.110999999999999
2011-03-31,12.0727
2011-04-01,12.1403
2011-04-04,12.1961
2011-04-05,12.2195
2011-04-06,12.192599999999999
2011-04-07,12.221599999999999
2011-04-08,12.2188
2011-04-11,12.2993
2011-04-12,12.280899999999999
2011-04-13,12.2869
2011-04-14,12.243099999999998
2011-04-15,12.2698
2011-04-18,12.2965
2011-04-19,12.258
2011-04-20,12.258799999999999
2011-04-25,12.336699999999999
2011-04-26,12.3387
2011-04-27,12.3606
2011-04-28,12.3771
2011-04-29,12.3835
2011-05-02,12.3944
2011-05-03,12.3952
2011-05-04,12.402800000000001
2011-05-05,12.3794
2011-05-06,12.346300000000001
2011-05-09,12.3338
2011-05-10,12.3293
2011-05-11,12.307300000000001
2011-05-12,12.3102
2011-05-13,12.313500000000001
2011-05-16,12.303500000000001
2011-05-17,12.291200000000002
2011-05-18,12.309000000000001
2011-05-19,12.332500000000001
2011-05-20,12.3564
2011-05-23,12.3423
2011-05-24,12.3816
2011-05-25,12.388200000000001
2011-05-26,12.386099999999999
2011-05-27,12.3894
2011-05-30,12.3924
2011-05-31,12.3494
2011-06-01,12.331800000000001
2011-06-02,12.3226
2011-06-03,12.3447
2011-06-06,12.3644
2011-06-07,12.3686
2011-06-08,12.3697
2011-06-09,12.3892
2011-06-10,12.3712
2011-06-13,12.3557
2011-06-14,12.3545
2011-06-15,12.349
2011-06-16,12.372300000000001
2011-06-17,12.3938
2011-06-20,12.4031
2011-06-21,12.4565
2011-06-22,12.4595
2011-06-24,12.4354
2011-06-27,12.4046
2011-06-28,12.4106
2011-06-29,12.443299999999999
2011-06-30,12.5115
2011-07-01,12.506499999999999
2011-07-04,12.4628
2011-07-05,12.508000000000001
2011-07-06,12.495600000000001
2011-07-07,12.5359
2011-07-08,12.560400000000001
2011-07-11,12.5675
2011-07-12,12.5439
2011-07-13,12.5379
2011-07-14,12.5283
2011-07-15,12.5416
2011-07-18,12.5076
2011-07-19,12.4746
2011-07-20,12.4969
2011-07-21,12.4856
2011-07-22,12.4956
2011-07-25,12.486
2011-07-26,12.4772
2011-07-27,12.467
2011-07-28,12.4637
2011-07-29,12.4597
2011-08-01,12.4141
2011-08-02,12.4024
2011-08-03,12.4045
2011-08-04,12.3186
2011-08-05,12.2239
2011-08-08,12.025599999999999
2011-08-09,11.9072
2011-08-10,11.9664
2011-08-11,12.0022
2011-08-12,11.9498
2011-08-15,11.960700000000001
2011-08-16,11.9673
2011-08-17,11.8673
2011-08-18,11.654
2011-08-19,11.6006
2011-08-22,11.607399999999998
2011-08-23,11.5785
2011-08-24,11.4663
2011-08-25,11.478
2011-08-26,11.3053
2011-08-29,11.2366
2011-08-30,11.2274
2011-08-31,11.1723
2011-09-01,10.5783
2011-09-02,10.711
2011-09-05,10.6232
2011-09-06,10.6653
2011-09-08,10.8064
2011-09-09,10.777
2011-09-12,10.6722
2011-09-13,10.7752
2011-09-14,10.8193
2011-09-15,10.7627
2011-09-16,10.7005
2011-09-19,10.695099999999998
2011-09-20,10.7465
2011-09-21,10.783
2011-09-22,10.669
2011-09-23,10.462800000000001
2011-09-26,10.2702
2011-09-27,10.4565
2011-09-28,10.3969
2011-09-29,10.4493
2011-09-30,10.306000000000001
2011-10-03,10.118599999999999
2011-10-04,10.2697
2011-10-05,10.2186
2011-10-06,10.3593
2011-10-07,10.4078
2011-10-10,10.471400000000001
2011-10-11,10.4339
2011-10-13,10.4319
2011-10-14,10.513399999999999
2011-10-17,10.506499999999999
2011-10-18,10.420900000000001
2011-10-19,10.387799999999999
2011-10-20,10.4454
2011-10-21,10.437
2011-10-24,10.3718
2011-10-25,10.3813
2011-10-26,10.289
2011-10-27,10.341700000000001
2011-10-28,10.3014
2011-10-31,10.2577
2011-11-01,10.2454
2011-11-03,10.252
2011-11-04,10.2251
2011-11-07,10.165199999999999
2011-11-08,10.1153
2011-11-09,9.953000000000001
2011-11-10,9.9981
2011-11-11,9.9788
2011-11-14,9.9589
2011-11-16,9.927
2011-11-17,9.9163
2011-11-18,9.9157
2011-11-21,9.9564
2011-11-22,9.9706
2011-11-23,9.8527
2011-11-24,9.708
2011-11-25,9.900699999999999
2011-11-28,9.900699999999999
2011-11-29,9.6488
2011-11-30,9.6014
2011-12-01,9.7206
2011-12-02,9.7579
2011-12-05,9.812000000000001
2011-12-06,9.7654
2011-12-07,9.7095
2011-12-08,9.780899999999999
2011-12-09,9.833400000000001
2011-12-12,9.7985
2011-12-13,9.831900000000001
2011-12-14,9.8471
2011-12-15,9.8509
2011-12-16,9.8588
2011-12-19,9.8658
2011-12-20,9.8296
2011-12-21,9.7758
2011-12-22,9.9545
2011-12-23,10.0255
2011-12-26,10.1463
2011-12-27,10.0571
2011-12-28,10.029300000000001
2011-12-29,10.0067
2011-12-30,10.009
2012-01-02,9.9923
2012-01-03,10.019300000000001
2012-01-04,10.120800000000001
2012-01-05,10.1379
2012-01-06,10.0584
2012-01-09,10.031400000000001
2012-01-10,9.9852
2012-01-11,9.984200000000001
2012-01-12,10.0384
2012-01-13,9.9959
2012-01-16,10.0124
2012-01-17,10.0563
2012-01-18,9.9815
2012-01-19,9.8674
2012-01-20,9.813500000000001
2012-01-23,9.8582
2012-01-24,9.846900000000002
2012-01-25,9.852599999999999
2012-01-26,9.676300000000001
2012-01-27,9.6081
2012-01-30,9.491499999999998
2012-01-31,9.5177
2012-02-01,9.4824
2012-02-02,9.4264
2012-02-03,9.4879
2012-02-06,9.4946
2012-02-07,9.445799999999998
2012-02-08,9.3623
2012-02-09,9.281600000000001
2012-02-10,9.2388
2012-02-13,9.2621
2012-02-14,9.2475
2012-02-15,9.233
2012-02-16,9.1799
2012-02-17,9.1248
2012-02-22,9.1502
2012-02-23,9.1643
2012-02-24,9.2244
2012-02-27,9.293099999999999
2012-02-28,9.2271
2012-02-29,9.1966
2012-03-01,9.129199999999999
2012-03-02,9.0196
2012-03-05,9.0195
2012-03-06,9.0201
2012-03-07,8.918099999999999
2012-03-08,8.6544
2012-03-09,8.6382
2012-03-12,8.666
2012-03-13,8.6851
2012-03-14,8.650599999999999
2012-03-15,8.9266
2012-03-16,8.9708
2012-03-19,9.021099999999999
2012-03-20,8.984399999999999
2012-03-21,8.9542
2012-03-22,8.935799999999999
2012-03-23,8.9331
2012-03-26,8.961699999999999
2012-03-27,8.936200000000001
2012-03-28,8.9192
2012-03-29,8.9314
2012-03-30,8.9294
2012-04-02,8.8686
2012-04-03,8.8429
2012-04-04,8.7443
2012-04-05,8.6981
2012-04-09,8.655100000000001
2012-04-10,8.6762
2012-04-11,8.6838
2012-04-12,8.644599999999999
2012-04-13,8.657200000000001
2012-04-16,8.680100000000001
2012-04-17,8.633500000000002
2012-04-18,8.649799999999999
2012-04-19,8.397499999999999
2012-04-20,8.3733
2012-04-23,8.4532
2012-04-24,8.3677
2012-04-25,8.3606
2012-04-26,8.3186
2012-04-27,8.2191
2012-04-30,8.2562
2012-05-02,8.0768
2012-05-03,8.046100000000001
2012-05-04,7.882700000000001
2012-05-07,7.8417
2012-05-08,7.934
2012-05-09,8.037999999999998
2012-05-10,8.0049
2012-05-11,7.970400000000001
2012-05-14,7.894
2012-05-15,7.8347
2012-05-16,7.747000000000001
2012-05-17,7.7447
2012-05-18,7.6674
2012-05-21,7.7650999999999994
2012-05-22,7.903899999999999
2012-05-23,7.8687
2012-05-24,8.1323
2012-05-25,8.0678
2012-05-28,8.0976
2012-05-29,7.966500000000001
2012-05-30,7.961799999999999
2012-05-31,7.8881
2012-06-01,7.846
2012-06-04,7.946000000000001
2012-06-05,7.8898
2012-06-06,7.8524
2012-06-08,7.7431
2012-06-11,7.6658
2012-06-12,7.6162
2012-06-13,7.5925
2012-06-14,7.5824
2012-06-15,7.6562
2012-06-18,7.6194
2012-06-19,7.6061
2012-06-20,7.654
2012-06-21,7.6426
2012-06-22,7.653700000000001
2012-06-25,7.575
2012-06-26,7.549300000000001
2012-06-27,7.524699999999999
2012-06-28,7.521699999999999
2012-06-29,7.465299999999999
2012-07-02,7.4394
2012-07-03,7.4195
2012-07-04,7.4195
2012-07-05,7.4745
2012-07-06,7.391500000000001
2012-07-09,7.3932
2012-07-10,7.345700000000001
2012-07-11,7.2757000000000005
2012-07-12,7.2991
2012-07-13,7.2992
2012-07-16,7.29
2012-07-17,7.3811
2012-07-18,7.3739
2012-07-19,7.3103
2012-07-20,7.372
2012-07-23,7.3149
2012-07-24,7.325
2012-07-25,7.2746
2012-07-26,7.3365
2012-07-27,7.4327
2012-07-30,7.3974
2012-07-31,7.4213
2012-08-01,7.3563
2012-08-02,7.3324
2012-08-03,7.3749
2012-08-06,7.3811
2012-08-07,7.3451
2012-08-08,7.3296
2012-08-09,7.3268
2012-08-10,7.3801
2012-08-13,7.3164
2012-08-14,7.3072
2012-08-15,7.3261
2012-08-16,7.433800000000001
2012-08-17,7.420100000000001
2012-08-20,7.463500000000001
2012-08-21,7.4511
2012-08-22,7.4839
2012-08-23,7.5247
2012-08-24,7.5435
2012-08-27,7.4882
2012-08-28,7.4248
2012-08-29,7.365
2012-08-30,7.4594000000000005
2012-08-31,7.4693
2012-09-03,7.4033
2012-09-04,7.4345
2012-09-05,7.4534
2012-09-06,7.4649
2012-09-10,7.4796
2012-09-11,7.4641
2012-09-12,7.4456
2012-09-13,7.4296999999999995
2012-09-14,7.4334
2012-09-17,7.46
2012-09-18,7.4852
2012-09-19,7.4951
2012-09-20,7.466200000000001
2012-09-21,7.4466
2012-09-24,7.4346
2012-09-25,7.4346
2012-09-26,7.4172
2012-09-27,7.4448
2012-09-28,7.4205
2012-10-01,7.4205
2012-10-02,7.348199999999999
2012-10-03,7.3342
2012-10-04,7.3069
2012-10-05,7.3019
2012-10-08,7.3242
2012-10-09,7.3019
2012-10-10,7.1639
2012-10-11,7.1305000000000005
2012-10-15,7.1355
2012-10-16,7.1825
2012-10-17,7.174300000000001
2012-10-18,7.1231
2012-10-19,7.1614
2012-10-22,7.1507000000000005
2012-10-23,7.1687
2012-10-24,7.1471
2012-10-25,7.1451
2012-10-26,7.1356
2012-10-29,7.1182
2012-10-30,7.1122
2012-10-31,7.1122
2012-11-01,7.123
2012-11-05,7.1192
2012-11-06,7.1071
2012-11-07,7.1014
2012-11-08,7.1189
2012-11-09,7.1113
2012-11-12,7.1113
2012-11-13,7.1514
2012-11-14,7.1706
2012-11-16,7.143
2012-11-19,7.1131
2012-11-20,7.1099
2012-11-21,7.1206000000000005
2012-11-22,7.112
2012-11-23,7.0989
2012-11-26,7.0981
2012-11-27,7.0981
2012-11-28,7.0709
2012-11-29,7.0934
2012-11-30,6.999
2012-12-03,6.961
2012-12-04,6.8765
2012-12-05,6.966
2012-12-06,6.6751000000000005
2012-12-07,6.8065
2012-12-10,6.8614
2012-12-11,6.9154
2012-12-12,6.8869
2012-12-13,6.879300000000001
2012-12-14,6.9323
2012-12-17,6.9174999999999995
2012-12-18,6.8995
2012-12-19,6.9227
2012-12-20,7.0082
2012-12-21,7.035200000000001
2012-12-24,7.0371999999999995
2012-12-26,6.9944999999999995
2012-12-27,6.9853000000000005
2012-12-28,6.987100000000001
2012-12-31,6.9893
2013-01-02,6.9782
2013-01-03,6.9706
2013-01-04,6.9992
2013-01-07,6.979
2013-01-08,7.0332
2013-01-09,7.0152
2013-01-10,6.9917
2013-01-11,6.985799999999999
2013-01-14,6.975499999999999
2013-01-15,6.985200000000001
2013-01-16,7.0385
2013-01-17,7.0945
2013-01-18,7.0926
2013-01-21,7.0362
2013-01-22,7.0882
2013-01-23,7.0911
2013-01-24,7.1734
2013-01-25,7.1694
2013-01-28,7.146100000000001
2013-01-29,7.101
2013-01-30,7.1261
2013-01-31,7.1624
2013-02-01,7.2143999999999995
2013-02-04,7.206200000000001
2013-02-05,7.2258
2013-02-06,7.3024000000000004
2013-02-07,7.4035
2013-02-08,7.3761
2013-02-13,7.352399999999999
2013-02-14,7.3685
2013-02-15,7.5847999999999995
2013-02-18,7.7252
2013-02-19,7.7318
2013-02-20,7.677899999999999
2013-02-21,7.6556999999999995
2013-02-22,7.819999999999999
2013-02-25,7.791799999999999
2013-02-26,7.798
2013-02-27,7.7448999999999995
2013-02-28,7.6746
2013-03-01,7.620299999999999
2013-03-04,7.6572
2013-03-05,7.6984
2013-03-06,7.6895
2013-03-07,7.822299999999999
2013-03-08,7.996599999999999
2013-03-11,7.884499999999999
2013-03-12,7.9542
2013-03-13,8.0165
2013-03-14,7.9117
2013-03-15,7.897900000000001
2013-03-18,7.898999999999999
2013-03-19,7.8702000000000005
2013-03-20,7.8637
2013-03-21,7.92
2013-03-22,7.8528
2013-03-25,7.857100000000001
2013-03-26,7.878300000000001
2013-03-27,7.820600000000001
2013-03-28,7.8422
2013-04-01,7.849
2013-04-02,7.8149999999999995
2013-04-03,7.950100000000001
2013-04-04,7.9384
2013-04-05,7.854900000000001
2013-04-08,7.9001
2013-04-09,7.9746
2013-04-10,7.981
2013-04-11,8.0075
2013-04-12,8.238100000000001
2013-04-15,8.29
2013-04-16,8.2782
2013-04-17,8.2782
2013-04-18,7.8825
2013-04-19,7.9384999999999994
2013-04-22,7.8957
2013-04-23,7.8729
2013-04-24,7.8980999999999995
2013-04-25,8.000200000000001
2013-04-26,7.9568
2013-04-29,7.953600000000001
2013-04-30,7.9646
2013-05-02,7.931
2013-05-03,7.993399999999999
2013-05-06,7.975700000000001
2013-05-07,7.9423
2013-05-08,7.9439
2013-05-09,7.9735000000000005
2013-05-10,8.0711
2013-05-13,8.0543
2013-05-14,8.0905
2013-05-15,8.1083
2013-05-16,8.1818
2013-05-17,8.232000000000001
2013-05-20,8.2598
2013-05-21,8.2549
2013-05-22,8.261600000000001
2013-05-23,8.256300000000001
2013-05-24,8.3007
2013-05-27,8.302700000000002
2013-05-28,8.2761
2013-05-29,8.1991
2013-05-31,8.598700000000001
2013-06-03,8.6471
2013-06-04,8.6363
2013-06-05,8.7377
2013-06-06,8.8507
2013-06-07,8.8492
2013-06-10,8.9511
2013-06-11,9.0194
2013-06-12,9.1935
2013-06-13,9.198500000000001
2013-06-14,9.1055
2013-06-17,9.305
2013-06-18,9.5809
2013-06-19,9.6826
2013-06-20,9.7989
2013-06-21,9.8196
2013-06-24,9.5044
2013-06-25,9.3582
2013-06-26,9.3305
2013-06-27,9.2348
2013-06-28,9.3033
2013-07-01,9.3317
2013-07-02,9.1619
2013-07-03,9.137599999999999
2013-07-04,9.2102
2013-07-05,9.1176
2013-07-08,9.0879
2013-07-09,9.091199999999999
2013-07-10,9.0561
2013-07-11,9.1277
2013-07-12,9.1701
2013-07-15,9.1469
2013-07-16,9.0809
2013-07-17,9.020100000000001
2013-07-18,8.9933
2013-07-19,9.0122
2013-07-22,9.0243
2013-07-23,8.978
2013-07-24,8.9947
2013-07-25,8.990699999999999
2013-07-26,9.045900000000001
2013-07-29,9.0977
2013-07-30,9.1854
2013-07-31,9.1966
2013-08-01,9.3746
2013-08-02,9.3267
2013-08-05,9.3147
2013-08-06,9.3399
2013-08-07,9.3239
2013-08-08,9.3002
2013-08-09,9.2835
2013-08-12,9.376600000000002
2013-08-13,9.5062
2013-08-14,9.6085
2013-08-15,9.6462
2013-08-16,9.922799999999999
2013-08-19,10.234599999999999
2013-08-20,9.8895
2013-08-21,9.8745
2013-08-22,10.1447
2013-08-23,9.875300000000001
2013-08-26,9.9751
2013-08-27,9.956299999999999
2013-08-28,9.8602
2013-08-29,10.0518
2013-08-30,10.158199999999999
2013-09-02,10.1443
2013-09-03,10.1912
2013-09-04,10.171899999999999
2013-09-05,10.113800000000001
2013-09-06,9.987499999999999
2013-09-09,10.0021
2013-09-10,10.0229
2013-09-11,10.061
2013-09-12,10.1949
2013-09-13,10.1786
2013-09-16,10.168800000000001
2013-09-17,10.112400000000001
2013-09-18,9.9085
2013-09-19,9.9219
2013-09-20,9.8946
2013-09-23,9.9102
2013-09-24,9.8271
2013-09-25,9.8489
2013-09-26,9.9427
2013-09-27,9.9332
2013-09-30,10.0228
2013-10-01,10.085600000000001
2013-10-02,10.0899
2013-10-03,9.996
2013-10-04,9.9708
2013-10-07,9.912400000000002
2013-10-08,9.8852
2013-10-09,9.890699999999999
2013-10-10,10.1013
2013-10-11,10.1637
2013-10-14,10.187000000000001
2013-10-15,10.1432
2013-10-16,10.193299999999999
2013-10-17,10.2493
2013-10-18,10.323799999999999
2013-10-21,10.39
2013-10-22,10.3729
2013-10-23,10.3478
2013-10-24,10.366200000000001
2013-10-25,10.3365
2013-10-28,10.3728
2013-10-29,10.4052
2013-10-30,10.4115
2013-10-31,10.4579
2013-11-01,10.541
2013-11-04,10.513200000000001
2013-11-05,10.5769
2013-11-06,10.660200000000001
2013-11-07,10.7866
2013-11-08,10.7766
2013-11-11,10.8731
2013-11-12,10.8278
2013-11-13,10.752
2013-11-14,10.6794
2013-11-18,10.635200000000001
2013-11-19,10.6615
2013-11-20,10.677499999999998
2013-11-21,10.7822
2013-11-22,10.7748
2013-11-25,10.8056
2013-11-26,10.7616
2013-11-27,10.765899999999998
2013-11-28,10.5879
2013-11-29,10.6248
2013-12-02,10.7172
2013-12-03,10.6975
2013-12-04,10.6411
2013-12-05,10.656
2013-12-06,10.603299999999999
2013-12-09,10.587499999999999
2013-12-10,10.5727
2013-12-11,10.4634
2013-12-12,10.4533
2013-12-13,10.4742
2013-12-16,10.4445
2013-12-17,10.4611
2013-12-18,10.482800000000001
2013-12-19,10.5341
2013-12-20,10.617600000000001
2013-12-23,10.6185
2013-12-24,10.621699999999999
2013-12-26,10.624600000000001
2013-12-27,10.5864
2013-12-30,10.5788
2014-01-02,10.5708
2014-01-03,10.541599999999999
2014-01-06,10.5699
2014-01-07,10.5448
2014-01-08,10.561499999999999
2014-01-09,10.5971
2014-01-10,10.643099999999999
2014-01-13,10.7472
2014-01-14,10.8086
2014-01-15,10.771600000000001
2014-01-16,10.956100000000001
2014-01-17,10.956100000000001
2014-01-20,11.051900000000002
2014-01-21,11.120600000000001
2014-01-22,11.1074
2014-01-23,11.2162
2014-01-24,11.1881
2014-01-27,11.2726
2014-01-28,11.32
2014-01-29,11.514700000000001
2014-01-30,11.726099999999999
2014-01-31,11.7933
2014-02-03,11.8582
2014-02-04,11.681000000000001
2014-02-05,11.5489
2014-02-06,11.5752
2014-02-07,11.466299999999999
2014-02-10,11.401
2014-02-11,11.4154
2014-02-12,11.4871
2014-02-13,11.5029
2014-02-14,11.4482
2014-02-17,11.3514
2014-02-18,11.2539
2014-02-19,11.2543
2014-02-20,11.138
2014-02-21,11.171700000000001
2014-02-24,11.1646
2014-02-25,11.1392
2014-02-26,11.1405
2014-02-27,11.1024
2014-02-28,11.2283
2014-03-05,11.1972
2014-03-06,11.216199999999999
2014-03-07,11.295399999999999
2014-03-10,11.343
2014-03-11,11.299199999999999
2014-03-12,11.2643
2014-03-13,11.3146
2014-03-14,11.3399
2014-03-17,11.3252
2014-03-18,11.3589
2014-03-19,11.427
2014-03-20,11.462100000000001
2014-03-21,11.411299999999999
2014-03-24,11.3476
2014-03-25,11.3303
2014-03-26,11.3296
2014-03-27,11.321499999999999
2014-03-28,11.3408
2014-03-31,11.335099999999999
2014-04-01,11.341099999999999
2014-04-02,11.3283
2014-04-03,11.2677
2014-04-04,11.2756
2014-04-07,11.2785
2014-04-08,11.2812
2014-04-09,11.355
2014-04-10,11.315
2014-04-11,11.3492
2014-04-14,11.384500000000001
2014-04-15,11.370099999999999
2014-04-16,11.3628
2014-04-17,11.2939
2014-04-22,11.3046
2014-04-23,11.2603
2014-04-24,11.2748
2014-04-25,11.293199999999999
2014-04-28,11.2971
2014-04-29,11.318299999999999
2014-04-30,11.299600000000002
2014-05-02,11.2742
2014-05-05,11.3124
2014-05-06,11.2921
2014-05-07,11.3002
2014-05-08,11.361699999999999
2014-05-09,11.300500000000001
2014-05-12,11.3282
2014-05-13,11.3248
2014-05-14,11.2997
2014-05-15,11.3194
2014-05-16,11.2981
2014-05-19,11.2732
2014-05-20,11.264999999999999
2014-05-21,11.2126
2014-05-22,11.1761
2014-05-23,11.1755
2014-05-26,11.1905
2014-05-27,11.219999999999999
2014-05-28,11.164
2014-05-29,11.1209
2014-05-30,11.0943
2014-06-02,11.0947
2014-06-03,11.1127
2014-06-04,11.0998
2014-06-05,11.0115
2014-06-06,10.972199999999999
2014-06-09,10.979700000000001
2014-06-10,11.0102
2014-06-11,11.0263
2014-06-12,11.0241
2014-06-13,10.963799999999999
2014-06-16,10.9873
2014-06-17,10.9982
2014-06-18,10.9701
2014-06-20,10.9698
2014-06-23,10.966999999999999
2014-06-24,10.940999999999999
2014-06-25,10.8878
2014-06-26,10.9174
2014-06-27,10.9176
2014-06-30,10.9193
2014-07-01,10.878200000000001
2014-07-02,10.8831
2014-07-03,10.8797
2014-07-04,10.8743
2014-07-07,10.8591
2014-07-08,10.8695
2014-07-09,10.8657
2014-07-10,10.8872
2014-07-11,10.916
2014-07-14,10.8905
2014-07-15,10.8961
2014-07-16,10.870199999999999
2014-07-17,10.7944
2014-07-18,10.808
2014-07-21,10.8338
2014-07-22,10.8117
2014-07-23,10.8252
2014-07-24,10.9206
2014-07-25,10.880700000000001
2014-07-28,10.8894
2014-07-29,10.893600000000001
2014-07-30,10.9309
2014-07-31,10.9428
2014-08-01,11.0446
2014-08-04,11.1076
2014-08-05,11.2689
2014-08-06,11.201400000000001
2014-08-07,11.2622
2014-08-08,11.200199999999999
2014-08-11,11.1798
2014-08-12,11.1746
2014-08-13,11.2179
2014-08-14,11.205
2014-08-15,11.1603
2014-08-18,11.110000000000001
2014-08-19,11.1115
2014-08-20,11.071399999999999
2014-08-21,11.1142
2014-08-22,11.1045
2014-08-25,11.1077
2014-08-26,11.117799999999999
2014-08-27,11.1818
2014-08-28,11.1256
2014-08-29,11.131599999999999
2014-09-01,11.1823
2014-09-02,11.1951
2014-09-03,11.187999999999999
2014-09-04,11.2629
2014-09-05,11.2705
2014-09-08,11.2967
2014-09-09,11.3665
2014-09-10,11.3789
2014-09-11,11.3046
2014-09-12,11.4671
2014-09-15,11.3871
2014-09-16,11.3751
2014-09-17,11.348899999999999
2014-09-18,11.4412
2014-09-19,11.5036
2014-09-22,11.5959
2014-09-23,11.5791
2014-09-24,11.500900000000001
2014-09-25,11.579
2014-09-26,11.5393
2014-09-29,11.8101
2014-09-30,11.7696
2014-10-01,11.8202
2014-10-02,11.834200000000001
2014-10-03,11.7452
2014-10-06,11.7013
2014-10-07,11.635399999999999
2014-10-08,11.6937
2014-10-09,11.7281
2014-10-10,11.8239
2014-10-13,11.765099999999999
2014-10-14,11.7818
2014-10-15,11.834200000000001
2014-10-16,11.912799999999999
2014-10-17,11.831
2014-10-20,11.9518
2014-10-21,11.944799999999999
2014-10-22,11.852500000000001
2014-10-23,11.9144
2014-10-24,11.8118
2014-10-27,11.6922
2014-10-28,11.6295
2014-10-29,11.696100000000001
2014-10-30,12.0351
2014-10-31,12.138100000000001
2014-11-03,12.1757
2014-11-04,12.2346
2014-11-05,12.205400000000001
2014-11-06,12.2861
2014-11-07,12.3028
2014-11-10,12.2872
2014-11-11,12.3507
2014-11-12,12.3723
2014-11-13,12.4223
2014-11-14,12.38
2014-11-17,12.4153
2014-11-18,12.3823
2014-11-19,12.331800000000001
2014-11-20,12.3384
2014-11-21,12.2141
2014-11-24,12.1971
2014-11-25,12.2111
2014-11-26,12.2585
2014-11-27,12.232
2014-11-28,12.3781
2014-12-01,12.4235
2014-12-02,12.4664
2014-12-03,12.5457
2014-12-04,12.3271
2014-12-05,12.299
2014-12-08,12.3584
2014-12-09,12.3333
2014-12-10,12.3351
2014-12-11,12.3529
2014-12-12,12.4056
2014-12-15,12.4851
2014-12-16,12.7469
2014-12-17,12.7518
2014-12-18,12.715300000000001
2014-12-19,12.742799999999999
2014-12-22,12.6849
2014-12-23,12.7171
2014-12-24,12.7239
2014-12-26,12.7733
2014-12-29,12.815700000000001
2014-12-30,12.833499999999999
2014-12-31,12.8137
2015-01-02,12.7503
2015-01-05,12.724300000000001
2015-01-06,12.6455
2015-01-07,12.5413
2015-01-08,12.5315
2015-01-09,12.5275
2015-01-12,12.5999
2015-01-13,12.5228
2015-01-14,12.5167
2015-01-15,12.5048
2015-01-16,12.415
2015-01-19,12.5043
2015-01-20,12.4742
2015-01-21,12.4846
2015-01-22,12.5535
2015-01-23,12.5549
2015-01-26,12.5641
2015-01-27,12.5518
2015-01-28,12.5522
2015-01-29,12.5388
2015-01-30,12.6379
2015-02-02,12.7501
2015-02-03,12.6354
2015-02-04,12.6541
2015-02-05,12.6789
2015-02-06,12.645
2015-02-09,12.686
2015-02-10,12.8096
2015-02-11,13.0755
2015-02-12,13.019499999999999
2015-02-13,13.0075
2015-02-18,13.021799999999999
2015-02-19,13.0452
2015-02-20,13.1036
2015-02-23,13.0654
2015-02-24,12.9602
2015-02-25,12.9676
2015-02-26,12.9515
2015-02-27,12.8716
2015-03-02,12.941799999999999
2015-03-03,12.9204
2015-03-04,13.017600000000002
2015-03-05,13.140500000000001
2015-03-06,13.3265
2015-03-09,13.688600000000001
2015-03-10,13.5593
2015-03-11,13.4961
2015-03-12,13.6233
2015-03-13,13.6811
2015-03-16,13.680900000000001
2015-03-17,13.5164
2015-03-18,13.450800000000001
2015-03-19,13.549299999999999
2015-03-20,13.4711
2015-03-23,13.3892
2015-03-24,13.368
2015-03-25,13.314699999999998
2015-03-26,13.3332
2015-03-27,13.3919
2015-03-30,13.353
2015-03-31,13.2912
2015-04-01,13.1308
2015-04-02,13.1286
2015-04-06,13.1273
2015-04-07,13.0837
2015-04-08,12.981800000000002
2015-04-09,13.0523
2015-04-10,13.0338
2015-04-13,13.0747
2015-04-14,13.0481
2015-04-15,13.0638
2015-04-16,13.1213
2015-04-17,13.2334
2015-04-20,13.3469
2015-04-22,13.354600000000001
2015-04-23,13.3662
2015-04-24,13.43
2015-04-27,13.2911
2015-04-28,13.3246
2015-04-29,13.272499999999999
2015-04-30,13.488999999999999
2015-05-04,13.525
2015-05-05,13.4951
2015-05-06,13.482700000000001
2015-05-07,13.6073
2015-05-08,13.5635
2015-05-11,13.5738
2015-05-12,13.5913
2015-05-13,13.6012
2015-05-14,13.563099999999999
2015-05-15,13.5297
2015-05-18,13.5899
2015-05-19,13.5889
2015-05-20,13.508000000000001
2015-05-21,13.521899999999999
2015-05-22,13.471300000000001
2015-05-25,13.456000000000001
2015-05-26,13.4163
2015-05-27,13.4621
2015-05-28,13.431799999999999
2015-05-29,13.4871
2015-06-01,13.5624
2015-06-02,13.6335
2015-06-03,13.670499999999999
2015-06-05,13.761099999999999
2015-06-08,13.712299999999999
2015-06-09,13.7326
2015-06-10,13.8495
2015-06-11,13.972100000000001
2015-06-12,13.9733
2015-06-15,14.1009
2015-06-16,14.028699999999999
2015-06-17,14.0122
2015-06-18,14.0583
2015-06-19,14.0831
2015-06-22,14.0042
2015-06-23,13.9085
2015-06-24,13.9764
2015-06-25,14.071900000000001
2015-06-26,14.092600000000001
2015-06-29,14.0801
2015-06-30,14.0173
2015-07-01,14.0547
2015-07-02,13.9267
2015-07-03,13.8499
2015-07-06,13.8965
2015-07-07,13.8634
2015-07-08,13.7945
2015-07-09,13.786
2015-07-10,13.6821
2015-07-13,13.6809
2015-07-14,13.6679
2015-07-15,13.674299999999999
2015-07-16,13.657599999999999
2015-07-17,13.5641
2015-07-20,13.46
2015-07-21,13.455
2015-07-22,13.404300000000001
2015-07-23,13.6492
2015-07-24,13.8934
2015-07-27,13.898
2015-07-28,13.9154
2015-07-29,13.84
2015-07-30,13.545
2015-07-31,13.5305
2015-08-03,13.642100000000001
2015-08-04,13.6033
2015-08-05,13.703899999999999
2015-08-06,14.0567
2015-08-07,14.1357
2015-08-10,13.9695
2015-08-11,13.8573
2015-08-12,13.746400000000001
2015-08-13,13.7681
2015-08-14,13.7235
2015-08-17,13.7254
2015-08-18,13.7065
2015-08-19,13.6437
2015-08-20,13.5865
2015-08-21,13.6555
2015-08-24,13.8767
2015-08-25,13.8918
2015-08-26,13.780800000000001
2015-08-27,13.6952
2015-08-28,13.744100000000001
2015-08-31,13.9522
2015-09-01,14.1329
2015-09-02,14.4596
2015-09-03,14.3566
2015-09-04,14.6589
2015-09-08,14.509699999999999
2015-09-09,14.523399999999999
2015-09-10,14.850000000000001
2015-09-11,14.742799999999999
2015-09-14,14.5209
2015-09-15,14.492799999999999
2015-09-16,14.4958
2015-09-17,14.678700000000001
2015-09-18,15.0021
2015-09-21,15.1115
2015-09-22,15.2517
2015-09-23,15.8899
2015-09-24,15.1633
2015-09-25,15.1354
2015-09-28,15.626100000000001
2015-09-29,15.3786
2015-09-30,15.136
2015-10-01,15.343200000000001
2015-10-02,15.1308
2015-10-05,15.0781
2015-10-06,14.9374
2015-10-07,15.139500000000002
2015-10-08,14.9338
2015-10-09,15.1883
2015-10-13,15.412700000000001
2015-10-14,15.2513
2015-10-15,15.0327
2015-10-16,15.061399999999999
2015-10-19,15.0823
2015-10-20,14.9839
2015-10-21,15.1047
2015-10-22,14.9336
2015-10-23,14.9886
2015-10-26,14.9425
2015-10-27,14.8159
2015-10-28,14.9047
2015-10-29,14.9077
2015-10-30,14.9749
2015-11-03,14.8635
2015-11-04,14.819
2015-11-05,14.8338
2015-11-06,14.7575
2015-11-09,14.8597
2015-11-10,14.914
2015-11-11,14.8278
2015-11-12,14.877600000000001
2015-11-13,14.9403
2015-11-16,14.9048
2015-11-17,14.8852
2015-11-18,14.892199999999999
2015-11-19,14.6447
2015-11-20,14.636
2015-11-23,14.521
2015-11-24,14.6286
2015-11-25,14.7111
2015-11-26,14.928700000000001
2015-11-27,15.0666
2015-11-30,15.172400000000001
2015-12-01,15.1276
2015-12-02,15.0264
2015-12-03,15.0661
2015-12-04,15.0408
2015-12-07,14.9488
2015-12-08,14.9351
2015-12-09,14.8633
2015-12-10,15.1307
2015-12-11,15.1768
2015-12-14,15.222999999999999
2015-12-15,15.1754
2015-12-16,15.233
2015-12-17,15.0825
2015-12-18,15.107800000000001
2015-12-21,15.321700000000002
2015-12-22,15.2404
2015-12-23,15.1699
2015-12-24,15.1697
2015-12-28,15.1039
2015-12-29,15.148
2015-12-30,15.2225
2015-12-31,15.2261
2016-01-04,15.1334
2016-01-05,14.9916
2016-01-06,14.7968
2016-01-07,14.8482
2016-01-08,14.860700000000001
2016-01-11,14.9444
2016-01-12,14.8668
2016-01-13,14.8395
2016-01-14,14.9236
2016-01-15,15.0441
2016-01-18,15.092799999999999
2016-01-19,14.9113
2016-01-20,14.7463
2016-01-21,14.423699999999998
2016-01-22,14.356300000000001
2016-01-25,14.3799
2016-01-26,14.229600000000001
2016-01-27,14.196
2016-01-28,13.9269
2016-01-29,14.0178
2016-02-01,13.862
2016-02-02,13.9229
2016-02-03,13.854
2016-02-04,13.9444
2016-02-05,13.971300000000001
2016-02-10,13.841999999999999
2016-02-11,13.9489
2016-02-12,13.8663
2016-02-15,13.8381
2016-02-16,13.689599999999999
2016-02-17,13.6294
2016-02-18,13.7104
2016-02-19,13.6038
2016-02-22,13.528599999999999
2016-02-23,13.559099999999999
2016-02-24,13.5089
2016-02-25,13.5814
2016-02-26,13.6111
2016-02-29,13.5143
2016-03-01,13.276900000000001
2016-03-02,13.2858
2016-03-03,13.275500000000001
2016-03-04,13.272300000000001
2016-03-07,13.3732
2016-03-08,13.2988
2016-03-09,13.1005
2016-03-10,13.022099999999998
2016-03-11,12.8431
2016-03-14,12.845500000000001
2016-03-15,12.9812
2016-03-16,12.928700000000001
2016-03-17,12.8509
2016-03-18,12.8721
2016-03-21,12.8949
2016-03-22,12.8052
2016-03-23,12.841299999999999
2016-03-24,12.9634
2016-03-28,12.8353
2016-03-29,12.8423
2016-03-30,12.9025
2016-03-31,13.1045
2016-04-01,12.9474
2016-04-04,13.0175
2016-04-05,13.016
2016-04-06,13.0595
2016-04-07,13.1526
2016-04-08,13.0436
2016-04-11,12.962200000000001
2016-04-12,12.943800000000001
2016-04-13,12.8018
2016-04-14,12.7805
2016-04-15,12.7033
2016-04-18,12.5739
2016-04-19,12.5832
2016-04-20,12.594100000000001
2016-04-22,12.593
2016-04-25,12.5635
2016-04-26,12.6153
2016-04-27,12.533900000000001
2016-04-28,12.6442
2016-04-29,12.638200000000001
2016-05-02,12.7187
2016-05-03,12.705900000000002
2016-05-04,12.7557
2016-05-05,12.7584
2016-05-06,12.7658
2016-05-09,12.8459
2016-05-10,12.761000000000001
2016-05-11,12.691699999999999
2016-05-12,12.636
2016-05-13,12.6493
2016-05-16,12.6673
2016-05-17,12.699200000000001
2016-05-18,12.704699999999999
2016-05-19,12.6309
2016-05-20,12.593
2016-05-23,12.6232
2016-05-24,12.6292
2016-05-25,12.6207
2016-05-27,12.6289
2016-05-30,12.5001
2016-05-31,12.501199999999999
2016-06-01,12.417
2016-06-02,12.395
2016-06-03,12.3954
2016-06-06,12.375800000000002
2016-06-07,12.4365
2016-06-08,12.3893
2016-06-09,12.4861
2016-06-10,12.5769
2016-06-13,12.5721
2016-06-14,12.6035
2016-06-15,12.657
2016-06-16,12.7074
2016-06-17,12.7137
2016-06-20,12.6726
2016-06-21,12.5715
2016-06-22,12.5413
2016-06-23,12.475900000000001
2016-06-24,12.5427
2016-06-27,12.4973
2016-06-28,12.715200000000001
2016-06-29,12.7923
2016-06-30,12.9002
2016-07-01,12.7541
2016-07-04,12.7256
2016-07-05,12.7842
2016-07-06,12.8001
2016-07-07,12.7779
2016-07-08,12.715
2016-07-11,12.6609
2016-07-12,12.6602
2016-07-13,12.6198
2016-07-14,12.602200000000002
2016-07-15,12.6408
2016-07-18,12.5985
2016-07-19,12.602300000000001
2016-07-20,12.4925
2016-07-21,12.6835
2016-07-22,12.7061
2016-07-25,12.680200000000001
2016-07-26,12.7144
2016-07-27,12.7217
2016-07-28,12.7878
2016-07-29,12.7479
2016-08-01,12.7346
2016-08-02,12.738900000000001
2016-08-03,12.7283
2016-08-04,12.696399999999999
2016-08-05,12.5961
2016-08-08,12.5999
2016-08-09,12.5254
2016-08-10,12.532
2016-08-11,12.5229
2016-08-12,12.522699999999999
2016-08-15,12.5154
2016-08-16,12.5546
2016-08-17,12.5135
2016-08-18,12.5497
2016-08-19,12.493599999999999
2016-08-22,12.506
2016-08-23,12.4901
2016-08-24,12.523100000000001
2016-08-25,12.5146
2016-08-26,12.5157
2016-08-29,12.5438
2016-08-30,12.5148
2016-08-31,12.5254
2016-09-01,12.3575
2016-09-02,12.3119
2016-09-05,12.3174
2016-09-06,12.321
2016-09-08,12.2661
2016-09-09,12.353900000000001
2016-09-12,12.338099999999999
2016-09-13,12.4129
2016-09-14,12.3243
2016-09-15,12.2982
2016-09-16,12.2368
2016-09-19,12.2252
2016-09-20,12.1598
2016-09-21,12.061300000000001
2016-09-22,11.969
2016-09-23,11.944
2016-09-26,11.940900000000001
2016-09-27,11.873
2016-09-28,11.857099999999999
2016-09-29,11.8894
2016-09-30,11.865200000000002
2016-10-03,11.7458
2016-10-04,11.8095
2016-10-05,11.7331
2016-10-06,11.6631
2016-10-07,11.605599999999999
2016-10-10,11.6413
2016-10-11,11.619
2016-10-13,11.5667
2016-10-14,11.555
2016-10-17,11.5753
2016-10-18,11.5883
2016-10-19,11.5252
2016-10-20,11.697199999999999
2016-10-21,11.7765
2016-10-24,11.7499
2016-10-25,11.817300000000001
2016-10-26,11.8402
2016-10-27,11.8084
2016-10-28,11.7802
2016-10-31,11.7699
2016-11-01,11.7949
2016-11-03,11.777999999999999
2016-11-04,11.7809
2016-11-07,11.7284
2016-11-08,11.64
2016-11-09,11.6137
2016-11-10,11.684099999999999
2016-11-11,11.741
2016-11-14,11.859300000000001
2016-11-16,11.766200000000001
2016-11-17,11.7438
2016-11-18,11.7006
2016-11-21,11.5265
2016-11-22,11.4567
2016-11-23,11.436
2016-11-24,11.4266
2016-11-25,11.4224
2016-11-28,11.4042
2016-11-29,11.370700000000001
2016-11-30,11.3435
2016-12-01,11.52
2016-12-02,11.499
2016-12-05,11.266200000000001
2016-12-06,11.1977
2016-12-07,11.1166
2016-12-08,11.0917
2016-12-09,11.0475
2016-12-12,10.9878
2016-12-13,10.975800000000001
2016-12-14,10.8811
2016-12-15,10.8782
2016-12-16,10.8327
2016-12-19,10.7569
2016-12-20,10.7838
2016-12-21,10.7123
2016-12-22,10.708200000000001
2016-12-23,10.7078
2016-12-26,10.672500000000001
2016-12-27,10.6585
2016-12-28,10.654
2016-12-29,10.6838
2016-12-30,10.6886
2017-01-02,10.595699999999999
2017-01-03,10.5695
2017-01-04,10.559
2017-01-05,10.4709
2017-01-06,10.4678
2017-01-09,10.4745
2017-01-10,10.4385
2017-01-11,10.4352
2017-01-12,10.1087
2017-01-13,10.1681
2017-01-16,10.1293
2017-01-17,10.1559
2017-01-18,10.1287
2017-01-19,10.0659
2017-01-20,10.0201
2017-01-23,10.064400000000001
2017-01-24,10.0405
2017-01-25,10.0298
2017-01-26,10.0452
2017-01-27,10.0082
2017-01-30,10.0206
2017-01-31,9.997499999999999
2017-02-01,9.9147
2017-02-02,9.885599999999998
2017-02-03,9.8468
2017-02-06,9.860800000000001
2017-02-07,9.8213
2017-02-08,9.7701
2017-02-09,9.7432
2017-02-10,9.680000000000001
2017-02-13,9.6642
2017-02-14,9.6379
2017-02-15,9.588
2017-02-16,9.6509
2017-02-17,9.5684
2017-02-20,9.5361
2017-02-21,9.4773
2017-02-22,9.4558
2017-02-23,9.3284
2017-02-24,9.340900000000001
2017-03-01,9.147
2017-03-02,9.1186
2017-03-03,9.0315
2017-03-06,8.9763
2017-03-07,8.954500000000001
2017-03-08,8.9496
2017-03-09,8.9545
2017-03-10,8.7597
2017-03-13,8.686499999999999
2017-03-14,8.7443
2017-03-15,8.6905
2017-03-16,8.747900000000001
2017-03-17,8.7529
2017-03-20,8.7458
2017-03-21,8.7025
2017-03-22,8.7191
2017-03-23,8.7417
2017-03-24,8.6394
2017-03-27,8.59
2017-03-28,8.5752
2017-03-29,8.524
2017-03-30,8.6049
2017-03-31,8.6027
2017-04-03,8.5723
2017-04-04,8.520199999999999
2017-04-05,8.4888
2017-04-06,8.5389
2017-04-07,8.4727
2017-04-10,8.362
2017-04-11,8.3347
2017-04-12,8.380099999999999
2017-04-13,8.4069
2017-04-17,8.3829
2017-04-18,8.2963
2017-04-19,8.3096
2017-04-20,8.3248
2017-04-24,8.261700000000001
2017-04-25,8.2924
2017-04-26,8.2392
2017-04-27,8.2514
2017-04-28,8.2
2017-05-02,8.1565
2017-05-03,8.1098
2017-05-04,8.1381
2017-05-05,8.0872
2017-05-08,8.072199999999999
2017-05-09,7.9907
2017-05-10,7.915699999999999
2017-05-11,7.802
2017-05-12,7.776999999999999
2017-05-15,7.6433
2017-05-16,7.608099999999999
2017-05-17,7.632700000000001
2017-05-18,9.039900000000001
2017-05-19,8.5288
2017-05-22,8.666799999999999
2017-05-23,8.418
2017-05-24,8.2721
2017-05-25,8.2455
2017-05-26,7.9952000000000005
2017-05-29,7.909799999999999
2017-05-30,8.0156
2017-05-31,7.955499999999999
2017-06-01,8.1364
2017-06-02,8.164299999999999
2017-06-05,8.1788
2017-06-06,8.0434
2017-06-07,8.0241
2017-06-08,8.0191
2017-06-09,7.8247
2017-06-12,7.7882
2017-06-13,7.821700000000001
2017-06-14,7.8134999999999994
2017-06-16,7.718700000000001
2017-06-19,7.6103
2017-06-20,7.6652000000000005
2017-06-21,7.600300000000001
2017-06-22,7.561599999999999
2017-06-23,7.5839
2017-06-26,7.5526
2017-06-27,7.564100000000001
2017-06-28,7.533500000000001
2017-06-29,7.5584
2017-06-30,7.487
2017-07-03,7.355999999999999
2017-07-04,7.3464
2017-07-05,7.318999999999999
2017-07-06,7.3165000000000004
2017-07-07,7.349
2017-07-10,7.326600000000001
2017-07-11,7.3142
2017-07-12,7.259600000000001
2017-07-13,7.2406
2017-07-14,7.2042
2017-07-17,7.187200000000001
2017-07-18,7.156
2017-07-19,7.058700000000001
2017-07-20,6.9748
2017-07-21,7.034000000000001
2017-07-24,7.0215000000000005
2017-07-25,7.0161999999999995
2017-07-26,7.0096
2017-07-27,6.7449
2017-07-31,6.7259
2017-08-01,6.6784
2017-08-02,6.6556
2017-08-03,6.6157
2017-08-04,6.6274999999999995
2017-08-07,6.6502
2017-08-08,6.6357
2017-08-09,6.6815
2017-08-10,6.6960999999999995
2017-08-11,6.6695
2017-08-14,6.6610000000000005
2017-08-15,6.6415
2017-08-16,6.6164
2017-08-17,6.6733
2017-08-18,6.6074
2017-08-21,6.6175999999999995
2017-08-22,6.5854
2017-08-23,6.502800000000001
2017-08-24,6.4303
2017-08-25,6.3866
2017-08-28,6.382199999999999
2017-08-29,6.3412999999999995
2017-08-30,6.3241
2017-08-31,6.3376
2017-09-01,6.3645
2017-09-04,6.372599999999999
2017-09-05,6.3837
2017-09-06,6.2108
2017-09-08,6.2187
2017-09-11,6.2484
2017-09-12,6.2019
2017-09-13,6.1318
2017-09-14,6.069800000000001
2017-09-15,6.0205
2017-09-18,5.9573
2017-09-19,5.896999999999999
2017-09-20,5.8801
2017-09-21,5.8224
2017-09-22,5.806699999999999
2017-09-25,5.838699999999999
2017-09-26,5.7989
2017-09-27,5.8332
2017-09-28,5.8304
2017-09-29,5.7986
2017-10-02,5.7927
2017-10-03,5.8245
2017-10-04,5.8107
2017-10-05,5.8178
2017-10-06,5.8096
2017-10-09,5.8062
2017-10-10,5.7613
2017-10-11,5.7049
2017-10-13,5.692500000000001
2017-10-16,5.6896
2017-10-17,5.6823999999999995
2017-10-18,5.6822
2017-10-19,5.6746
2017-10-20,5.6686
2017-10-23,5.692
2017-10-24,5.6986
2017-10-25,5.674799999999999
2017-10-26,5.7768999999999995
2017-10-27,5.7361
2017-10-30,5.755999999999999
2017-10-31,5.6934
2017-11-01,5.685599999999999
2017-11-03,5.6827000000000005
2017-11-06,5.6617
2017-11-07,5.6621999999999995
2017-11-08,5.6032
2017-11-09,5.6418
2017-11-10,5.6453
2017-11-13,5.6163
2017-11-14,5.6167
2017-11-16,5.5817
2017-11-17,5.5252
2017-11-20,5.5171
2017-11-21,5.4859
2017-11-22,5.5039
2017-11-23,5.4421
2017-11-24,5.4348
2017-11-27,5.4069
2017-11-28,5.3976
2017-11-29,5.4298
2017-11-30,5.4098999999999995
2017-12-01,5.4005
2017-12-04,5.3253
2017-12-05,5.2936
2017-12-06,5.2937
2017-12-07,5.3115
2017-12-08,5.2865
2017-12-11,5.2542
2017-12-12,5.2453
2017-12-13,5.2389
2017-12-14,5.2322
2017-12-15,5.213900000000001
2017-12-18,5.1933
2017-12-19,5.1891
2017-12-20,5.1475
2017-12-21,5.1869
2017-12-22,5.1682
2017-12-26,5.1377999999999995
2017-12-27,5.1533999999999995
2017-12-28,5.1256
2017-12-29,5.1266
2018-01-02,4.9988
2018-01-03,4.9445
2018-01-04,4.9447
2018-01-05,4.9943
2018-01-08,5.0264
2018-01-09,5.0342
2018-01-10,5.1114999999999995
2018-01-11,5.1324000000000005
2018-01-12,5.1587
2018-01-15,5.1204
2018-01-16,5.1259999999999994
2018-01-17,5.134
2018-01-18,5.1654
2018-01-19,5.1348
2018-01-22,5.147600000000001
2018-01-23,5.1697
2018-01-24,5.0802
2018-01-25,5.0837
2018-01-26,5.0466999999999995
2018-01-29,5.079000000000001
2018-01-30,5.0969
2018-01-31,5.010999999999999
2018-02-01,5.0037
2018-02-02,5.0565
2018-02-05,5.0857
2018-02-06,5.0671
2018-02-07,5.0196000000000005
2018-02-08,4.9601
2018-02-09,4.9552
2018-02-14,4.834
2018-02-15,4.7785
2018-02-16,4.7280999999999995
2018-02-19,4.6906
2018-02-20,4.6545000000000005
2018-02-21,4.6080000000000005
2018-02-22,4.6755
2018-02-23,4.659700000000001
2018-02-26,4.6676
2018-02-27,4.6745
2018-02-28,4.6038
2018-03-01,4.628299999999999
2018-03-02,4.5693
2018-03-05,4.5085999999999995
2018-03-06,4.4940999999999995
2018-03-07,4.4891000000000005
2018-03-08,4.487399999999999
2018-03-09,4.4849
2018-03-12,4.483599999999999
2018-03-13,4.492
2018-03-14,4.5337000000000005
2018-03-15,4.538600000000001
2018-03-16,4.5153
2018-03-19,4.4997
2018-03-20,4.5153
2018-03-21,4.5374
2018-03-22,4.3194
2018-03-23,4.3302
2018-03-26,4.2745999999999995
2018-03-27,4.2978
2018-03-28,4.2174
2018-03-29,4.2138
2018-04-02,4.225899999999999
2018-04-03,4.226000000000001
2018-04-04,4.281
2018-04-05,4.2363
2018-04-06,4.2745
2018-04-09,4.297000000000001
2018-04-10,4.2899
2018-04-11,4.2759
2018-04-12,4.2075
2018-04-13,4.169700000000001
2018-04-16,4.170999999999999
2018-04-17,4.1514
2018-04-18,4.1252
2018-04-19,4.1184
2018-04-20,4.0708
2018-04-23,4.0756
2018-04-24,4.0762
2018-04-25,4.0605
2018-04-26,4.0822
2018-04-27,4.0647
2018-04-30,4.0818
2018-05-02,4.116
2018-05-03,4.1562
2018-05-04,4.1678999999999995
2018-05-07,4.201499999999999
2018-05-08,4.2896
2018-05-09,4.2849
2018-05-10,4.2294
2018-05-11,4.288600000000001
2018-05-14,4.368
2018-05-15,4.322100000000001
2018-05-16,4.285499999999999
2018-05-17,4.5923
2018-05-18,4.6697999999999995
2018-05-21,4.5953
2018-05-22,4.523000000000001
2018-05-23,4.4897
2018-05-24,4.6027000000000005
2018-05-25,4.663
2018-05-28,4.7622
2018-05-29,4.884399999999999
2018-05-30,4.8858
2018-06-01,4.745100000000001
2018-06-04,4.6709
2018-06-05,4.9137
2018-06-06,5.0442
2018-06-07,5.8291
2018-06-08,5.700200000000001
2018-06-11,5.545599999999999
2018-06-12,5.5243
2018-06-13,5.667999999999999
2018-06-14,6.1356
2018-06-15,5.8328999999999995
2018-06-18,5.618399999999999
2018-06-19,5.4245
2018-06-20,5.4681999999999995
2018-06-21,5.4893
2018-06-22,5.486800000000001
2018-06-25,5.389100000000001
2018-06-26,5.290800000000001
2018-06-27,5.4223
2018-06-28,5.1855
2018-06-29,5.1682
2018-07-02,5.1411
2018-07-03,5.2254000000000005
2018-07-04,5.2965
2018-07-05,5.3415
2018-07-06,5.2044999999999995
2018-07-09,5.1974
2018-07-10,5.092600000000001
2018-07-11,5.1606
2018-07-12,5.242100000000001
2018-07-13,5.1585
2018-07-16,5.1188
2018-07-17,5.0221
2018-07-18,5.0605
2018-07-19,5.0779
2018-07-20,5.0445
2018-07-23,5.0892
2018-07-24,5.0482
2018-07-25,4.940300000000001
2018-07-26,4.927300000000001
2018-07-27,4.925699999999999
2018-07-30,4.9293
2018-07-31,4.9138
2018-08-01,4.8764
2018-08-02,4.926699999999999
2018-08-03,4.937200000000001
2018-08-06,4.9465
2018-08-07,5.0721
2018-08-08,5.0454
2018-08-09,5.1347
2018-08-10,5.4155
2018-08-13,5.4107
2018-08-14,5.188
2018-08-15,5.168900000000001
2018-08-16,5.1716999999999995
2018-08-17,5.1652
2018-08-20,5.2515
2018-08-21,5.449
2018-08-22,5.3857
2018-08-23,5.5203
2018-08-24,5.468500000000001
2018-08-27,5.418
2018-08-28,5.4574
2018-08-29,5.402
2018-08-30,5.7271
2018-08-31,5.6177
2018-09-03,5.720199999999999
2018-09-04,5.763000000000001
2018-09-05,5.7391000000000005
2018-09-06,5.624500000000001
2018-09-10,5.4307
2018-09-11,5.4632000000000005
2018-09-12,5.3581
2018-09-13,5.549799999999999
2018-09-14,5.5283999999999995
2018-09-17,5.4085
2018-09-18,5.3858999999999995
2018-09-19,5.4356
2018-09-20,5.4086
2018-09-21,5.350300000000001
2018-09-24,5.3894
2018-09-25,5.3833
2018-09-26,5.3296
2018-09-27,5.2592
2018-09-28,5.3134999999999994
2018-10-01,5.2378
2018-10-02,5.2051
2018-10-03,5.1739
2018-10-04,5.1669
2018-10-05,5.2395
2018-10-08,4.8972999999999995
2018-10-09,4.6787
2018-10-10,4.7428
2018-10-11,4.6914
2018-10-15,4.622999999999999
2018-10-16,4.598699999999999
2018-10-17,4.600300000000001
2018-10-18,4.6182
2018-10-19,4.612500000000001
2018-10-22,4.5252
2018-10-23,4.482799999999999
2018-10-24,4.5164
2018-10-25,4.5731
2018-10-26,4.5357
2018-10-29,4.4426000000000005
2018-10-30,4.362
2018-10-31,4.3389
2018-11-01,4.3584000000000005
2018-11-05,4.2959000000000005
2018-11-06,4.2959
2018-11-07,4.2277000000000005
2018-11-08,4.2621
2018-11-09,4.230499999999999
2018-11-12,4.1912
2018-11-13,4.193
2018-11-14,4.146100000000001
2018-11-16,4.118500000000001
2018-11-19,4.1984
2018-11-20,4.2017
2018-11-21,4.1606000000000005
2018-11-22,4.2102
2018-11-23,4.169700000000001
2018-11-26,4.2018
2018-11-27,4.2463
2018-11-28,4.185600000000001
2018-11-29,4.2292
2018-11-30,4.2316
2018-12-03,4.1859
2018-12-04,4.227399999999999
2018-12-05,4.2003
2018-12-06,4.1393
2018-12-07,4.077299999999999
2018-12-10,4.0516000000000005
2018-12-11,4.0238
2018-12-12,4.014100000000001
2018-12-13,3.9170999999999996
2018-12-14,3.8919
2018-12-17,3.9146
2018-12-18,3.9726
2018-12-19,3.9533
2018-12-20,3.9122
2018-12-21,3.9406
2018-12-24,3.985
2018-12-26,3.9724000000000004
2018-12-27,3.9843
2018-12-28,3.9717
2018-12-31,3.9616999999999996
2019-01-02,3.8582
2019-01-03,3.9911999999999996
2019-01-04,3.9631
2019-01-07,4.028600000000001
2019-01-08,4.0023
2019-01-09,4.0287999999999995
2019-01-10,4.0729
2019-01-11,4.082000000000001
2019-01-14,4.0409
2019-01-15,4.0824
2019-01-16,4.0817
2019-01-17,4.0335
2019-01-18,3.9847
2019-01-21,3.9996
2019-01-22,3.9284999999999997
2019-01-23,3.9038
2019-01-24,3.9270000000000005
2019-01-25,3.9141000000000004
2019-01-28,3.9168000000000003
2019-01-29,3.8848
2019-01-30,3.9026
2019-01-31,3.8663
2019-02-01,3.8283
2019-02-04,3.8531999999999997
2019-02-05,3.8636000000000004
2019-02-06,3.8480999999999996
2019-02-07,3.9847000000000006
2019-02-08,4.0638
2019-02-11,4.0478
2019-02-12,4.0054
2019-02-13,3.9245
2019-02-14,3.91
2019-02-15,3.8644000000000003
2019-02-18,3.8928999999999996
2019-02-19,3.8976
2019-02-20,3.9305
2019-02-21,3.9484
2019-02-22,3.9520000000000004
2019-02-25,3.9633999999999996
2019-02-26,4.007099999999999
2019-02-27,3.9725000000000006
2019-02-28,4.0222999999999995
2019-03-01,4.0095
2019-03-06,4.046900000000001
2019-03-07,4.049300000000001
2019-03-08,4.024000000000001
2019-03-11,3.9867
2019-03-12,3.9692
2019-03-13,3.8932
2019-03-14,3.9332000000000003
2019-03-15,3.934
2019-03-18,3.9093
2019-03-19,3.9204
2019-03-20,3.9118
2019-03-21,3.9095
2019-03-22,4.0967
2019-03-25,4.0738
2019-03-26,4.0917
2019-03-27,4.2448
2019-03-28,4.1607
2019-03-29,4.2017
2019-04-01,4.1189
2019-04-02,4.1213
2019-04-03,4.1409
2019-04-04,4.1499
2019-04-05,4.1059
2019-04-08,4.1143
2019-04-09,4.146599999999999
2019-04-10,4.1357
2019-04-11,4.165900000000001
2019-04-12,4.1449
2019-04-15,4.1153
2019-04-16,4.0961
2019-04-17,4.1029
2019-04-18,4.0499
2019-04-22,4.0306
2019-04-23,4.0276
2019-04-24,4.1006
2019-04-25,4.1295
2019-04-26,4.175
2019-04-29,4.209
2019-04-30,4.234500000000001
2019-05-02,4.235
2019-05-03,4.1843
2019-05-06,4.1693999999999996
2019-05-07,4.1828
2019-05-08,4.1481
2019-05-09,4.1133
2019-05-10,4.0819
2019-05-13,4.1525
2019-05-14,4.115
2019-05-15,4.1181
2019-05-16,4.1631
2019-05-17,4.2531
2019-05-20,4.1828
2019-05-21,4.1028
2019-05-22,4.102499999999999
2019-05-23,4.1045
2019-05-24,4.082
2019-05-27,4.0581
2019-05-28,3.9922999999999997
2019-05-29,3.9983999999999997
2019-05-30,3.9951
2019-05-31,4.0228
2019-06-03,4.088099999999999
2019-06-04,4.040299999999999
2019-06-05,4.1868
2019-06-06,4.1552
2019-06-07,4.1395
2019-06-10,4.041399999999999
2019-06-11,3.9798
2019-06-12,4.0246
2019-06-13,3.945
2019-06-14,3.8888000000000003
2019-06-17,3.8726000000000003
2019-06-18,3.8401999999999994
2019-06-19,4.000100000000001
2019-06-21,3.8483000000000005
2019-06-24,3.8548
2019-06-25,3.9331000000000005
2019-06-26,3.9059999999999997
2019-06-27,3.9044
2019-06-28,3.8544
2019-07-01,3.8231
2019-07-02,3.8548
2019-07-03,3.8365000000000005
2019-07-04,3.7736000000000005
2019-07-05,3.6669
2019-07-08,3.6102999999999996
2019-07-09,3.5949999999999998
2019-07-10,3.6334
2019-07-11,3.5998
2019-07-12,3.5972
2019-07-15,3.5646
2019-07-16,3.5431000000000004
2019-07-17,3.5982999999999996
2019-07-18,3.6071
2019-07-19,3.5374
2019-07-22,3.4924
2019-07-23,3.4097
2019-07-24,3.3930000000000007
2019-07-25,3.4113
2019-07-26,3.417
2019-07-29,3.4043
2019-07-30,3.3867
2019-07-31,3.4497999999999998
2019-08-01,3.4314999999999998
2019-08-02,3.4992
2019-08-05,3.691
2019-08-06,3.5993000000000004
2019-08-07,3.5771999999999995
2019-08-08,3.5355
2019-08-09,3.5039999999999996
2019-08-12,3.5429999999999997
2019-08-13,3.4396000000000004
2019-08-14,3.5816
2019-08-15,3.6426999999999996
2019-08-16,3.5775
2019-08-19,3.5885999999999996
2019-08-20,3.5955
2019-08-21,3.4722999999999997
2019-08-22,3.4703999999999997
2019-08-23,3.5782
2019-08-26,3.6188999999999996
2019-08-27,3.6748000000000003
2019-08-28,3.7331
2019-08-29,3.6918000000000006
2019-08-30,3.6171000000000006
2019-09-02,3.6475
2019-09-03,3.6229999999999993
2019-09-04,3.6046000000000005
2019-09-05,3.5191
2019-09-06,3.5145999999999997
2019-09-09,3.4518000000000004
2019-09-10,3.4126000000000003
2019-09-11,3.4638
2019-09-12,3.3918
2019-09-13,3.3627999999999996
2019-09-16,3.2758000000000003
2019-09-17,3.2436
2019-09-18,3.2382000000000004
2019-09-19,3.0340000000000007
2019-09-20,3.0475000000000003
2019-09-23,3.1082
2019-09-24,3.1341
2019-09-25,3.096
2019-09-26,3.1015000000000006
2019-09-27,3.1035999999999997
2019-09-30,3.0961
2019-10-02,3.1695
2019-10-03,3.1825
2019-10-04,3.1803
2019-10-07,3.1340000000000003
2019-10-08,3.1266
2019-10-09,3.0391999999999997
2019-10-10,2.9467
2019-10-11,2.8750999999999998
2019-10-14,2.8498
2019-10-15,2.9025999999999996
2019-10-16,2.8674999999999997
2019-10-17,2.8236
2019-10-18,2.8244999999999996
2019-10-21,2.8064
2019-10-22,2.9006999999999996
2019-10-23,2.8630000000000004
2019-10-24,2.8276000000000003
2019-10-25,2.7692999999999994
2019-10-28,2.7464000000000004
2019-10-29,2.7337000000000007
2019-10-30,2.7419999999999995
2019-10-31,2.9293
2019-11-01,2.8977
2019-11-04,2.8939000000000004
2019-11-05,2.8560000000000003
2019-11-06,2.8624
2019-11-07,2.894
2019-11-08,2.9143999999999997
2019-11-11,2.8834
2019-11-12,2.9214
2019-11-13,2.9879
2019-11-14,3.0235000000000003
2019-11-18,3.0568
2019-11-19,3.0487
2019-11-20,3.0576
2019-11-21,3.1113000000000004
2019-11-22,3.0216999999999996
2019-11-25,3.0115999999999996
2019-11-26,3.0851
2019-11-27,3.0920999999999994
2019-11-28,3.0419
2019-11-29,3.0484999999999998
2019-12-02,3.0969999999999995
2019-12-03,3.1035999999999997
2019-12-04,3.0705999999999998
2019-12-05,3.1035
2019-12-06,3.0206999999999997
2019-12-09,3.0391000000000004
2019-12-10,3.0336999999999996
2019-12-11,3.0534
2019-12-12,2.9793000000000003
2019-12-13,2.9894000000000003
2019-12-16,3.0200000000000005
2019-12-17,3.1049999999999995
2019-12-18,3.0841
2019-12-19,3.1432
2019-12-20,3.1223
2019-12-23,3.1007
2019-12-24,3.1105
2019-12-26,3.0703999999999994
2019-12-27,3.0919
2019-12-30,3.0648
2019-12-31,2.9896000000000003
2020-01-02,2.9764999999999997
2020-01-03,2.9980999999999995
2020-01-06,3.009
2020-01-07,2.9883
2020-01-08,2.942
2020-01-09,2.9355
2020-01-10,2.976
2020-01-13,2.9821
2020-01-14,2.9362
2020-01-15,2.8535
2020-01-16,2.9219999999999997
2020-01-17,2.8755999999999995
2020-01-20,2.8914999999999997
2020-01-21,2.8727000000000005
2020-01-22,2.811
2020-01-23,2.8388999999999998
2020-01-24,2.8445
2020-01-27,2.7978
2020-01-28,2.8293000000000004
2020-01-29,2.8676
2020-01-30,2.9153000000000002
2020-01-31,2.9852999999999996
2020-02-03,2.918
2020-02-04,2.8747
2020-02-05,2.8555
2020-02-06,2.9139999999999997
2020-02-07,2.8639
2020-02-10,2.8608000000000002
2020-02-11,2.814
2020-02-12,2.7885999999999997
2020-02-13,2.8315
2020-02-14,2.8015
2020-02-17,2.7950999999999997
2020-02-18,2.8035000000000005
2020-02-19,2.7708000000000004
2020-02-20,2.7953
2020-02-21,2.8274
2020-02-26,3.0297
2020-02-27,3.0744000000000007
2020-02-28,3.1372
2020-03-02,3.045
2020-03-03,3.171
2020-03-04,3.2171
2020-03-05,3.4763
2020-03-06,3.5252
2020-03-09,3.7356
2020-03-10,3.5659000000000005
2020-03-11,3.9722
2020-03-12,4.8538
2020-03-13,4.1436
2020-03-16,3.8003
2020-03-17,3.4882999999999997
2020-03-18,4.2253
2020-03-19,4.2297
2020-03-20,4.1812
2020-03-23,3.9662999999999995
2020-03-24,3.6046
2020-03-25,3.364
2020-03-26,3.4680999999999997
2020-03-27,3.518
2020-03-30,3.355
2020-03-31,3.1645
2020-04-01,3.2333
2020-04-02,3.1632
2020-04-03,3.1389
2020-04-06,3.2161
2020-04-07,3.1245
2020-04-08,3.0699
2020-04-09,2.9922
2020-04-13,2.894
2020-04-14,2.8853
2020-04-15,2.9546
2020-04-16,2.9818
2020-04-17,2.9623999999999997
2020-04-20,2.7397
2020-04-22,2.5307
2020-04-23,2.6443
2020-04-27,3.3211
2020-04-28,2.9057000000000004
2020-04-29,2.918
2020-04-30,2.8133
2020-05-04,2.8259
2020-05-05,2.7278000000000002
2020-05-06,2.7554000000000003
2020-05-07,2.5503
2020-05-08,2.4848
2020-05-11,2.4979
2020-05-12,2.6953
2020-05-13,2.781
2020-05-14,2.7933
2020-05-15,2.6737
2020-05-18,2.6014999999999997
2020-05-19,2.6047000000000002
2020-05-20,2.6172000000000004
2020-05-21,2.5694
2020-05-22,2.6238
2020-05-25,2.4604
2020-05-26,2.4951
2020-05-27,2.4806
2020-05-28,2.4409
2020-05-29,2.3982
2020-06-01,2.4057
2020-06-02,2.3619
2020-06-03,2.2703
2020-06-04,2.2899000000000003
2020-06-05,2.3058
2020-06-08,2.3268999999999997
2020-06-09,2.3416
2020-06-10,2.3282
2020-06-12,2.3313
2020-06-15,2.2983000000000002
2020-06-16,2.3002
2020-06-17,2.2813
2020-06-18,2.2781
2020-06-19,2.2168
2020-06-22,2.2376
2020-06-23,2.2369
2020-06-24,2.2768
2020-06-25,2.2396
2020-06-26,2.2433
2020-06-29,2.2353
2020-06-30,2.2007
2020-07-01,2.1914000000000002
2020-07-02,2.2296
2020-07-03,2.2098999999999998
2020-07-06,2.2474000000000003
2020-07-07,2.2870999999999997
2020-07-08,2.3971
2020-07-09,2.4239
2020-07-10,2.3498
2020-07-13,2.3588
2020-07-14,2.3427
2020-07-15,2.374
2020-07-16,2.3682
2020-07-17,2.3165
2020-07-20,2.316
2020-07-21,2.394
2020-07-22,2.3670999999999998
2020-07-23,2.3872
2020-07-24,2.2779
2020-07-27,2.2194
2020-07-28,2.2525000000000004
2020-07-29,2.2414
2020-07-30,2.1912
2020-07-31,2.2045
2020-08-03,2.2084
2020-08-04,2.2598999999999996
2020-08-05,2.2832
2020-08-06,2.1075999999999997
2020-08-07,2.1672
2020-08-10,2.1848
2020-08-11,2.1647000000000003
2020-08-12,2.251
2020-08-13,2.3042000000000002
2020-08-14,2.3241
2020-08-17,2.3484000000000003
2020-08-18,2.2465
2020-08-19,2.2931999999999997
2020-08-20,2.3281
2020-08-21,2.3426
2020-08-24,2.2894
2020-08-25,2.3106999999999998
2020-08-26,2.3644
2020-08-27,2.4162
2020-08-28,2.3878
2020-08-31,2.4143
2020-09-01,2.3756
2020-09-02,2.4210000000000003
2020-09-03,2.3958
2020-09-04,2.3575
2020-09-08,2.4263
2020-09-09,2.3931999999999998
2020-09-10,2.4296
2020-09-11,2.4488
2020-09-14,2.4109999999999996
2020-09-15,2.463
2020-09-16,2.5011
2020-09-17,2.4385
2020-09-18,2.5757
2020-09-21,2.5949
2020-09-22,2.5195
2020-09-23,2.5604
2020-09-24,2.4403
2020-09-25,2.4572
2020-09-28,2.6344999999999996
2020-09-29,2.7763999999999998
2020-09-30,2.6654
2020-10-01,2.7418
2020-10-02,2.9934999999999996
2020-10-05,2.8476
2020-10-06,2.9673000000000003
2020-10-07,2.9014
2020-10-08,2.8334
2020-10-09,2.8519
2020-10-13,2.8535
2020-10-14,2.8293999999999997
2020-10-15,2.9349
2020-10-16,3.0242000000000004
2020-10-19,2.9410999999999996
2020-10-20,2.8994999999999997
2020-10-21,2.9065000000000003
2020-10-22,2.9343000000000004
2020-10-23,3.1268
2020-10-26,3.0835
2020-10-27,3.0785
2020-10-28,3.1613
2020-10-29,3.0745
2020-10-30,3.133
2020-11-03,3.1821
2020-11-04,3.1369000000000002
2020-11-05,3.1417
2020-11-06,3.0553
2020-11-09,2.996
2020-11-10,3.0065999999999997
2020-11-11,3.1014999999999997
2020-11-12,3.1106
2020-11-13,3.0888999999999998
2020-11-16,3.046
2020-11-17,3.0138
2020-11-18,3.0312
2020-11-19,3.053
2020-11-20,3.1394
2020-11-23,3.1944999999999997
2020-11-24,3.1806
2020-11-25,3.1342
2020-11-26,3.1140999999999996
2020-11-27,3.0848999999999998
2020-11-30,3.1285
2020-12-01,2.9798
2020-12-02,2.9038
2020-12-03,2.8813
2020-12-04,2.9503
2020-12-07,2.944
2020-12-08,2.9604
2020-12-09,2.9412999999999996
2020-12-10,3.0081
2020-12-11,2.9583
2020-12-14,2.977
2020-12-15,2.9051
2020-12-16,2.949
2020-12-17,2.9564
2020-12-18,2.9487
2020-12-21,2.9533
2020-12-22,2.8718
2020-12-23,2.8428
2020-12-24,2.8444
2020-12-28,2.9002999999999997
2020-12-29,2.8687
2020-12-30,2.8333
2020-12-31,2.8373999999999997
2021-01-04,2.8352999999999997
2021-01-05,2.9015
2021-01-06,2.9509
2021-01-07,3.0568999999999997
2021-01-08,3.1471999999999998
2021-01-11,3.2784
2021-01-12,3.238
2021-01-13,3.3634
2021-01-14,3.3701000000000003
2021-01-15,3.4458
2021-01-18,3.3613
2021-01-19,3.348
2021-01-20,3.3401
2021-01-21,3.4924999999999997
2021-01-22,3.4896
2021-01-25,3.5037
2021-01-26,3.5473
2021-01-27,3.576
2021-01-28,3.4883
2021-01-29,3.4562999999999997
2021-02-01,3.5257
2021-02-02,3.5017
2021-02-03,3.5172999999999996
2021-02-04,3.5745
2021-02-05,3.6734999999999998
2021-02-08,3.6374999999999997
2021-02-09,3.6462
2021-02-10,3.5825
2021-02-11,3.5728999999999997
2021-02-12,3.6284
2021-02-17,3.7026999999999997
2021-02-18,3.7182
2021-02-19,3.7662999999999998
2021-02-22,3.8928
2021-02-23,3.7977
2021-02-24,3.8609
2021-02-25,4.0116000000000005
2021-02-26,4.150799999999999
2021-03-01,4.2252
2021-03-02,4.2576
2021-03-03,4.3596
2021-03-04,4.2388
2021-03-05,4.1697999999999995
2021-03-08,4.3729
2021-03-09,4.4166
2021-03-10,4.4597
2021-03-11,4.5358
2021-03-12,4.6328
2021-03-15,4.725499999999999
2021-03-16,4.6923
2021-03-17,4.707199999999999
2021-03-18,5.0034
2021-03-19,5.0295
2021-03-22,5.0474
2021-03-23,5.1488000000000005
2021-03-24,5.2454
2021-03-25,5.1899999999999995
2021-03-26,5.2566999999999995
2021-03-29,5.3216
2021-03-30,5.1904
2021-03-31,5.1288
2021-04-01,5.1709
2021-04-05,5.1745
2021-04-06,5.2533
2021-04-07,5.3668000000000005
2021-04-08,5.2497
2021-04-09,5.3403
2021-04-12,5.3364
2021-04-13,5.4415000000000004
2021-04-14,5.3665
2021-04-15,5.3099
2021-04-16,5.239599999999999
2021-04-19,5.2095
2021-04-20,5.3177
2021-04-22,5.2265
2021-04-23,5.2215
2021-04-26,5.2308
2021-04-27,5.2747
2021-04-28,5.2618
2021-04-29,5.2605
2021-04-30,5.337599999999999
2021-05-03,5.4535
2021-05-04,5.5525
2021-05-05,5.553
2021-05-06,5.5676
2021-05-07,5.6451
2021-05-10,5.6347000000000005
2021-05-11,5.5613
2021-05-12,5.748900000000001
2021-05-13,5.7232
2021-05-14,5.8315
2021-05-17,5.8076
2021-05-18,5.8606
2021-05-19,5.908799999999999
2021-05-20,5.8719
2021-05-21,5.893
2021-05-24,5.9335
2021-05-25,5.870900000000001
2021-05-26,5.8519000000000005
2021-05-27,5.8504
2021-05-28,5.891900000000001
2021-05-31,5.966600000000001
2021-06-01,6.0588
2021-06-02,6.0443999999999996
2021-06-04,5.9794
2021-06-07,6.0595
2021-06-08,6.0924000000000005
2021-06-09,6.1899
2021-06-10,6.2864
2021-06-11,6.2873
2021-06-14,6.3149
2021-06-15,6.3586
2021-06-16,6.3849
2021-06-17,6.5319
2021-06-18,6.5729
2021-06-21,6.4972
2021-06-22,6.6943
2021-06-23,6.7345
2021-06-24,6.6826
2021-06-25,6.649100000000001
2021-06-28,6.5248
2021-06-29,6.4718
2021-06-30,6.5899
2021-07-01,6.634200000000001
2021-07-02,6.590999999999999
2021-07-05,6.691999999999999
2021-07-06,6.786499999999999
2021-07-07,6.7658
2021-07-08,6.853199999999999
2021-07-09,6.855899999999999
2021-07-12,6.8677
2021-07-13,6.9382
2021-07-14,6.8389999999999995
2021-07-15,6.8811
2021-07-16,6.8427
2021-07-19,6.7824
2021-07-20,6.7146
2021-07-21,6.7352
2021-07-22,6.8098
2021-07-23,7.0883
2021-07-26,7.209700000000001
2021-07-27,7.2927
2021-07-28,7.3514
2021-07-29,7.2454
2021-07-30,7.451099999999999
2021-08-02,7.4763
2021-08-03,7.5323
2021-08-04,7.5264
2021-08-05,7.779999999999999
2021-08-06,7.7724
2021-08-09,7.8418
2021-08-10,7.7389
2021-08-11,7.7656
2021-08-12,7.8746
2021-08-13,7.9697000000000005
2021-08-16,7.9681
2021-08-17,7.991100000000001
2021-08-18,8.0895
2021-08-19,8.1395
2021-08-23,8.1317
2021-08-24,8.0647
2021-08-25,8.1321
2021-08-26,8.1708
2021-08-27,8.156099999999999
2021-08-30,8.1201
2021-08-31,8.1723
2021-09-01,8.2425
2021-09-02,8.360199999999999
2021-09-03,8.354299999999999
2021-09-06,8.333699999999999
2021-09-08,8.463799999999999
2021-09-09,8.9923
2021-09-10,8.8718
2021-09-13,8.8814
2021-09-14,8.5905
2021-09-15,8.6683
2021-09-16,8.703100000000001
2021-09-17,8.7464
2021-09-20,8.722399999999999
2021-09-21,8.6068
2021-09-22,8.585400000000002
2021-09-23,8.6591
2021-09-24,8.709200000000001
2021-09-27,8.7746
2021-09-28,8.8758
2021-09-29,8.8375
2021-09-30,8.8908
2021-10-01,8.819
2021-10-04,8.889800000000001
2021-10-05,8.9363
2021-10-06,8.7708
2021-10-07,8.9148
2021-10-08,8.761700000000001
2021-10-11,8.809600000000001
2021-10-13,8.8223
2021-10-14,8.921999999999999
2021-10-15,9.0328
2021-10-18,9.108699999999999
2021-10-19,9.5824
2021-10-20,9.6201
2021-10-21,10.171
2021-10-22,10.5535
2021-10-25,10.865599999999999
2021-10-26,11.2897
2021-10-27,11.2531
2021-10-28,12.061300000000001
2021-10-29,11.8308
2021-11-01,11.9721
2021-11-03,11.7609
2021-11-04,11.7799
2021-11-05,11.739799999999999
2021-11-08,11.911000000000001
2021-11-09,11.867099999999999
2021-11-10,11.9246
2021-11-11,11.686
2021-11-12,11.702
2021-11-16,11.740599999999999
2021-11-17,11.7793
2021-11-18,11.925699999999999
2021-11-19,11.827
2021-11-22,12.0702
2021-11-23,12.0029
2021-11-24,11.8618
2021-11-25,11.831600000000002
2021-11-26,11.6602
2021-11-29,11.6433
2021-11-30,11.6148
2021-12-01,11.540000000000001
2021-12-02,11.323799999999999
2021-12-03,11.0866
2021-12-06,11.1503
2021-12-07,11.1961
2021-12-08,11.0914
2021-12-09,11.3484
2021-12-10,11.1754
2021-12-13,11.2223
2021-12-14,11.2266
2021-12-15,11.2971
2021-12-16,11.445599999999999
2021-12-17,11.519200000000001
2021-12-20,11.2934
2021-12-21,11.1654
2021-12-22,11.152099999999999
2021-12-23,11.326600000000001
2021-12-24,11.3283
2021-12-27,11.374
2021-12-28,11.4048
2021-12-29,11.4443
2021-12-30,11.422799999999999
2021-12-31,11.413900000000002
2022-01-03,11.421700000000001
2022-01-04,11.6899
2022-01-05,11.682500000000001
2022-01-06,11.5824
2022-01-07,11.6122
2022-01-10,11.684999999999999
2022-01-11,11.6491
2022-01-12,11.479099999999999
2022-01-13,11.5353
2022-01-14,11.5089
2022-01-17,11.6004
2022-01-18,11.6138
2022-01-19,11.5373
2022-01-20,11.4042
2022-01-21,11.387
2022-01-24,11.3181
2022-01-25,11.2993
2022-01-26,11.348999999999998
2022-01-27,11.539100000000001
2022-01-28,11.5564
2022-01-31,11.5419
2022-02-01,11.4463
2022-02-02,11.44
2022-02-03,11.1858
2022-02-04,11.159600000000001
2022-02-07,11.140899999999998
2022-02-08,11.2742
2022-02-09,11.4163
2022-02-10,11.295399999999999
2022-02-11,11.5199
2022-02-14,11.4781
2022-02-15,11.396500000000001
2022-02-16,11.4407
2022-02-17,11.499400000000001
2022-02-18,11.4783
2022-02-21,11.4738
2022-02-22,11.463000000000001
2022-02-23,11.2757
2022-02-24,11.4242
2022-02-25,11.4327
2022-03-02,11.6585
2022-03-03,11.824100000000001
2022-03-04,12.0553
2022-03-07,12.1585
2022-03-08,12.0853
2022-03-09,11.863100000000001
2022-03-10,12.0052
2022-03-11,12.139100000000001
2022-03-14,12.2064
2022-03-15,12.0376
2022-03-16,12.0003
2022-03-17,11.8303
2022-03-18,11.758000000000001
2022-03-21,11.7282
2022-03-22,11.676400000000001
2022-03-23,11.552999999999999
2022-03-24,11.314599999999999
2022-03-25,11.0939
2022-03-28,11.0353
2022-03-29,11.030000000000001
2022-03-30,11.1861
2022-03-31,11.120700000000001
2022-04-01,10.8885
2022-04-04,10.914
2022-04-05,10.9753
2022-04-06,11.0331
2022-04-07,11.0532
2022-04-08,11.2667
2022-04-11,11.3893
2022-04-12,11.498299999999999
2022-04-13,11.4866
2022-04-14,11.4724
2022-04-18,11.3856
2022-04-19,11.3054
2022-04-20,11.209000000000001
2022-04-22,11.0826
2022-04-25,10.9903
2022-04-26,11.1755
2022-04-27,11.053099999999999
2022-04-28,11.0734
2022-04-29,10.9835
2022-05-02,11.0692
2022-05-03,11.0396
2022-05-04,11.0551
2022-05-05,11.2623
2022-05-06,11.4128
2022-05-09,11.4299
2022-05-10,11.3894
2022-05-11,11.489
2022-05-12,11.6058
2022-05-13,11.6172
2022-05-16,11.4534
2022-05-17,11.342500000000001
2022-05-18,11.3475
2022-05-19,11.2038
2022-05-20,11.2088
2022-05-23,11.1768
2022-05-24,11.457500000000001
2022-05-25,11.4183
2022-05-26,11.345699999999999
2022-05-27,11.3209
2022-05-30,11.450000000000001
2022-05-31,11.2865
2022-06-01,11.287199999999999
2022-06-02,11.3318
2022-06-03,11.2882
2022-06-06,11.2584
2022-06-07,11.3354
2022-06-08,11.290299999999998
2022-06-09,11.072500000000002
2022-06-10,10.834
2022-06-13,10.6031
2022-06-14,10.8586
2022-06-15,10.804400000000001
2022-06-17,10.7523
2022-06-20,10.758700000000001
2022-06-21,10.692300000000001
2022-06-22,10.7575
2022-06-23,10.6972
2022-06-24,10.862300000000001
2022-06-27,10.8423
2022-06-28,11.046199999999999
2022-06-29,11.0799
2022-06-30,10.9942
2022-07-01,10.9646
2022-07-04,11.0387
2022-07-05,11.096699999999998
2022-07-06,11.0725
2022-07-07,11.001999999999999
2022-07-08,11.031600000000001
2022-07-11,11.1938
2022-07-12,11.0612
2022-07-13,10.9035
2022-07-14,11.0138
2022-07-15,10.9817
2022-07-18,11.0494
2022-07-19,11.0439
2022-07-20,10.932699999999999
2022-07-21,11.083400000000001
2022-07-22,11.0258
2022-07-25,10.9388
2022-07-26,10.9875
2022-07-27,10.9916
2022-07-28,10.903799999999999
2022-07-29,10.771899999999999
2022-08-01,10.703
2022-08-02,10.6103
2022-08-03,10.5766
2022-08-04,10.3845
2022-08-05,10.279
2022-08-08,10.2046
2022-08-09,10.203800000000001
2022-08-10,10.2105
2022-08-11,10.206
2022-08-12,10.1037
2022-08-15,10.126100000000001
2022-08-16,10.0297
2022-08-17,10.1071
2022-08-18,10.2544
2022-08-19,10.3248
2022-08-22,10.2589
2022-08-23,10.217600000000001
2022-08-24,10.192400000000001
2022-08-25,10.2516
2022-08-26,10.1534
2022-08-29,10.137599999999999
2022-08-30,10.0359
2022-08-31,9.886400000000002
2022-09-01,9.8183
2022-09-02,9.8564
2022-09-05,9.833099999999998
2022-09-06,9.9516
2022-09-08,9.84
2022-09-09,9.7074
2022-09-12,9.732800000000001
2022-09-13,9.6159
2022-09-14,9.5312
2022-09-15,9.5548
2022-09-16,9.5808
2022-09-19,9.5077
2022-09-20,9.514399999999998
2022-09-21,9.3504
2022-09-22,9.1175
2022-09-23,9.0755
2022-09-26,9.120899999999999
2022-09-27,8.9992
2022-09-28,9.221699999999998
2022-09-29,9.2131
2022-09-30,9.116
2022-10-03,9.0999
2022-10-04,9.1156
2022-10-05,8.930100000000001
2022-10-06,8.8659
2022-10-07,8.8675
2022-10-10,8.815999999999999
2022-10-11,8.8245
2022-10-13,8.6393
2022-10-14,8.6519
2022-10-17,8.6316
2022-10-18,8.596699999999998
2022-10-19,8.4946
2022-10-20,8.4686
2022-10-21,8.5253
2022-10-24,8.5015
2022-10-25,8.557300000000001
2022-10-26,8.637899999999998
2022-10-27,8.6867
2022-10-28,8.5933
2022-10-31,8.4498
2022-11-01,8.4405
2022-11-03,8.3732
2022-11-04,8.366
2022-11-07,8.4098
2022-11-08,8.448899999999998
2022-11-09,8.4852
2022-11-10,9.0882
2022-11-11,9.3383
2022-11-14,9.1569
2022-11-16,9.4275
2022-11-17,9.456700000000001
2022-11-18,9.5615
2022-11-21,9.461400000000001
2022-11-22,9.5228
2022-11-23,9.7683
2022-11-24,9.512799999999999
2022-11-25,9.6493
2022-11-28,9.5021
2022-11-29,9.183900000000001
2022-11-30,9.158
2022-12-01,9.2839
2022-12-02,9.1278
2022-12-05,9.1877
2022-12-06,9.2193
2022-12-07,9.1436
2022-12-08,9.1081
2022-12-09,9.0419
2022-12-12,9.1887
2022-12-13,9.4012
2022-12-14,9.4341
2022-12-15,9.2205
2022-12-16,9.311599999999999
2022-12-19,9.280000000000001
2022-12-20,9.1173
2022-12-21,9.1155
2022-12-22,8.970300000000002
2022-12-23,8.791599999999999
2022-12-26,8.8565
2022-12-27,8.781
2022-12-28,8.6706
2022-12-29,8.6382
2022-12-30,8.617
2023-01-02,8.726400000000002
2023-01-03,8.902899999999999
2023-01-04,9.0283
2023-01-05,8.8534
2023-01-06,8.817499999999999
2023-01-09,8.789399999999999
2023-01-10,8.770599999999998
2023-01-11,8.7037
2023-01-12,8.6669
2023-01-13,8.645299999999999
2023-01-16,8.7646
2023-01-17,8.6919
2023-01-18,8.7071
2023-01-19,8.6991
2023-01-20,8.7254
2023-01-23,8.7522
2023-01-24,8.733699999999999
2023-01-25,8.6987
2023-01-26,8.7091
2023-01-27,8.773900000000001
2023-01-30,8.7512
2023-01-31,8.7314
2023-02-01,8.8136
2023-02-02,8.9147
2023-02-03,8.9385
2023-02-06,8.8492
2023-02-07,8.707799999999999
2023-02-08,8.5504
2023-02-09,8.4201
2023-02-10,8.420000000000002
2023-02-13,8.490100000000002
2023-02-14,8.323
2023-02-15,8.134699999999999
2023-02-16,8.0745
2023-02-17,8.0522
2023-02-22,8.1136
2023-02-23,8.1468
2023-02-24,8.2388
2023-02-27,8.1253
2023-02-28,8.1667
2023-03-01,8.0792
2023-03-02,8.150500000000001
2023-03-03,8.177
2023-03-06,8.0316
2023-03-07,7.795699999999999
2023-03-08,7.612100000000001
2023-03-09,7.6066
2023-03-10,8.0395
2023-03-13,8.5152
2023-03-14,8.2851
2023-03-15,8.5594
2023-03-16,8.2408
2023-03-17,8.4331
2023-03-20,8.293600000000001
2023-03-21,8.0905
2023-03-22,8.1805
2023-03-23,8.4605
2023-03-24,8.4117
2023-03-27,8.137699999999999
2023-03-28,8.1905
2023-03-29,8.307300000000001
2023-03-30,8.1067
2023-03-31,8.1628
2023-04-03,8.1832
2023-04-04,8.333499999999999
2023-04-05,8.3376
2023-04-06,8.3293
2023-04-10,8.119900000000001
2023-04-11,7.955800000000001
2023-04-12,7.9838
2023-04-13,7.996999999999999
2023-04-14,7.9316
2023-04-17,7.910500000000001
2023-04-18,7.959699999999999
2023-04-19,8.011600000000001
2023-04-20,7.993800000000001
2023-04-24,7.957599999999999
2023-04-25,7.999300000000001
2023-04-26,8.0063
2023-04-27,7.9287
2023-04-28,8.0499
2023-05-02,7.9943
2023-05-03,8.0291
2023-05-04,7.986199999999999
2023-05-05,7.832
2023-05-08,7.7313
2023-05-09,7.770600000000001
2023-05-10,7.904
2023-05-11,7.8364
2023-05-12,7.8769
2023-05-15,7.8677
2023-05-16,7.7327
2023-05-17,7.7618
2023-05-18,7.6131
2023-05-19,7.5787
2023-05-22,7.543699999999999
2023-05-23,7.5078000000000005
2023-05-24,7.4028
2023-05-25,7.1545000000000005
2023-05-26,7.120100000000001
2023-05-29,7.165100000000001
2023-05-30,7.149299999999999
2023-05-31,7.216900000000001
2023-06-01,7.226699999999999
2023-06-02,7.1453999999999995
2023-06-05,7.089999999999999
2023-06-06,7.0126
2023-06-07,7.000300000000001
2023-06-09,6.8012999999999995
2023-06-12,6.7552
2023-06-13,6.836
2023-06-14,6.782900000000001
2023-06-15,6.7753
2023-06-16,6.776
2023-06-19,6.770300000000001
2023-06-20,6.694999999999999
2023-06-21,6.6831
2023-06-22,6.7109000000000005
2023-06-23,6.6396999999999995
2023-06-26,6.5749
2023-06-27,6.494200000000001
2023-06-28,6.4827
2023-06-29,6.322900000000001
2023-06-30,6.2094000000000005
2023-07-03,6.0951
2023-07-04,6.1333
2023-07-05,6.179399999999999
2023-07-06,6.206900000000001
2023-07-07,6.1039
2023-07-10,6.1728000000000005
2023-07-11,6.1868
2023-07-12,6.2440999999999995
2023-07-13,6.338099999999999
2023-07-14,6.312200000000001
2023-07-17,6.2108
2023-07-18,6.147099999999999
2023-07-19,6.188599999999999
2023-07-20,6.1983
2023-07-21,6.101999999999999
2023-07-24,6.043000000000001
2023-07-25,5.9445
2023-07-26,5.878900000000001
2023-07-27,5.8698
2023-07-28,5.916199999999999
2023-07-31,5.853899999999999
2023-08-01,5.8909
2023-08-02,5.945099999999999
2023-08-03,5.7018
2023-08-04,5.765700000000001
2023-08-07,5.8075
2023-08-08,5.737800000000001
2023-08-09,5.6984
2023-08-10,5.6614
2023-08-11,5.590599999999999
2023-08-14,5.661499999999999
2023-08-15,5.6994
2023-08-16,5.6827
2023-08-17,5.6968
2023-08-18,5.6803
2023-08-21,5.682
2023-08-22,5.604000000000001
2023-08-23,5.5609
2023-08-24,5.488599999999999
2023-08-25,5.5419
2023-08-28,5.5344
2023-08-29,5.5469
2023-08-30,5.486799999999999
2023-08-31,5.540400000000001
2023-09-01,5.603599999999999
2023-09-04,5.6184
2023-09-05,5.584699999999999
2023-09-06,5.5302999999999995
2023-09-08,5.498600000000001
2023-09-11,5.4434
2023-09-12,5.3586
2023-09-13,5.3267
2023-09-14,5.3283000000000005
2023-09-15,5.339599999999999
2023-09-18,5.3317
2023-09-19,5.3523000000000005
2023-09-20,5.3131
2023-09-21,5.375800000000001
2023-09-22,5.3454
2023-09-25,5.372800000000001
2023-09-26,5.4475
2023-09-27,5.567699999999999
2023-09-28,5.6671000000000005
2023-09-29,5.5642
2023-10-02,5.653299999999999
2023-10-03,5.7575
2023-10-04,5.6817
