Data,cds
,730.991
2003-10-07,717.664
2003-10-08,702.685
2003-10-09,672.703
2003-10-10,669.063
2003-10-14,651.054
2003-10-15,631.063
2003-10-16,615.036
2003-10-17,636.529
2003-10-20,634.353
2003-10-21,634.05
2003-10-22,652.554
2003-10-23,646.018
2003-10-24,662.69
2003-10-27,671.842
2003-10-28,673.523
2003-10-29,655.361
2003-10-30,647.022
2003-10-31,634.708
2003-11-03,627.042
2003-11-04,608.739
2003-11-05,591.225
2003-11-06,586.888
2003-11-07,573.72
2003-11-10,564.561
2003-11-12,561.617
2003-11-13,563.764
2003-11-14,563.106
2003-11-17,566.448
2003-11-18,570.093
2003-11-19,565.082
2003-11-20,561.104
2003-11-21,542.113
2003-11-24,525.859
2003-11-25,524.121
2003-11-26,515.122
2003-11-27,510.0
2003-11-28,505.815
2003-12-01,479.269
2003-12-02,454.277
2003-12-03,450.892
2003-12-04,435.388
2003-12-05,429.681
2003-12-08,406.584
2003-12-09,408.925
2003-12-10,420.914
2003-12-11,443.735
2003-12-12,427.904
2003-12-15,430.936
2003-12-16,423.938
2003-12-17,418.314
2003-12-18,411.575
2003-12-19,412.101
2003-12-22,402.101
2003-12-23,404.752
2003-12-24,404.752
2003-12-26,403.379
2003-12-29,403.92
2004-01-02,396.877
2004-01-05,383.779
2004-01-06,383.793
2004-01-07,362.5
2004-01-08,346.977
2004-01-09,339.517
2004-01-12,339.678
2004-01-13,349.668
2004-01-14,367.986
2004-01-15,379.652
2004-01-16,388.476
2004-01-19,395.0
2004-01-20,403.008
2004-01-21,392.185
2004-01-22,386.358
2004-01-23,387.262
2004-01-26,390.511
2004-01-27,393.011
2004-01-28,407.969
2004-01-29,467.894
2004-01-30,492.894
2004-02-02,571.771
2004-02-03,519.565
2004-02-04,520.321
2004-02-05,549.261
2004-02-06,569.529
2004-02-09,554.549
2004-02-10,556.203
2004-02-11,544.569
2004-02-12,524.567
2004-02-13,549.561
2004-02-16,570.0
2004-02-17,586.195
2004-02-18,609.493
2004-02-19,637.812
2004-02-20,654.225
2004-02-23,614.501
2004-02-24,611.179
2004-02-25,621.17
2004-02-26,611.187
2004-02-27,601.193
2004-03-01,585.901
2004-03-02,591.788
2004-03-03,572.875
2004-03-04,565.908
2004-03-05,561.243
2004-03-08,541.277
2004-03-09,543.458
2004-03-10,547.928
2004-03-11,576.256
2004-03-12,607.901
2004-03-15,601.233
2004-03-16,587.912
2004-03-17,581.874
2004-03-18,574.681
2004-03-19,564.691
2004-03-22,570.311
2004-03-23,575.833
2004-03-24,598.428
2004-03-25,598.12
2004-03-26,595.0
2004-03-29,591.442
2004-03-30,583.943
2004-03-31,573.424
2004-04-01,568.425
2004-04-02,572.008
2004-04-05,586.667
2004-04-06,577.259
2004-04-07,580.833
2004-04-08,580.878
2004-04-12,579.256
2004-04-13,576.169
2004-04-14,589.595
2004-04-15,656.062
2004-04-16,657.2
2004-04-19,654.167
2004-04-20,664.543
2004-04-21,700.0
2004-04-22,694.685
2004-04-23,670.763
2004-04-26,662.019
2004-04-27,683.52
2004-04-28,744.637
2004-04-29,753.196
2004-04-30,742.284
2004-05-03,745.29
2004-05-04,746.444
2004-05-05,723.112
2004-05-06,763.39
2004-05-07,838.063
2004-05-10,902.686
2004-05-11,878.055
2004-05-12,853.325
2004-05-13,847.073
2004-05-14,805.857
2004-05-17,813.357
2004-05-18,800.854
2004-05-19,808.322
2004-05-20,829.328
2004-05-21,856.821
2004-05-24,823.288
2004-05-25,808.107
2004-05-26,806.242
2004-05-27,808.131
2004-05-28,805.419
2004-06-01,813.107
2004-06-02,796.225
2004-06-03,802.484
2004-06-04,770.838
2004-06-07,734.413
2004-06-08,741.901
2004-06-09,758.128
2004-06-10,766.866
2004-06-11,771.232
2004-06-14,791.823
2004-06-15,778.13
2004-06-16,756.884
2004-06-17,744.404
2004-06-18,744.397
2004-06-21,725.67
2004-06-22,718.172
2004-06-23,704.24
2004-06-24,707.574
2004-06-25,729.417
2004-06-28,731.897
2004-06-29,720.666
2004-06-30,706.941
2004-07-01,697.607
2004-07-02,670.166
2004-07-06,664.324
2004-07-07,672.652
2004-07-08,685.973
2004-07-09,666.49
2004-07-12,659.008
2004-07-13,660.76
2004-07-14,637.681
2004-07-15,627.692
2004-07-16,588.576
2004-07-19,589.555
2004-07-20,600.915
2004-07-21,618.759
2004-07-22,618.007
2004-07-23,622.013
2004-07-26,629.661
2004-07-27,642.982
2004-07-28,638.829
2004-07-29,622.173
2004-07-30,610.833
2004-08-02,616.014
2004-08-03,612.188
2004-08-04,610.782
2004-08-05,616.862
2004-08-06,611.667
2004-08-09,593.333
2004-08-10,592.5
2004-08-11,588.333
2004-08-12,577.5
2004-08-13,568.333
2004-08-16,557.0
2004-08-17,553.333
2004-08-18,547.0
2004-08-19,538.25
2004-08-20,521.0
2004-08-23,515.0
2004-08-24,499.75
2004-08-25,502.667
2004-08-26,507.667
2004-08-27,501.5
2004-08-30,494.125
2004-08-31,486.0
2004-09-01,490.833
2004-09-02,494.333
2004-09-03,479.0
2004-09-06,490.25
2004-09-07,462.333
2004-09-08,461.25
2004-09-09,456.875
2004-09-10,469.667
2004-09-13,479.25
2004-09-14,473.0
2004-09-15,460.5
2004-09-16,452.75
2004-09-17,435.0
2004-09-20,417.333
2004-09-21,419.0
2004-09-22,431.125
2004-09-23,447.5
2004-09-24,446.667
2004-09-27,455.0
2004-09-28,461.25
2004-09-29,443.333
2004-09-30,443.125
2004-10-01,431.667
2004-10-04,423.75
2004-10-05,402.5
2004-10-06,410.833
2004-10-07,411.667
2004-10-08,402.5
2004-10-11,401.667
2004-10-12,400.5
2004-10-13,411.667
2004-10-14,430.0
2004-10-15,431.667
2004-10-18,431.167
2004-10-19,443.5
2004-10-20,446.5
2004-10-21,440.297
2004-10-22,446.333
2004-10-25,461.25
2004-10-26,456.25
2004-10-27,443.0
2004-10-28,443.0
2004-10-29,436.0
2004-11-01,437.5
2004-11-02,419.667
2004-11-03,413.833
2004-11-04,403.5
2004-11-05,401.75
2004-11-08,406.333
2004-11-09,405.5
2004-11-10,406.667
2004-11-11,406.333
2004-11-12,399.0
2004-11-15,394.0
2004-11-16,389.75
2004-11-17,393.0
2004-11-18,368.0
2004-11-19,379.75
2004-11-22,371.333
2004-11-23,369.625
2004-11-24,360.25
2004-11-25,358.667
2004-11-26,353.667
2004-11-29,355.667
2004-11-30,363.6
2004-12-01,353.25
2004-12-03,350.5
2004-12-06,349.7
2004-12-07,338.333
2004-12-08,346.0
2004-12-09,348.167
2004-12-10,347.5
2004-12-13,342.0
2004-12-14,336.0
2004-12-15,333.25
2004-12-16,328.875
2004-12-17,319.75
2004-12-20,313.5
2004-12-21,313.667
2004-12-22,311.667
2004-12-23,308.5
2004-12-24,308.0
2004-12-27,311.125
2004-12-28,311.833
2004-12-29,302.333
2004-12-30,304.6
2004-12-31,304.5
2005-01-03,304.167
2005-01-04,308.5
2005-01-05,336.667
2005-01-06,344.333
2005-01-07,347.25
2005-01-10,358.5
2005-01-11,370.25
2005-01-12,363.25
2005-01-13,356.667
2005-01-14,369.375
2005-01-17,371.25
2005-01-18,380.5
2005-01-19,384.125
2005-01-20,387.333
2005-01-21,376.5
2005-01-24,370.5
2005-01-25,365.5
2005-01-26,362.667
2005-01-27,362.0
2005-01-28,362.5
2005-01-31,362.333
2005-02-01,357.875
2005-02-02,361.125
2005-02-03,358.0
2005-02-04,349.6
2005-02-07,336.75
2005-02-08,334.625
2005-02-09,335.333
2005-02-10,332.375
2005-02-11,330.5
2005-02-14,327.5
2005-02-15,326.625
2005-02-16,327.0
2005-02-17,321.75
2005-02-18,315.125
2005-02-21,322.25
2005-02-22,325.833
2005-02-23,328.2
2005-02-24,323.25
2005-02-25,321.375
2005-02-28,318.875
2005-03-01,318.667
2005-03-02,316.125
2005-03-03,313.5
2005-03-04,307.4
2005-03-07,297.375
2005-03-08,295.333
2005-03-09,302.125
2005-03-10,317.625
2005-03-11,318.0
2005-03-14,339.1
2005-03-15,347.0
2005-03-16,374.2
2005-03-17,376.7
2005-03-18,378.25
2005-03-21,386.875
2005-03-22,402.667
2005-03-23,421.6
2005-03-24,436.75
2005-03-25,438.0
2005-03-28,452.5
2005-03-29,449.0
2005-03-30,440.125
2005-03-31,433.2
2005-04-01,432.5
2005-04-04,444.75
2005-04-05,440.167
2005-04-06,425.7
2005-04-07,413.375
2005-04-08,411.3
2005-04-11,410.1
2005-04-12,405.0
2005-04-13,395.5
2005-04-14,413.75
2005-04-15,433.0
2005-04-18,439.125
2005-04-19,426.9
2005-04-20,416.75
2005-04-21,402.0
2005-04-22,397.667
2005-04-25,400.0
2005-04-26,400.333
2005-04-27,400.625
2005-04-28,408.75
2005-04-29,413.167
2005-05-02,406.5
2005-05-03,397.0
2005-05-04,374.167
2005-05-05,359.167
2005-05-06,359.833
2005-05-09,357.0
2005-05-10,365.0
2005-05-11,381.0
2005-05-12,373.667
2005-05-13,377.333
2005-05-16,397.0
2005-05-17,395.951
2005-05-18,388.375
2005-05-19,377.287
2005-05-20,381.375
2005-05-23,369.087
2005-05-24,368.805
2005-05-25,353.857
2005-05-26,346.031
2005-05-27,337.586
2005-05-31,336.723
2005-06-01,342.69
2005-06-02,330.135
2005-06-03,337.542
2005-06-06,354.305
2005-06-07,366.874
2005-06-08,365.637
2005-06-09,366.4
2005-06-10,355.695
2005-06-13,349.448
2005-06-14,346.227
2005-06-15,342.559
2005-06-16,334.502
2005-06-17,332.383
2005-06-20,331.416
2005-06-21,330.936
2005-06-22,338.153
2005-06-23,339.118
2005-06-24,338.101
2005-06-27,341.138
2005-06-28,331.529
2005-06-29,330.645
2005-06-30,325.99
2005-07-01,317.547
2005-07-04,326.0
2005-07-05,330.017
2005-07-06,334.272
2005-07-07,333.099
2005-07-08,333.175
2005-07-11,330.699
2005-07-12,319.625
2005-07-13,319.051
2005-07-14,317.825
2005-07-15,321.618
2005-07-18,327.085
2005-07-19,330.568
2005-07-20,331.188
2005-07-21,329.155
2005-07-22,337.359
2005-07-25,349.15
2005-07-26,357.167
2005-07-27,350.123
2005-07-28,331.878
2005-07-29,329.823
2005-08-01,328.912
2005-08-02,324.409
2005-08-03,319.463
2005-08-04,310.234
2005-08-05,305.664
2005-08-08,317.917
2005-08-09,317.759
2005-08-10,309.519
2005-08-11,320.128
2005-08-12,332.411
2005-08-15,324.119
2005-08-16,329.41
2005-08-17,331.004
2005-08-18,334.931
2005-08-19,349.25
2005-08-22,340.173
2005-08-23,345.75
2005-08-24,356.92
2005-08-25,350.476
2005-08-26,351.597
2005-08-29,347.002
2005-08-30,345.465
2005-08-31,339.61
2005-09-01,337.9
2005-09-02,333.147
2005-09-05,333.5
2005-09-06,322.482
2005-09-07,321.653
2005-09-08,316.566
2005-09-09,313.591
2005-09-12,313.079
2005-09-13,316.937
2005-09-14,313.477
2005-09-15,304.475
2005-09-16,301.823
2005-09-19,288.204
2005-09-20,285.31
2005-09-21,273.462
2005-09-22,276.75
2005-09-23,273.446
2005-09-26,257.497
2005-09-27,261.025
2005-09-28,260.099
2005-09-29,249.448
2005-09-30,244.257
2005-10-03,244.716
2005-10-04,258.507
2005-10-05,274.3
2005-10-06,300.18
2005-10-07,290.58
2005-10-10,283.833
2005-10-11,294.096
2005-10-12,317.776
2005-10-13,333.51
2005-10-14,335.076
2005-10-17,316.186
2005-10-18,321.22
2005-10-19,306.79
2005-10-20,322.373
2005-10-21,318.26
2005-10-24,308.346
2005-10-25,302.989
2005-10-26,301.174
2005-10-27,303.457
2005-10-28,288.032
2005-10-31,277.793
2005-11-01,269.65
2005-11-02,269.971
2005-11-03,277.025
2005-11-04,279.01
2005-11-07,270.115
2005-11-08,262.826
2005-11-09,261.459
2005-11-10,261.267
2005-11-11,261.267
2005-11-14,267.814
2005-11-15,262.459
2005-11-16,256.889
2005-11-17,252.557
2005-11-18,256.652
2005-11-21,253.687
2005-11-22,254.963
2005-11-23,252.287
2005-11-24,252.659
2005-11-25,252.658
2005-11-28,254.369
2005-11-29,253.007
2005-11-30,252.5
2005-12-01,242.814
2005-12-02,240.141
2005-12-05,235.9
2005-12-06,229.978
2005-12-07,230.375
2005-12-08,237.167
2005-12-09,235.5
2005-12-12,237.261
2005-12-13,231.562
2005-12-14,227.5
2005-12-15,232.519
2005-12-16,235.485
2005-12-19,236.58
2005-12-20,230.539
2005-12-21,226.116
2005-12-22,222.638
2005-12-23,221.014
2005-12-27,221.625
2005-12-28,221.514
2005-12-29,223.86
2005-12-30,225.071
2006-01-03,222.522
2006-01-04,208.148
2006-01-05,208.0
2006-01-06,201.06
2006-01-09,193.477
2006-01-10,195.206
2006-01-11,188.828
2006-01-12,197.946
2006-01-13,195.442
2006-01-16,202.75
2006-01-17,201.26
2006-01-18,197.599
2006-01-19,186.226
2006-01-20,187.083
2006-01-23,182.432
2006-01-24,181.406
2006-01-25,180.669
2006-01-26,174.854
2006-01-27,171.382
2006-01-30,174.276
2006-01-31,178.012
2006-02-01,170.823
2006-02-02,173.133
2006-02-03,169.196
2006-02-06,160.248
2006-02-07,169.764
2006-02-08,165.749
2006-02-09,155.048
2006-02-10,128.093
2006-02-13,130.678
2006-02-14,131.239
2006-02-15,134.668
2006-02-16,120.983
2006-02-17,119.75
2006-02-21,125.402
2006-02-22,121.692
2006-02-23,114.191
2006-02-24,113.625
2006-02-27,111.458
2006-02-28,112.987
2006-03-01,109.965
2006-03-02,113.0
2006-03-03,118.987
2006-03-06,127.812
2006-03-07,132.59
2006-03-08,139.877
2006-03-09,134.571
2006-03-10,129.526
2006-03-13,132.353
2006-03-14,130.527
2006-03-15,124.778
2006-03-16,120.653
2006-03-17,122.331
2006-03-20,126.019
2006-03-21,136.709
2006-03-22,131.337
2006-03-23,139.976
2006-03-24,142.06
2006-03-27,154.663
2006-03-28,164.883
2006-03-29,158.403
2006-03-30,150.31
2006-03-31,147.634
2006-04-03,144.826
2006-04-04,143.024
2006-04-05,149.699
2006-04-06,149.749
2006-04-07,154.973
2006-04-10,156.3
2006-04-11,155.114
2006-04-12,152.406
2006-04-13,156.35
2006-04-14,156.35
2006-04-17,153.716
2006-04-18,136.792
2006-04-19,133.655
2006-04-20,138.234
2006-04-21,135.366
2006-04-24,136.165
2006-04-25,138.426
2006-04-26,131.016
2006-04-27,130.108
2006-04-28,124.322
2006-05-01,125.5
2006-05-02,122.2
2006-05-03,125.2
2006-05-04,127.235
2006-05-05,127.0
2006-05-08,129.531
2006-05-09,132.656
2006-05-10,130.175
2006-05-11,139.375
2006-05-12,148.4
2006-05-15,167.221
2006-05-16,157.162
2006-05-17,179.39
2006-05-18,175.596
2006-05-19,172.863
2006-05-22,188.532
2006-05-23,210.895
2006-05-24,196.289
2006-05-25,181.453
2006-05-26,174.417
2006-05-30,193.955
2006-05-31,189.827
2006-06-01,177.117
2006-06-02,187.723
2006-06-05,181.415
2006-06-06,180.87
2006-06-07,179.828
2006-06-08,183.862
2006-06-09,176.917
2006-06-12,190.049
2006-06-13,196.378
2006-06-14,189.05
2006-06-15,179.984
2006-06-16,184.371
2006-06-19,184.063
2006-06-20,182.819
2006-06-21,181.933
2006-06-22,187.057
2006-06-23,194.571
2006-06-26,201.25
2006-06-27,204.466
2006-06-28,193.307
2006-06-29,180.181
2006-06-30,171.469
2006-07-03,162.818
2006-07-04,162.909
2006-07-05,170.812
2006-07-06,163.58
2006-07-07,163.491
2006-07-10,159.089
2006-07-11,157.994
2006-07-12,160.174
2006-07-13,170.124
2006-07-14,166.785
2006-07-17,164.714
2006-07-18,156.767
2006-07-19,147.683
2006-07-20,147.583
2006-07-21,148.479
2006-07-24,144.06
2006-07-25,141.747
2006-07-26,137.471
2006-07-27,136.918
2006-07-28,135.161
2006-07-31,138.061
2006-08-01,139.428
2006-08-02,135.269
2006-08-03,132.985
2006-08-04,129.406
2006-08-07,129.106
2006-08-08,128.133
2006-08-09,124.9
2006-08-10,125.775
2006-08-11,127.227
2006-08-14,126.971
2006-08-15,123.377
2006-08-16,116.629
2006-08-17,117.742
2006-08-18,118.2
2006-08-21,121.415
2006-08-22,123.727
2006-08-23,132.41
2006-08-24,134.172
2006-08-25,135.303
2006-08-28,133.523
2006-08-29,132.357
2006-08-30,127.286
2006-08-31,123.0
2006-09-01,122.0
2006-09-05,117.25
2006-09-06,121.0
2006-09-07,125.417
2006-09-08,125.5
2006-09-11,130.95
2006-09-12,128.829
2006-09-13,128.667
2006-09-14,129.25
2006-09-15,124.75
2006-09-18,123.196
2006-09-19,126.583
2006-09-20,133.398
2006-09-21,146.652
2006-09-22,147.5
2006-09-25,149.0
2006-09-26,140.905
2006-09-27,137.214
2006-09-28,134.06
2006-09-29,134.438
2006-10-02,130.67
2006-10-03,134.991
2006-10-04,131.813
2006-10-05,128.071
2006-10-06,127.0
2006-10-09,127.5
2006-10-10,118.357
2006-10-11,119.839
2006-10-12,115.083
2006-10-13,113.714
2006-10-16,109.571
2006-10-17,113.571
2006-10-18,110.786
2006-10-19,110.833
2006-10-20,113.0
2006-10-23,114.071
2006-10-24,114.929
2006-10-25,110.143
2006-10-26,108.891
2006-10-27,110.242
2006-10-30,114.5
2006-10-31,113.478
2006-11-01,114.781
2006-11-02,115.25
2006-11-03,108.464
2006-11-06,105.042
2006-11-07,107.563
2006-11-08,107.465
2006-11-09,108.334
2006-11-10,111.0
2006-11-13,109.7
2006-11-14,107.083
2006-11-15,104.792
2006-11-16,104.556
2006-11-17,106.876
2006-11-20,108.417
2006-11-21,108.0
2006-11-22,109.042
2006-11-24,110.875
2006-11-27,117.438
2006-11-28,116.75
2006-11-29,111.167
2006-11-30,110.133
2006-12-01,115.2
2006-12-04,109.974
2006-12-05,107.25
2006-12-06,107.25
2006-12-07,106.3
2006-12-08,104.393
2006-12-11,100.583
2006-12-12,102.597
2006-12-13,99.9
2006-12-14,99.875
2006-12-15,99.69
2006-12-18,99.034
2006-12-19,98.926
2006-12-20,98.8
2006-12-21,99.9
2006-12-22,100.658
2006-12-26,100.333
2006-12-27,99.933
2006-12-28,99.5
2006-12-29,99.583
2007-01-02,99.041
2007-01-03,95.5
2007-01-04,98.528
2007-01-05,100.1
2007-01-08,100.444
2007-01-09,102.167
2007-01-10,101.323
2007-01-11,97.778
2007-01-12,96.45
2007-01-16,95.764
2007-01-17,93.646
2007-01-18,93.542
2007-01-19,91.964
2007-01-22,93.446
2007-01-23,93.313
2007-01-24,92.381
2007-01-25,95.521
2007-01-26,98.197
2007-01-29,101.167
2007-01-30,99.84
2007-01-31,98.214
2007-02-01,94.833
2007-02-02,93.119
2007-02-05,91.826
2007-02-06,90.19
2007-02-07,90.97
2007-02-08,92.143
2007-02-09,91.629
2007-02-12,92.357
2007-02-13,88.583
2007-02-14,87.083
2007-02-15,86.175
2007-02-16,87.2
2007-02-19,87.0
2007-02-20,86.226
2007-02-21,85.6
2007-02-22,83.717
2007-02-23,85.28
2007-02-26,86.857
2007-02-27,99.339
2007-02-28,94.979
2007-03-01,97.417
2007-03-02,102.533
2007-03-05,107.519
2007-03-06,100.53
2007-03-07,98.964
2007-03-08,94.82
2007-03-09,93.146
2007-03-12,93.28
2007-03-13,101.292
2007-03-14,98.053
2007-03-15,95.945
2007-03-16,96.229
2007-03-19,90.948
2007-03-20,92.698
2007-03-21,87.076
2007-03-22,86.8
2007-03-23,85.6
2007-03-26,86.722
2007-03-27,86.76
2007-03-28,87.416
2007-03-29,84.55
2007-03-30,83.299
2007-04-02,82.077
2007-04-03,80.1
2007-04-04,79.583
2007-04-05,79.0
2007-04-06,79.0
2007-04-09,76.513
2007-04-10,76.7
2007-04-11,77.897
2007-04-12,77.625
2007-04-13,76.35
2007-04-16,73.78
2007-04-17,71.95
2007-04-18,69.734
2007-04-19,68.75
2007-04-20,66.91
2007-04-23,68.417
2007-04-24,69.636
2007-04-25,67.833
2007-04-26,69.78
2007-04-27,69.16
2007-04-30,71.286
2007-05-01,70.283
2007-05-02,69.586
2007-05-03,69.286
2007-05-04,69.614
2007-05-07,69.7
2007-05-08,69.8
2007-05-09,68.929
2007-05-10,70.467
2007-05-11,69.933
2007-05-14,69.814
2007-05-15,68.917
2007-05-16,65.367
2007-05-17,63.7
2007-05-18,62.917
2007-05-21,61.786
2007-05-22,61.5
2007-05-23,62.492
2007-05-24,66.167
2007-05-25,64.833
2007-05-28,64.731
2007-05-29,64.4
2007-05-30,64.333
2007-05-31,62.157
2007-06-01,61.667
2007-06-04,63.386
2007-06-05,65.479
2007-06-06,67.417
2007-06-07,71.9
2007-06-08,70.05
2007-06-11,70.114
2007-06-12,73.417
2007-06-13,70.817
2007-06-14,67.25
2007-06-15,64.35
2007-06-18,62.714
2007-06-19,62.117
2007-06-20,64.308
2007-06-21,66.1
2007-06-22,67.75
2007-06-25,71.217
2007-06-26,72.529
2007-06-27,74.633
2007-06-28,72.367
2007-06-29,75.833
2007-07-02,72.867
2007-07-03,72.367
2007-07-04,72.7
2007-07-05,71.683
2007-07-06,70.671
2007-07-09,69.7
2007-07-10,77.414
2007-07-11,76.75
2007-07-12,73.667
2007-07-13,73.917
2007-07-16,74.5
2007-07-17,74.814
2007-07-18,77.65
2007-07-19,77.083
2007-07-20,83.233
2007-07-23,86.214
2007-07-24,92.114
2007-07-25,95.7
2007-07-26,133.917
2007-07-27,147.667
2007-07-30,130.317
2007-07-31,130.942
2007-08-01,118.967
2007-08-02,109.671
2007-08-03,113.117
2007-08-06,116.1
2007-08-07,107.467
2007-08-08,95.883
2007-08-09,107.667
2007-08-10,113.589
2007-08-13,112.667
2007-08-14,121.599
2007-08-15,131.833
2007-08-16,145.0
2007-08-17,128.667
2007-08-20,136.667
2007-08-21,133.75
2007-08-22,120.0
2007-08-23,109.667
2007-08-24,100.216
2007-08-27,97.667
2007-08-28,110.279
2007-08-29,104.333
2007-08-30,108.0
2007-08-31,103.566
2007-09-03,104.0
2007-09-04,104.5
2007-09-05,109.5
2007-09-06,106.833
2007-09-07,116.099
2007-09-10,115.167
2007-09-11,107.094
2007-09-12,105.929
2007-09-13,99.833
2007-09-14,101.061
2007-09-17,101.0
2007-09-18,94.117
2007-09-19,85.667
2007-09-20,85.604
2007-09-21,82.335
2007-09-24,82.005
2007-09-25,82.667
2007-09-26,81.904
2007-09-27,83.571
2007-09-28,85.099
2007-10-01,82.667
2007-10-02,82.363
2007-10-03,83.269
2007-10-04,81.833
2007-10-05,76.498
2007-10-08,76.665
2007-10-09,74.5
2007-10-10,76.0
2007-10-11,76.333
2007-10-12,74.566
2007-10-15,76.736
2007-10-16,78.731
2007-10-17,80.875
2007-10-18,80.833
2007-10-19,88.642
2007-10-22,90.0
2007-10-23,87.566
2007-10-24,90.863
2007-10-25,90.0
2007-10-26,85.33
2007-10-29,84.0
2007-10-30,85.167
2007-10-31,81.33
2007-11-01,87.906
2007-11-02,90.165
2007-11-05,93.269
2007-11-06,89.231
2007-11-07,97.0
2007-11-08,99.0
2007-11-09,100.434
2007-11-12,101.439
2007-11-13,98.924
2007-11-14,94.939
2007-11-15,102.667
2007-11-16,102.698
2007-11-19,111.345
2007-11-20,110.83
2007-11-21,122.264
2007-11-22,122.599
2007-11-23,121.868
2007-11-26,126.916
2007-11-27,122.528
2007-11-28,108.665
2007-11-29,107.99
2007-11-30,98.406
2007-12-03,99.5
2007-12-04,104.424
2007-12-05,99.0
2007-12-06,93.0
2007-12-07,90.934
2007-12-10,89.838
2007-12-11,101.52
2007-12-12,97.338
2007-12-13,99.3
2007-12-14,99.665
2007-12-17,105.925
2007-12-18,103.622
2007-12-19,104.399
2007-12-20,103.533
2007-12-21,100.33
2007-12-24,100.33
2007-12-25,101.101
2007-12-26,98.163
2007-12-27,100.84
2007-12-28,102.0
2007-12-31,103.0
2008-01-01,101.091
2008-01-02,106.8
2008-01-03,109.8
2008-01-04,115.599
2008-01-07,115.0
2008-01-08,117.975
2008-01-09,121.163
2008-01-10,119.5
2008-01-11,122.525
2008-01-14,119.833
2008-01-15,127.501
2008-01-16,127.36
2008-01-17,136.8
2008-01-18,138.51
2008-01-21,143.944
2008-01-22,149.433
2008-01-23,143.667
2008-01-24,136.16
2008-01-25,137.599
2008-01-28,136.25
2008-01-29,132.945
2008-01-30,131.775
2008-01-31,135.687
2008-02-01,132.558
2008-02-04,133.05
2008-02-05,145.09
2008-02-06,146.317
2008-02-07,152.047
2008-02-08,162.097
2008-02-11,162.401
2008-02-12,159.002
2008-02-13,151.938
2008-02-14,151.472
2008-02-15,155.246
2008-02-18,155.0
2008-02-19,152.454
2008-02-20,152.125
2008-02-21,152.1
2008-02-22,148.0
2008-02-25,138.833
2008-02-26,131.5
2008-02-27,134.901
2008-02-28,142.256
2008-02-29,152.375
2008-03-03,154.4
2008-03-04,154.0
2008-03-05,148.833
2008-03-06,158.028
2008-03-07,169.222
2008-03-10,185.0
2008-03-11,168.85
2008-03-12,176.5
2008-03-13,187.731
2008-03-14,195.5
2008-03-17,199.333
2008-03-18,175.396
2008-03-19,175.14
2008-03-20,177.329
2008-03-21,177.401
2008-03-24,160.0
2008-03-25,158.522
2008-03-26,165.405
2008-03-27,164.208
2008-03-28,168.076
2008-03-31,177.667
2008-04-01,163.929
2008-04-02,156.468
2008-04-03,151.0
2008-04-04,146.83
2008-04-07,142.433
2008-04-08,144.578
2008-04-09,146.0
2008-04-10,142.028
2008-04-11,145.736
2008-04-14,141.933
2008-04-15,136.833
2008-04-16,127.924
2008-04-17,125.03
2008-04-18,116.248
2008-04-21,121.0
2008-04-22,122.267
2008-04-23,121.201
2008-04-24,117.596
2008-04-25,118.868
2008-04-28,118.181
2008-04-29,120.35
2008-04-30,108.5
2008-05-01,101.434
2008-05-02,98.604
2008-05-05,100.066
2008-05-06,99.0
2008-05-07,104.438
2008-05-08,103.901
2008-05-09,106.901
2008-05-12,105.267
2008-05-13,101.668
2008-05-14,99.0
2008-05-15,96.95
2008-05-16,91.149
2008-05-19,89.55
2008-05-20,95.434
2008-05-21,96.0
2008-05-22,95.868
2008-05-23,98.939
2008-05-26,96.929
2008-05-27,99.375
2008-05-28,95.875
2008-05-29,88.667
2008-05-30,85.165
2008-06-02,89.764
2008-06-03,90.0
2008-06-04,91.599
2008-06-05,90.099
2008-06-06,90.709
2008-06-09,95.967
2008-06-10,94.995
2008-06-11,99.005
2008-06-12,97.335
2008-06-13,97.698
2008-06-16,97.665
2008-06-17,97.75
2008-06-18,99.698
2008-06-19,99.736
2008-06-20,104.67
2008-06-23,104.67
2008-06-24,106.231
2008-06-25,104.434
2008-06-26,114.33
2008-06-27,120.425
2008-06-30,120.571
2008-07-01,124.434
2008-07-02,129.406
2008-07-03,125.698
2008-07-04,125.775
2008-07-07,126.099
2008-07-08,124.721
2008-07-09,127.68
2008-07-10,128.231
2008-07-11,130.731
2008-07-14,130.5
2008-07-15,128.632
2008-07-16,120.726
2008-07-17,116.736
2008-07-18,113.632
2008-07-21,112.269
2008-07-22,109.386
2008-07-23,107.67
2008-07-24,115.667
2008-07-25,113.967
2008-07-28,115.934
2008-07-29,112.736
2008-07-30,112.566
2008-07-31,117.715
2008-08-01,118.099
2008-08-04,120.165
2008-08-05,117.231
2008-08-06,115.667
2008-08-07,123.333
2008-08-08,125.226
2008-08-11,122.335
2008-08-12,123.434
2008-08-13,123.231
2008-08-14,124.333
2008-08-15,127.368
2008-08-18,131.533
2008-08-19,134.099
2008-08-20,134.434
2008-08-21,135.099
2008-08-22,131.33
2008-08-25,136.901
2008-08-26,135.802
2008-08-27,133.335
2008-08-28,129.731
2008-08-29,130.302
2008-09-01,129.967
2008-09-02,133.269
2008-09-03,137.665
2008-09-04,147.736
2008-09-05,148.429
2008-09-08,141.533
2008-09-09,152.424
2008-09-10,153.698
2008-09-11,153.333
2008-09-12,154.429
2008-09-15,192.635
2008-09-16,234.225
2008-09-17,248.145
2008-09-18,229.549
2008-09-19,168.142
2008-09-22,162.756
2008-09-23,165.333
2008-09-24,169.333
2008-09-25,158.667
2008-09-26,167.939
2008-09-29,196.467
2008-09-30,173.333
2008-10-01,177.0
2008-10-02,200.549
2008-10-03,202.756
2008-10-06,254.992
2008-10-07,272.0
2008-10-08,309.257
2008-10-09,336.667
2008-10-10,401.576
2008-10-13,401.576
2008-10-14,276.667
2008-10-15,320.535
2008-10-16,323.333
2008-10-17,324.175
2008-10-20,325.333
2008-10-21,373.836
2008-10-22,560.371
2008-10-23,586.864
2008-10-24,583.061
2008-10-27,564.667
2008-10-28,472.77
2008-10-29,403.762
2008-10-30,351.782
2008-10-31,316.32
2008-11-03,308.302
2008-11-04,284.449
2008-11-05,310.275
2008-11-06,333.812
2008-11-07,306.551
2008-11-10,301.609
2008-11-11,300.67
2008-11-12,356.675
2008-11-13,352.5
2008-11-14,358.576
2008-11-17,358.725
2008-11-18,368.333
2008-11-19,416.635
2008-11-20,457.0
2008-11-21,430.693
2008-11-24,375.303
2008-11-25,344.035
2008-11-26,337.069
2008-11-27,337.63
2008-11-28,324.82
2008-12-01,363.604
2008-12-02,349.726
2008-12-03,369.495
2008-12-04,400.33
2008-12-05,413.886
2008-12-08,375.693
2008-12-09,384.533
2008-12-10,374.0
2008-12-11,370.15
2008-12-12,383.15
2008-12-15,393.368
2008-12-16,362.392
2008-12-17,329.475
2008-12-18,320.411
2008-12-19,306.82
2008-12-22,303.769
2008-12-23,306.807
2008-12-24,307.5
2008-12-25,307.5
2008-12-26,307.5
2008-12-29,305.297
2008-12-30,302.439
2008-12-31,300.51
2009-01-01,300.51
2009-01-02,300.0
2009-01-05,297.436
2009-01-06,288.0
2009-01-07,301.667
2009-01-08,308.424
2009-01-09,303.229
2009-01-12,321.066
2009-01-13,320.225
2009-01-14,341.038
2009-01-15,338.787
2009-01-16,331.18
2009-01-19,327.769
2009-01-20,363.333
2009-01-21,350.51
2009-01-22,355.536
2009-01-23,347.046
2009-01-26,329.665
2009-01-27,335.0
2009-01-28,320.028
2009-01-29,335.667
2009-01-30,344.95
2009-02-02,352.0
2009-02-03,351.604
2009-02-04,369.333
2009-02-05,370.667
2009-02-06,354.7
2009-02-09,345.0
2009-02-10,373.0
2009-02-11,372.812
2009-02-12,387.673
2009-02-13,373.16
2009-02-16,374.15
2009-02-17,391.993
2009-02-18,382.0
2009-02-19,377.558
2009-02-20,401.028
2009-02-23,414.333
2009-02-24,391.0
2009-02-25,393.0
2009-02-26,388.0
2009-02-27,400.578
2009-03-02,433.5
2009-03-03,423.625
2009-03-04,409.333
2009-03-05,423.333
2009-03-06,416.723
2009-03-09,410.333
2009-03-10,388.848
2009-03-11,383.0
2009-03-12,370.88
2009-03-13,369.112
2009-03-16,358.597
2009-03-17,356.569
2009-03-18,351.833
2009-03-19,350.083
2009-03-20,355.599
2009-03-23,332.988
2009-03-24,341.809
2009-03-25,330.335
2009-03-26,314.333
2009-03-27,320.904
2009-03-30,339.0
2009-03-31,325.257
2009-04-01,318.505
2009-04-02,301.24
2009-04-03,284.57
2009-04-06,289.5
2009-04-07,297.0
2009-04-08,282.0
2009-04-09,272.248
2009-04-10,271.901
2009-04-13,273.81
2009-04-14,270.399
2009-04-15,277.533
2009-04-16,272.212
2009-04-17,274.28
2009-04-20,297.833
2009-04-21,294.396
2009-04-22,298.5
2009-04-23,291.383
2009-04-24,283.21
2009-04-27,293.595
2009-04-28,288.946
2009-04-29,274.573
2009-04-30,274.069
2009-05-01,273.588
2009-05-04,258.873
2009-05-05,245.214
2009-05-06,224.5
2009-05-07,216.833
2009-05-08,217.049
2009-05-11,227.665
2009-05-12,228.5
2009-05-13,236.167
2009-05-14,229.586
2009-05-15,227.16
2009-05-18,212.25
2009-05-19,200.974
2009-05-20,197.918
2009-05-21,206.0
2009-05-22,206.436
2009-05-25,206.413
2009-05-26,197.333
2009-05-27,198.772
2009-05-28,196.501
2009-05-29,191.023
2009-06-01,175.313
2009-06-02,176.132
2009-06-03,185.16
2009-06-04,179.865
2009-06-05,173.951
2009-06-08,178.815
2009-06-09,174.063
2009-06-10,174.025
2009-06-11,169.947
2009-06-12,169.665
2009-06-15,178.815
2009-06-16,188.0
2009-06-17,194.368
2009-06-18,190.279
2009-06-19,193.22
2009-06-22,211.723
2009-06-23,205.97
2009-06-24,191.3
2009-06-25,184.318
2009-06-26,182.861
2009-06-29,174.271
2009-06-30,176.481
2009-07-01,172.399
2009-07-02,180.472
2009-07-03,177.542
2009-07-06,175.724
2009-07-07,186.93
2009-07-08,192.349
2009-07-09,188.959
2009-07-10,193.356
2009-07-13,185.257
2009-07-14,179.059
2009-07-15,172.404
2009-07-16,170.072
2009-07-17,170.084
2009-07-20,162.368
2009-07-21,159.233
2009-07-22,161.882
2009-07-23,142.614
2009-07-24,145.107
2009-07-27,136.75
2009-07-28,139.819
2009-07-29,142.619
2009-07-30,135.57
2009-07-31,133.757
2009-08-03,114.018
2009-08-04,117.25
2009-08-05,116.104
2009-08-06,122.746
2009-08-07,114.3
2009-08-10,119.567
2009-08-11,132.47
2009-08-12,130.808
2009-08-13,129.395
2009-08-14,133.891
2009-08-17,140.75
2009-08-18,132.109
2009-08-19,136.99
2009-08-20,133.91
2009-08-21,124.805
2009-08-24,124.301
2009-08-25,123.972
2009-08-26,129.19
2009-08-27,131.255
2009-08-28,131.513
2009-08-31,137.755
2009-09-01,144.911
2009-09-02,142.252
2009-09-03,132.168
2009-09-04,130.856
2009-09-07,130.772
2009-09-08,122.88
2009-09-09,124.082
2009-09-10,121.276
2009-09-11,123.665
2009-09-14,119.075
2009-09-15,117.034
2009-09-16,110.875
2009-09-17,116.858
2009-09-18,115.901
2009-09-21,122.583
2009-09-22,118.876
2009-09-23,123.151
2009-09-24,129.512
2009-09-25,133.263
2009-09-28,130.433
2009-09-29,128.059
2009-09-30,126.631
2009-10-01,135.387
2009-10-02,133.533
2009-10-05,123.0
2009-10-06,117.338
2009-10-07,121.315
2009-10-08,115.504
2009-10-09,113.584
2009-10-12,113.531
2009-10-13,114.76
2009-10-14,111.279
2009-10-15,114.541
2009-10-16,118.174
2009-10-19,114.654
2009-10-20,119.62
2009-10-21,127.07
2009-10-22,123.855
2009-10-23,130.64
2009-10-26,136.059
2009-10-27,141.407
2009-10-28,144.27
2009-10-29,132.905
2009-10-30,137.513
2009-11-02,135.709
2009-11-03,138.536
2009-11-04,135.124
2009-11-05,133.411
2009-11-06,131.973
2009-11-09,122.083
2009-11-10,120.241
2009-11-11,119.815
2009-11-12,124.449
2009-11-13,123.856
2009-11-16,119.378
2009-11-17,120.308
2009-11-18,119.478
2009-11-19,120.989
2009-11-20,120.956
2009-11-23,118.495
2009-11-24,119.215
2009-11-25,119.951
2009-11-26,118.245
2009-11-27,129.681
2009-11-30,129.149
2009-12-01,121.116
2009-12-02,120.88
2009-12-03,125.573
2009-12-04,123.205
2009-12-07,123.447
2009-12-08,125.423
2009-12-09,128.139
2009-12-10,126.183
2009-12-11,124.89
2009-12-14,121.667
2009-12-15,119.566
2009-12-16,121.708
2009-12-17,127.085
2009-12-18,126.056
2009-12-21,123.959
2009-12-22,119.953
2009-12-23,123.517
2009-12-24,122.118
2009-12-25,122.275
2009-12-28,122.099
2009-12-29,121.214
2009-12-30,122.358
2009-12-31,122.52
2010-01-01,122.701
2010-01-04,115.742
2010-01-05,117.29
2010-01-06,116.271
2010-01-07,116.675
2010-01-08,115.569
2010-01-11,115.71
2010-01-12,119.79
2010-01-13,119.274
2010-01-14,123.705
2010-01-15,127.97
2010-01-18,128.652
2010-01-19,125.123
2010-01-20,127.951
2010-01-21,134.127
2010-01-22,138.146
2010-01-25,131.642
2010-01-26,137.504
2010-01-27,138.319
2010-01-28,142.775
2010-01-29,144.02
2010-02-01,140.269
2010-02-02,136.011
2010-02-03,137.934
2010-02-04,151.319
2010-02-05,149.726
2010-02-08,157.7
2010-02-09,145.809
2010-02-10,141.175
2010-02-11,136.628
2010-02-12,139.654
2010-02-15,139.333
2010-02-16,135.279
2010-02-17,136.667
2010-02-18,134.923
2010-02-19,131.427
2010-02-22,129.822
2010-02-23,134.016
2010-02-24,132.73
2010-02-25,131.368
2010-02-26,130.157
2010-03-01,127.398
2010-03-02,127.384
2010-03-03,127.054
2010-03-04,125.58
2010-03-05,122.201
2010-03-08,116.909
2010-03-09,115.901
2010-03-10,116.249
2010-03-11,115.311
2010-03-12,116.159
2010-03-15,118.008
2010-03-16,116.474
2010-03-17,114.43
2010-03-18,115.724
2010-03-19,119.548
2010-03-22,124.626
2010-03-23,124.14
2010-03-24,127.414
2010-03-25,128.584
2010-03-26,132.183
2010-03-29,131.802
2010-03-30,130.186
2010-03-31,130.536
2010-04-01,125.677
2010-04-02,125.67
2010-04-05,115.46
2010-04-06,121.774
2010-04-07,125.782
2010-04-08,124.95
2010-04-09,125.151
2010-04-12,121.102
2010-04-13,119.274
2010-04-14,116.167
2010-04-15,110.012
2010-04-16,114.497
2010-04-19,114.423
2010-04-20,111.233
2010-04-21,112.956
2010-04-22,115.944
2010-04-23,116.219
2010-04-26,117.852
2010-04-27,129.26
2010-04-28,124.536
2010-04-29,120.633
2010-04-30,123.683
2010-05-03,118.729
2010-05-04,130.03
2010-05-05,134.95
2010-05-06,154.065
2010-05-07,152.679
2010-05-10,128.138
2010-05-11,127.146
2010-05-12,118.219
2010-05-13,121.115
2010-05-14,131.257
2010-05-17,134.015
2010-05-18,143.544
2010-05-19,142.5
2010-05-20,154.212
2010-05-21,148.022
2010-05-24,147.04
2010-05-25,147.97
2010-05-26,141.549
2010-05-27,134.82
2010-05-28,136.024
2010-05-31,135.833
2010-06-01,138.0
2010-06-02,135.165
2010-06-03,134.21
2010-06-04,146.167
2010-06-07,149.669
2010-06-08,149.917
2010-06-09,146.466
2010-06-10,141.539
2010-06-11,141.808
2010-06-14,136.246
2010-06-15,133.999
2010-06-16,134.912
2010-06-17,131.493
2010-06-18,127.558
2010-06-21,125.518
2010-06-22,129.713
2010-06-23,129.868
2010-06-24,134.621
2010-06-25,130.767
2010-06-28,129.632
2010-06-29,139.777
2010-06-30,140.294
2010-07-01,141.719
2010-07-02,140.363
2010-07-05,140.448
2010-07-06,140.172
2010-07-07,135.867
2010-07-08,130.997
2010-07-09,128.832
2010-07-12,126.555
2010-07-13,121.6
2010-07-14,124.776
2010-07-15,123.316
2010-07-16,126.518
2010-07-19,127.776
2010-07-20,123.145
2010-07-21,123.846
2010-07-22,120.416
2010-07-23,120.002
2010-07-26,116.395
2010-07-27,117.106
2010-07-28,119.679
2010-07-29,116.811
2010-07-30,116.909
2010-08-02,112.99
2010-08-03,115.231
2010-08-04,115.583
2010-08-05,115.071
2010-08-06,114.733
2010-08-09,112.302
2010-08-10,113.897
2010-08-11,114.46
2010-08-12,117.231
2010-08-13,119.239
2010-08-16,119.528
2010-08-17,115.921
2010-08-18,117.012
2010-08-19,118.963
2010-08-20,121.18
2010-08-23,118.873
2010-08-24,124.809
2010-08-25,125.064
2010-08-26,128.954
2010-08-27,128.758
2010-08-30,131.613
2010-08-31,131.462
2010-09-01,124.101
2010-09-02,121.806
2010-09-03,118.817
2010-09-06,118.045
2010-09-07,123.791
2010-09-08,127.515
2010-09-09,125.663
2010-09-10,124.596
2010-09-13,120.098
2010-09-14,119.995
2010-09-15,117.853
2010-09-16,114.057
2010-09-17,117.498
2010-09-20,118.48
2010-09-21,119.159
2010-09-22,117.29
2010-09-23,120.342
2010-09-24,116.904
2010-09-27,115.0
2010-09-28,114.496
2010-09-29,115.06
2010-09-30,115.902
2010-10-01,112.698
2010-10-04,112.872
2010-10-05,108.482
2010-10-06,105.0
2010-10-07,103.407
2010-10-08,99.005
2010-10-11,99.198
2010-10-12,93.729
2010-10-13,89.308
2010-10-14,92.644
2010-10-15,96.852
2010-10-18,100.03
2010-10-19,103.333
2010-10-20,99.669
2010-10-21,100.471
2010-10-22,99.386
2010-10-25,96.017
2010-10-26,97.673
2010-10-27,99.993
2010-10-28,100.115
2010-10-29,100.612
2010-11-01,99.363
2010-11-02,96.731
2010-11-03,94.78
2010-11-04,90.701
2010-11-05,93.543
2010-11-08,97.408
2010-11-09,99.047
2010-11-10,101.708
2010-11-11,101.369
2010-11-12,104.229
2010-11-15,104.425
2010-11-16,112.75
2010-11-17,109.834
2010-11-18,107.895
2010-11-19,107.21
2010-11-22,109.666
2010-11-23,116.469
2010-11-24,112.058
2010-11-25,112.733
2010-11-26,114.79
2010-11-29,117.35
2010-11-30,123.526
2010-12-01,116.276
2010-12-02,108.796
2010-12-03,105.066
2010-12-06,106.299
2010-12-07,106.616
2010-12-08,108.969
2010-12-09,111.045
2010-12-10,110.688
2010-12-13,112.222
2010-12-14,110.63
2010-12-15,116.182
2010-12-16,116.87
2010-12-17,113.099
2010-12-20,116.239
2010-12-21,115.213
2010-12-22,113.83
2010-12-23,114.026
2010-12-24,114.414
2010-12-27,114.429
2010-12-28,114.922
2010-12-29,111.784
2010-12-30,111.305
2010-12-31,111.277
2011-01-03,106.802
2011-01-04,103.789
2011-01-05,104.307
2011-01-06,106.882
2011-01-07,110.793
2011-01-10,111.697
2011-01-11,109.47
2011-01-12,106.061
2011-01-13,109.384
2011-01-14,106.474
2011-01-17,107.132
2011-01-18,108.073
2011-01-19,109.791
2011-01-20,111.516
2011-01-21,109.177
2011-01-24,108.333
2011-01-25,110.434
2011-01-26,110.235
2011-01-27,114.289
2011-01-28,121.835
2011-01-31,118.919
2011-02-01,114.931
2011-02-02,114.918
2011-02-03,114.28
2011-02-04,113.02
2011-02-07,114.003
2011-02-08,114.893
2011-02-09,118.218
2011-02-10,120.503
2011-02-11,122.097
2011-02-14,120.733
2011-02-15,119.5
2011-02-16,117.0
2011-02-17,115.173
2011-02-18,115.0
2011-02-21,115.679
2011-02-22,121.729
2011-02-23,121.951
2011-02-24,120.875
2011-02-25,118.0
2011-02-28,118.0
2011-03-01,119.206
2011-03-02,118.592
2011-03-03,113.782
2011-03-04,114.546
2011-03-07,113.616
2011-03-08,110.625
2011-03-09,110.2
2011-03-10,114.508
2011-03-11,114.176
2011-03-14,114.995
2011-03-15,116.763
2011-03-16,119.326
2011-03-17,118.198
2011-03-18,116.683
2011-03-21,115.006
2011-03-22,115.985
2011-03-23,115.964
2011-03-24,115.0
2011-03-25,114.099
2011-03-28,115.64
2011-03-29,113.35
2011-03-30,113.067
2011-03-31,111.719
2011-04-01,110.335
2011-04-04,108.422
2011-04-05,108.627
2011-04-06,107.063
2011-04-07,106.989
2011-04-08,104.67
2011-04-11,104.677
2011-04-12,107.295
2011-04-13,107.002
2011-04-14,107.683
2011-04-15,106.908
2011-04-18,109.667
2011-04-19,109.953
2011-04-20,108.856
2011-04-21,109.335
2011-04-22,109.378
2011-04-25,108.67
2011-04-26,107.335
2011-04-27,108.0
2011-04-28,107.335
2011-04-29,105.347
2011-05-02,104.361
2011-05-03,103.392
2011-05-04,104.245
2011-05-05,105.125
2011-05-06,104.495
2011-05-09,104.839
2011-05-10,103.034
2011-05-11,103.253
2011-05-12,103.0
2011-05-13,102.5
2011-05-16,101.765
2011-05-17,101.007
2011-05-18,100.0
2011-05-19,100.219
2011-05-20,101.922
2011-05-23,103.608
2011-05-24,104.464
2011-05-25,104.994
2011-05-26,107.67
2011-05-27,107.67
2011-05-30,107.338
2011-05-31,104.068
2011-06-01,106.338
2011-06-02,107.641
2011-06-03,108.224
2011-06-06,109.696
2011-06-07,109.0
2011-06-08,111.287
2011-06-09,109.797
2011-06-10,113.127
2011-06-13,113.073
2011-06-14,109.775
2011-06-15,111.35
2011-06-16,116.25
2011-06-17,115.75
2011-06-20,117.0
2011-06-21,114.002
2011-06-22,114.195
2011-06-23,118.585
2011-06-24,118.361
2011-06-27,118.77
2011-06-28,116.78
2011-06-29,114.513
2011-06-30,110.005
2011-07-01,108.848
2011-07-04,108.67
2011-07-05,108.04
2011-07-06,108.664
2011-07-07,107.333
2011-07-08,107.995
2011-07-11,114.665
2011-07-12,116.957
2011-07-13,115.384
2011-07-14,117.399
2011-07-15,116.304
2011-07-18,119.675
2011-07-19,118.213
2011-07-20,116.441
2011-07-21,111.98
2011-07-22,111.355
2011-07-25,113.98
2011-07-26,113.377
2011-07-27,115.01
2011-07-28,113.122
2011-07-29,113.553
2011-08-01,112.25
2011-08-02,114.367
2011-08-03,115.115
2011-08-04,128.768
2011-08-05,130.667
2011-08-08,160.862
2011-08-09,152.66
2011-08-10,163.078
2011-08-11,160.721
2011-08-12,154.167
2011-08-15,138.903
2011-08-16,141.262
2011-08-17,138.097
2011-08-18,145.625
2011-08-19,146.449
2011-08-22,152.975
2011-08-23,159.034
2011-08-24,162.314
2011-08-25,162.749
2011-08-26,163.272
2011-08-29,159.675
2011-08-30,153.844
2011-08-31,141.633
2011-09-01,143.0
2011-09-02,149.985
2011-09-05,152.665
2011-09-06,159.498
2011-09-07,151.5
2011-09-08,155.68
2011-09-09,168.168
2011-09-12,173.631
2011-09-13,171.125
2011-09-14,171.103
2011-09-15,163.611
2011-09-16,160.167
2011-09-19,166.783
2011-09-20,175.098
2011-09-21,194.917
2011-09-22,213.425
2011-09-23,207.975
2011-09-26,194.895
2011-09-27,180.967
2011-09-28,190.46
2011-09-29,189.0
2011-09-30,201.755
2011-10-03,215.104
2011-10-04,215.543
2011-10-05,198.486
2011-10-06,187.857
2011-10-07,182.994
2011-10-10,181.33
2011-10-11,172.439
2011-10-12,148.92
2011-10-13,157.188
2011-10-14,154.167
2011-10-17,157.554
2011-10-18,153.849
2011-10-19,154.866
2011-10-20,164.462
2011-10-21,162.34
2011-10-24,157.236
2011-10-25,160.386
2011-10-26,155.029
2011-10-27,133.554
2011-10-28,134.223
2011-10-31,139.25
2011-11-01,157.552
2011-11-02,151.321
2011-11-03,140.459
2011-11-04,144.06
2011-11-07,145.758
2011-11-08,144.343
2011-11-09,161.167
2011-11-10,159.5
2011-11-11,159.344
2011-11-14,158.394
2011-11-15,169.108
2011-11-16,172.932
2011-11-17,179.167
2011-11-18,176.718
2011-11-21,182.31
2011-11-22,179.84
2011-11-23,187.46
2011-11-24,189.683
2011-11-25,192.243
2011-11-28,181.142
2011-11-29,179.789
2011-11-30,161.844
2011-12-01,161.249
2011-12-02,158.01
2011-12-05,147.248
2011-12-06,145.456
2011-12-07,143.108
2011-12-08,153.519
2011-12-09,149.5
2011-12-12,152.294
2011-12-13,150.823
2011-12-14,159.265
2011-12-15,161.711
2011-12-16,162.975
2011-12-19,164.995
2011-12-20,162.305
2011-12-21,162.038
2011-12-22,162.893
2011-12-23,162.005
2011-12-26,161.869
2011-12-27,161.833
2011-12-28,162.514
2011-12-29,161.894
2011-12-30,161.588
2012-01-02,161.113
2012-01-03,157.562
2012-01-04,158.147
2012-01-05,161.447
2012-01-06,161.498
2012-01-09,161.637
2012-01-10,157.24
2012-01-11,160.027
2012-01-12,159.5
2012-01-13,161.655
2012-01-16,164.26
2012-01-17,161.864
2012-01-18,156.7
2012-01-19,153.823
2012-01-20,152.629
2012-01-23,149.833
2012-01-24,151.667
2012-01-25,149.833
2012-01-26,146.97
2012-01-27,144.51
2012-01-30,144.512
2012-01-31,144.833
2012-02-01,141.382
2012-02-02,142.092
2012-02-03,138.665
2012-02-06,137.865
2012-02-07,137.467
2012-02-08,136.878
2012-02-09,137.635
2012-02-10,140.325
2012-02-13,139.489
2012-02-14,140.122
2012-02-15,142.166
2012-02-16,139.531
2012-02-17,137.728
2012-02-20,136.493
2012-02-21,136.667
2012-02-22,137.388
2012-02-23,137.333
2012-02-24,136.886
2012-02-27,138.156
2012-02-28,138.075
2012-02-29,141.006
2012-03-01,136.272
2012-03-02,132.0
2012-03-05,131.199
2012-03-06,139.835
2012-03-07,136.022
2012-03-08,130.062
2012-03-09,128.833
2012-03-12,126.548
2012-03-13,125.005
2012-03-14,123.635
2012-03-15,121.438
2012-03-16,120.755
2012-03-19,113.414
2012-03-20,114.568
2012-03-21,117.249
2012-03-22,120.078
2012-03-23,120.67
2012-03-26,117.373
2012-03-27,120.096
2012-03-28,122.681
2012-03-29,122.343
2012-03-30,122.17
2012-04-02,120.67
2012-04-03,120.059
2012-04-04,123.818
2012-04-05,125.69
2012-04-06,127.288
2012-04-09,129.696
2012-04-10,134.882
2012-04-11,132.478
2012-04-12,128.366
2012-04-13,130.445
2012-04-16,132.25
2012-04-17,129.635
2012-04-18,130.421
2012-04-19,130.012
2012-04-20,127.162
2012-04-23,128.174
2012-04-24,126.913
2012-04-25,124.294
2012-04-26,123.193
2012-04-27,123.0
2012-04-30,122.916
2012-05-01,122.005
2012-05-02,122.067
2012-05-03,121.335
2012-05-04,122.665
2012-05-07,123.96
2012-05-08,126.71
2012-05-09,132.666
2012-05-10,128.762
2012-05-11,132.756
2012-05-14,138.66
2012-05-15,149.213
2012-05-16,151.922
2012-05-17,156.815
2012-05-18,155.505
2012-05-21,150.144
2012-05-22,156.423
2012-05-23,156.769
2012-05-24,158.553
2012-05-25,161.33
2012-05-28,161.699
2012-05-29,159.876
2012-05-30,166.024
2012-05-31,171.133
2012-06-01,174.24
2012-06-04,174.193
2012-06-05,171.668
2012-06-06,159.913
2012-06-07,162.172
2012-06-08,162.44
2012-06-11,164.591
2012-06-12,159.4
2012-06-13,159.859
2012-06-14,152.39
2012-06-15,151.054
2012-06-18,150.667
2012-06-19,146.863
2012-06-20,145.231
2012-06-21,150.993
2012-06-22,151.652
2012-06-25,158.826
2012-06-26,158.168
2012-06-27,157.605
2012-06-28,162.323
2012-06-29,157.246
2012-07-02,149.532
2012-07-03,144.519
2012-07-04,144.859
2012-07-05,147.514
2012-07-06,153.078
2012-07-09,156.186
2012-07-10,154.689
2012-07-11,150.343
2012-07-12,148.343
2012-07-13,143.24
2012-07-16,140.343
2012-07-17,139.338
2012-07-18,141.503
2012-07-19,140.848
2012-07-20,142.878
2012-07-23,148.925
2012-07-24,152.823
2012-07-25,152.26
2012-07-26,145.518
2012-07-27,137.018
2012-07-30,133.278
2012-07-31,132.67
2012-08-01,132.509
2012-08-02,135.717
2012-08-03,129.17
2012-08-06,126.178
2012-08-07,126.16
2012-08-08,124.505
2012-08-09,125.518
2012-08-10,127.347
2012-08-13,127.434
2012-08-14,127.663
2012-08-15,127.854
2012-08-16,128.218
2012-08-17,129.163
2012-08-20,128.17
2012-08-21,127.503
2012-08-22,126.928
2012-08-23,128.33
2012-08-24,130.189
2012-08-27,127.844
2012-08-28,129.167
2012-08-29,130.833
2012-08-30,132.33
2012-08-31,131.019
2012-09-03,130.258
2012-09-04,128.253
2012-09-05,126.053
2012-09-06,121.353
2012-09-07,120.558
2012-09-10,119.745
2012-09-11,117.848
2012-09-12,114.345
2012-09-13,110.625
2012-09-14,102.163
2012-09-17,100.168
2012-09-18,100.833
2012-09-19,101.5
2012-09-20,103.328
2012-09-21,105.003
2012-09-24,107.736
2012-09-25,111.625
2012-09-26,114.352
2012-09-27,113.468
2012-09-28,112.825
2012-10-01,113.083
2012-10-02,114.993
2012-10-03,114.25
2012-10-04,112.583
2012-10-05,111.651
2012-10-08,109.866
2012-10-09,113.818
2012-10-10,114.448
2012-10-11,113.67
2012-10-12,111.503
2012-10-15,111.0
2012-10-16,110.608
2012-10-17,109.003
2012-10-18,108.5
2012-10-19,111.163
2012-10-22,108.939
2012-10-23,111.127
2012-10-24,109.5
2012-10-25,107.838
2012-10-26,108.66
2012-10-29,111.453
2012-10-30,111.683
2012-10-31,112.323
2012-11-01,110.409
2012-11-02,108.39
2012-11-05,106.998
2012-11-06,102.173
2012-11-07,100.251
2012-11-08,102.663
2012-11-09,103.508
2012-11-12,102.877
2012-11-13,102.625
2012-11-14,104.333
2012-11-15,107.701
2012-11-16,108.09
2012-11-19,104.625
2012-11-20,103.813
2012-11-21,104.667
2012-11-22,104.503
2012-11-23,103.846
2012-11-26,105.663
2012-11-27,106.916
2012-11-28,107.835
2012-11-29,106.673
2012-11-30,110.815
2012-12-03,110.67
2012-12-04,109.437
2012-12-05,108.175
2012-12-06,107.173
2012-12-07,108.116
2012-12-10,111.323
2012-12-11,109.17
2012-12-12,107.764
2012-12-13,107.67
2012-12-14,107.838
2012-12-17,104.937
2012-12-18,102.508
2012-12-19,100.995
2012-12-20,103.263
2012-12-21,107.552
2012-12-24,108.933
2012-12-25,109.03
2012-12-26,108.556
2012-12-27,108.436
2012-12-28,109.314
2012-12-31,108.449
2013-01-01,108.125
2013-01-02,102.924
2013-01-03,102.503
2013-01-04,102.003
2013-01-07,103.342
2013-01-08,105.5
2013-01-09,107.436
2013-01-10,110.163
2013-01-11,112.3
2013-01-14,112.503
2013-01-15,112.665
2013-01-16,111.503
2013-01-17,108.838
2013-01-18,108.696
2013-01-21,108.763
2013-01-22,108.266
2013-01-23,107.598
2013-01-24,107.335
2013-01-25,107.598
2013-01-28,108.526
2013-01-29,109.096
2013-01-30,113.75
2013-01-31,116.338
2013-02-01,117.428
2013-02-04,119.181
2013-02-05,119.375
2013-02-06,118.966
2013-02-07,119.301
2013-02-08,118.711
2013-02-11,118.665
2013-02-12,119.168
2013-02-13,120.0
2013-02-14,120.0
2013-02-15,120.802
2013-02-18,121.371
2013-02-19,121.64
2013-02-20,125.66
2013-02-21,126.991
2013-02-22,126.377
2013-02-25,127.995
2013-02-26,129.665
2013-02-27,129.503
2013-02-28,131.163
2013-03-01,133.794
2013-03-04,133.165
2013-03-05,129.508
2013-03-06,125.5
2013-03-07,125.063
2013-03-08,121.67
2013-03-11,121.0
2013-03-12,122.243
2013-03-13,123.495
2013-03-14,127.66
2013-03-15,129.551
2013-03-18,130.0
2013-03-19,130.995
2013-03-20,131.833
2013-03-21,136.99
2013-03-22,138.99
2013-03-25,137.375
2013-03-26,137.375
2013-03-27,139.0
2013-03-28,137.753
2013-03-29,137.22
2013-04-01,138.47
2013-04-02,138.76
2013-04-03,135.873
2013-04-04,133.59
2013-04-05,130.173
2013-04-08,125.75
2013-04-09,124.163
2013-04-10,119.01
2013-04-11,114.42
2013-04-12,114.668
2013-04-15,117.75
2013-04-16,118.299
2013-04-17,117.875
2013-04-18,119.643
2013-04-19,121.278
2013-04-22,119.01
2013-04-23,118.343
2013-04-24,116.923
2013-04-25,115.503
2013-04-26,114.503
2013-04-29,112.5
2013-04-30,109.01
2013-05-01,109.995
2013-05-02,106.01
2013-05-03,105.879
2013-05-06,106.498
2013-05-07,106.665
2013-05-08,108.75
2013-05-09,109.168
2013-05-10,110.665
2013-05-13,114.165
2013-05-14,117.75
2013-05-15,119.633
2013-05-16,124.323
2013-05-17,127.125
2013-05-20,130.32
2013-05-21,129.833
2013-05-22,129.67
2013-05-23,131.99
2013-05-24,133.015
2013-05-27,134.483
2013-05-28,136.897
2013-05-29,142.192
2013-05-30,142.0
2013-05-31,146.985
2013-06-03,147.175
2013-06-04,149.925
2013-06-05,152.74
2013-06-06,155.828
2013-06-07,159.493
2013-06-10,168.25
2013-06-11,176.748
2013-06-12,174.982
2013-06-13,154.21
2013-06-14,150.815
2013-06-17,161.625
2013-06-18,165.323
2013-06-19,187.012
2013-06-20,201.995
2013-06-21,210.5
2013-06-24,206.02
2013-06-25,197.835
2013-06-26,189.83
2013-06-27,183.75
2013-06-28,184.995
2013-07-01,187.047
2013-07-02,191.32
2013-07-03,201.543
2013-07-04,204.33
2013-07-05,209.975
2013-07-08,209.349
2013-07-09,201.023
2013-07-10,198.345
2013-07-11,192.5
2013-07-12,187.195
2013-07-15,176.685
2013-07-16,174.285
2013-07-17,169.774
2013-07-18,164.83
2013-07-19,165.854
2013-07-22,165.003
2013-07-23,166.249
2013-07-24,175.75
2013-07-25,178.333
2013-07-26,183.073
2013-07-29,190.1
2013-07-30,189.794
2013-07-31,188.168
2013-08-01,186.774
2013-08-02,181.288
2013-08-05,181.696
2013-08-06,184.338
2013-08-07,188.0
2013-08-08,188.833
2013-08-09,186.029
2013-08-12,181.678
2013-08-13,177.175
2013-08-14,182.625
2013-08-15,192.25
2013-08-16,202.591
2013-08-19,209.003
2013-08-20,207.354
2013-08-21,215.14
2013-08-22,214.005
2013-08-23,200.355
2013-08-26,199.167
2013-08-27,205.161
2013-08-28,202.625
2013-08-29,203.66
2013-08-30,206.855
2013-09-02,205.652
2013-09-03,206.75
2013-09-04,207.997
2013-09-05,206.513
2013-09-06,197.35
2013-09-09,190.17
2013-09-10,185.67
2013-09-11,179.35
2013-09-12,178.33
2013-09-13,174.019
2013-09-16,167.873
2013-09-17,164.832
2013-09-18,149.988
2013-09-19,149.125
2013-09-20,157.291
2013-09-23,161.33
2013-09-24,160.505
2013-09-25,161.5
2013-09-26,167.48
2013-09-27,174.158
2013-09-30,176.0
2013-10-01,171.093
2013-10-02,170.99
2013-10-03,171.335
2013-10-04,168.015
2013-10-07,164.505
2013-10-08,164.17
2013-10-09,164.495
2013-10-10,153.873
2013-10-11,149.675
2013-10-14,148.224
2013-10-15,146.625
2013-10-16,145.825
2013-10-17,146.995
2013-10-18,149.505
2013-10-21,160.165
2013-10-22,157.175
2013-10-23,159.325
2013-10-24,162.15
2013-10-25,163.2
2013-10-28,163.995
2013-10-29,165.002
2013-10-30,165.665
2013-10-31,167.15
2013-11-01,178.983
2013-11-04,181.335
2013-11-05,186.985
2013-11-06,187.51
2013-11-07,191.655
2013-11-08,200.815
2013-11-11,204.297
2013-11-12,206.823
2013-11-13,205.923
2013-11-14,200.0
2013-11-15,191.675
2013-11-18,186.325
2013-11-19,194.25
2013-11-20,199.67
2013-11-21,201.835
2013-11-22,197.828
2013-11-25,201.154
2013-11-26,202.668
2013-11-27,205.168
2013-11-28,205.0
2013-12-02,214.0
2013-12-03,213.335
2013-12-04,214.75
2013-12-05,203.828
2013-12-06,192.564
2013-12-09,185.173
2013-12-10,184.5
2013-12-11,186.169
2013-12-12,181.668
2013-12-13,181.343
2013-12-16,181.005
2013-12-17,185.325
2013-12-18,176.833
2013-12-19,179.167
2013-12-20,186.333
2013-12-23,185.891
2013-12-24,185.674
2013-12-25,185.268
2013-12-26,185.894
2013-12-27,193.0
2013-12-30,193.809
2013-12-31,193.771
2014-01-01,193.096
2014-01-02,195.673
2014-01-03,188.989
2014-01-06,187.005
2014-01-07,189.678
2014-01-08,195.334
2014-01-09,195.665
2014-01-10,194.33
2014-01-13,196.671
2014-01-14,197.503
2014-01-15,196.0
2014-01-16,198.502
2014-01-17,196.536
2014-01-20,194.47
2014-01-21,193.995
2014-01-22,199.66
2014-01-23,204.5
2014-01-24,210.998
2014-01-27,210.33
2014-01-28,199.34
2014-01-29,208.329
2014-01-30,206.829
2014-01-31,205.681
2014-02-03,209.34
2014-02-04,198.75
2014-02-05,192.659
2014-02-06,186.078
2014-02-07,184.99
2014-02-10,190.155
2014-02-11,187.659
2014-02-12,191.01
2014-02-13,189.67
2014-02-14,186.33
2014-02-17,185.35
2014-02-18,187.583
2014-02-19,187.833
2014-02-20,178.335
2014-02-21,179.985
2014-02-24,171.685
2014-02-25,170.665
2014-02-26,175.997
2014-02-27,172.68
2014-02-28,171.335
2014-03-03,174.32
2014-03-04,169.68
2014-03-05,164.009
2014-03-06,162.33
2014-03-07,168.979
2014-03-10,172.34
2014-03-11,179.99
2014-03-12,179.01
2014-03-13,179.0
2014-03-14,180.67
2014-03-17,177.68
2014-03-18,170.69
2014-03-19,173.307
2014-03-20,180.0
2014-03-21,180.833
2014-03-24,178.843
2014-03-25,174.189
2014-03-26,169.676
2014-03-27,165.665
2014-03-28,166.655
2014-03-31,169.66
2014-04-01,166.68
2014-04-02,167.335
2014-04-03,170.99
2014-04-04,165.675
2014-04-07,159.67
2014-04-08,160.665
2014-04-09,158.005
2014-04-10,157.005
2014-04-11,159.67
2014-04-14,158.34
2014-04-15,159.33
2014-04-16,157.345
2014-04-17,156.01
2014-04-18,154.721
2014-04-21,152.335
2014-04-22,152.33
2014-04-23,152.0
2014-04-24,153.33
2014-04-25,155.995
2014-04-28,154.675
2014-04-29,151.35
2014-04-30,146.675
2014-05-01,147.99
2014-05-02,147.0
2014-05-05,146.325
2014-05-06,145.995
2014-05-07,144.67
2014-05-08,144.995
2014-05-09,146.99
2014-05-12,149.325
2014-05-13,148.173
2014-05-14,149.995
2014-05-15,151.5
2014-05-16,153.375
2014-05-19,150.335
2014-05-20,154.25
2014-05-21,153.995
2014-05-22,156.5
2014-05-23,153.388
2014-05-26,152.254
2014-05-27,152.995
2014-05-28,148.35
2014-05-29,142.5
2014-05-30,142.325
2014-06-02,145.655
2014-06-03,146.75
2014-06-04,146.005
2014-06-05,144.01
2014-06-06,134.66
2014-06-09,134.167
2014-06-10,135.875
2014-06-11,136.0
2014-06-12,138.5
2014-06-13,138.675
2014-06-16,137.005
2014-06-17,138.5
2014-06-18,137.66
2014-06-19,137.655
2014-06-20,139.833
2014-06-23,141.0
2014-06-24,141.0
2014-06-25,136.833
2014-06-26,136.833
2014-06-27,140.65
2014-06-30,144.15
2014-07-01,142.833
2014-07-02,145.0
2014-07-03,145.944
2014-07-04,145.762
2014-07-07,145.99
2014-07-08,147.335
2014-07-09,145.125
2014-07-10,146.125
2014-07-11,147.167
2014-07-14,146.25
2014-07-15,148.25
2014-07-16,147.498
2014-07-17,150.0
2014-07-18,145.345
2014-07-21,140.25
2014-07-22,135.005
2014-07-23,132.66
2014-07-24,134.5
2014-07-25,137.0
2014-07-28,141.985
2014-07-29,145.75
2014-07-30,149.15
2014-07-31,155.98
2014-08-01,161.99
2014-08-04,158.125
2014-08-05,163.625
2014-08-06,164.34
2014-08-07,166.315
2014-08-08,167.0
2014-08-11,162.335
2014-08-12,158.33
2014-08-13,154.33
2014-08-14,150.335
2014-08-15,151.495
2014-08-18,146.01
2014-08-19,140.335
2014-08-20,140.655
2014-08-21,139.34
2014-08-22,141.665
2014-08-25,141.34
2014-08-26,137.67
2014-08-27,132.34
2014-08-28,131.0
2014-08-29,127.0
2014-09-01,126.124
2014-09-02,125.75
2014-09-03,123.75
2014-09-04,126.0
2014-09-05,125.675
2014-09-08,130.25
2014-09-09,139.67
2014-09-10,139.75
2014-09-11,137.995
2014-09-12,143.125
2014-09-15,147.0
2014-09-16,142.34
2014-09-17,138.75
2014-09-18,138.918
2014-09-19,141.5
2014-09-22,157.809
2014-09-23,154.333
2014-09-24,152.67
2014-09-25,159.5
2014-09-26,161.625
2014-09-29,175.734
2014-09-30,175.625
2014-10-01,176.125
2014-10-02,176.125
2014-10-03,174.67
2014-10-06,161.269
2014-10-07,157.375
2014-10-08,152.67
2014-10-09,154.875
2014-10-10,158.625
2014-10-13,159.97
2014-10-14,159.158
2014-10-15,162.828
2014-10-16,165.66
2014-10-17,158.01
2014-10-20,157.32
2014-10-21,166.5
2014-10-22,167.66
2014-10-23,168.985
2014-10-24,165.173
2014-10-27,165.823
2014-10-28,160.523
2014-10-29,156.25
2014-10-30,151.5
2014-10-31,151.75
2014-11-03,158.75
2014-11-04,163.153
2014-11-05,162.163
2014-11-06,166.25
2014-11-07,170.833
2014-11-10,170.66
2014-11-11,170.66
2014-11-12,172.655
2014-11-13,176.32
2014-11-14,182.31
2014-11-17,185.995
2014-11-18,185.665
2014-11-19,178.35
2014-11-20,173.825
2014-11-21,163.685
2014-11-24,159.82
2014-11-25,157.67
2014-11-26,154.0
2014-11-27,152.495
2014-11-28,153.517
2014-12-01,158.65
2014-12-02,163.0
2014-12-03,156.5
2014-12-04,159.5
2014-12-05,164.555
2014-12-08,175.17
2014-12-09,176.433
2014-12-10,186.488
2014-12-11,190.715
2014-12-12,212.193
2014-12-15,235.583
2014-12-16,240.881
2014-12-17,215.704
2014-12-18,211.748
2014-12-19,191.368
2014-12-22,182.867
2014-12-23,183.549
2014-12-24,184.341
2014-12-25,184.078
2014-12-26,183.943
2014-12-29,187.919
2014-12-30,196.934
2014-12-31,200.755
2015-01-01,200.95
2015-01-02,205.536
2015-01-05,223.856
2015-01-06,222.938
2015-01-07,214.274
2015-01-08,209.254
2015-01-09,206.256
2015-01-12,211.055
2015-01-13,207.861
2015-01-14,202.368
2015-01-15,209.208
2015-01-16,207.199
2015-01-19,206.571
2015-01-20,204.549
2015-01-21,206.727
2015-01-22,201.942
2015-01-23,198.327
2015-01-26,198.851
2015-01-27,199.678
2015-01-28,209.442
2015-01-29,211.587
2015-01-30,226.629
2015-02-02,233.593
2015-02-03,224.688
2015-02-04,226.628
2015-02-05,225.756
2015-02-06,229.699
2015-02-09,233.419
2015-02-10,245.635
2015-02-11,251.686
2015-02-12,243.322
2015-02-13,238.402
2015-02-16,237.824
2015-02-17,237.921
2015-02-18,231.79
2015-02-19,235.492
2015-02-20,240.093
2015-02-23,242.151
2015-02-24,234.125
2015-02-25,243.177
2015-02-26,248.383
2015-02-27,242.906
2015-03-02,240.939
2015-03-03,237.177
2015-03-04,246.347
2015-03-05,250.58
2015-03-06,253.258
2015-03-09,268.955
2015-03-10,286.812
2015-03-11,289.724
2015-03-12,289.352
2015-03-13,302.382
2015-03-16,306.352
2015-03-17,304.898
2015-03-18,295.316
2015-03-19,303.498
2015-03-20,295.628
2015-03-23,286.78
2015-03-24,281.633
2015-03-25,286.414
2015-03-26,287.068
2015-03-27,287.979
2015-03-30,285.479
2015-03-31,282.705
2015-04-01,272.695
2015-04-02,265.408
2015-04-03,264.558
2015-04-06,259.882
2015-04-07,256.398
2015-04-08,239.224
2015-04-09,237.128
2015-04-10,247.176
2015-04-13,249.539
2015-04-14,236.831
2015-04-15,233.013
2015-04-16,237.671
2015-04-17,242.863
2015-04-20,236.521
2015-04-21,232.964
2015-04-22,229.317
2015-04-23,222.234
2015-04-24,222.781
2015-04-27,225.03
2015-04-28,226.645
2015-04-29,228.8
2015-04-30,234.341
2015-05-01,240.032
2015-05-04,241.447
2015-05-05,236.597
2015-05-06,233.998
2015-05-07,235.434
2015-05-08,226.103
2015-05-11,231.422
2015-05-12,233.298
2015-05-13,234.514
2015-05-14,230.304
2015-05-15,230.36
2015-05-18,225.32
2015-05-19,227.167
2015-05-20,225.004
2015-05-21,221.911
2015-05-22,222.286
2015-05-25,221.947
2015-05-26,230.938
2015-05-27,230.186
2015-05-28,232.736
2015-05-29,235.496
2015-06-01,238.213
2015-06-02,234.527
2015-06-03,235.942
2015-06-04,240.257
2015-06-05,246.983
2015-06-08,247.975
2015-06-09,244.75
2015-06-10,246.755
2015-06-11,243.531
2015-06-12,243.864
2015-06-15,247.238
2015-06-16,247.446
2015-06-17,241.641
2015-06-18,235.62
2015-06-19,240.84
2015-06-22,248.987
2015-06-23,248.484
2015-06-24,253.067
2015-06-25,255.55
2015-06-26,256.373
2015-06-29,263.753
2015-06-30,259.89
2015-07-01,259.375
2015-07-02,254.558
2015-07-03,253.858
2015-07-06,259.746
2015-07-07,263.165
2015-07-08,265.292
2015-07-09,263.741
2015-07-10,256.754
2015-07-13,253.318
2015-07-14,254.128
2015-07-15,260.545
2015-07-16,258.464
2015-07-17,264.47
2015-07-20,271.393
2015-07-21,267.027
2015-07-22,271.245
2015-07-23,284.489
2015-07-24,293.555
2015-07-27,299.177
2015-07-28,291.111
2015-07-29,284.407
2015-07-30,287.139
2015-07-31,292.665
2015-08-03,299.458
2015-08-04,302.734
2015-08-05,304.198
2015-08-06,321.587
2015-08-07,326.263
2015-08-10,318.6
2015-08-11,310.429
2015-08-12,304.959
2015-08-13,307.282
2015-08-14,305.043
2015-08-17,304.417
2015-08-18,309.019
2015-08-19,314.148
2015-08-20,320.233
2015-08-21,329.715
2015-08-24,351.5
2015-08-25,348.773
2015-08-26,346.29
2015-08-27,328.141
2015-08-28,331.232
2015-08-31,350.772
2015-09-01,365.559
2015-09-02,376.212
2015-09-03,369.782
2015-09-04,379.014
2015-09-07,381.731
2015-09-08,374.812
2015-09-09,372.117
2015-09-10,386.499
2015-09-11,395.287
2015-09-14,389.251
2015-09-15,381.933
2015-09-16,376.829
2015-09-17,377.727
2015-09-18,390.473
2015-09-21,415.1
2015-09-22,459.484
2015-09-23,475.906
2015-09-24,475.186
2015-09-25,487.606
2015-09-28,533.323
2015-09-29,518.968
2015-09-30,480.027
2015-10-01,464.686
2015-10-02,447.16
2015-10-05,412.261
2015-10-06,407.012
2015-10-07,429.502
2015-10-08,416.324
2015-10-09,410.773
2015-10-12,415.846
2015-10-13,442.11
2015-10-14,447.825
2015-10-15,431.331
2015-10-16,441.234
2015-10-19,454.494
2015-10-20,473.612
2015-10-21,475.221
2015-10-22,463.378
2015-10-23,455.098
2015-10-26,451.723
2015-10-27,444.965
2015-10-28,446.705
2015-10-29,443.826
2015-10-30,440.514
2015-11-02,425.887
2015-11-03,403.393
2015-11-04,392.0
2015-11-05,399.425
2015-11-06,405.218
2015-11-09,422.548
2015-11-10,414.517
2015-11-11,407.918
2015-11-12,425.158
2015-11-13,434.07
2015-11-16,427.919
2015-11-17,423.457
2015-11-18,409.766
2015-11-19,398.428
2015-11-20,396.367
2015-11-23,401.989
2015-11-24,399.667
2015-11-25,423.523
2015-11-26,426.274
2015-11-27,427.061
2015-11-30,444.133
2015-12-01,445.493
2015-12-02,448.396
2015-12-03,450.203
2015-12-04,445.778
2015-12-07,452.814
2015-12-08,459.034
2015-12-09,453.505
2015-12-10,466.621
2015-12-11,479.134
2015-12-14,471.073
2015-12-15,456.56
2015-12-16,470.163
2015-12-17,476.851
2015-12-18,488.966
2015-12-21,503.184
2015-12-22,507.16
2015-12-23,494.147
2015-12-24,489.559
2015-12-25,488.036
2015-12-28,494.73
2015-12-29,491.615
2015-12-30,492.175
2015-12-31,494.939
2016-01-01,493.341
2016-01-04,501.842
2016-01-05,485.343
2016-01-06,481.048
2016-01-07,484.008
2016-01-08,487.632
2016-01-11,487.009
2016-01-12,485.582
2016-01-13,492.915
2016-01-14,486.702
2016-01-15,496.427
2016-01-18,505.913
2016-01-19,494.56
2016-01-20,497.306
2016-01-21,495.064
2016-01-22,483.468
2016-01-25,491.853
2016-01-26,480.005
2016-01-27,475.464
2016-01-28,471.918
2016-01-29,473.447
2016-02-01,473.196
2016-02-02,484.173
2016-02-03,475.748
2016-02-04,468.247
2016-02-05,468.127
2016-02-08,481.629
2016-02-09,480.819
2016-02-10,485.256
2016-02-11,500.505
2016-02-12,494.842
2016-02-15,496.676
2016-02-16,490.866
2016-02-17,479.366
2016-02-18,480.487
2016-02-19,474.139
2016-02-22,462.435
2016-02-23,463.78
2016-02-24,451.565
2016-02-25,451.276
2016-02-26,455.749
2016-02-29,459.649
2016-03-01,450.155
2016-03-02,448.038
2016-03-03,432.727
2016-03-04,415.745
2016-03-07,409.08
2016-03-08,416.076
2016-03-09,402.459
2016-03-10,395.146
2016-03-11,391.435
2016-03-14,390.982
2016-03-15,423.56
2016-03-16,419.649
2016-03-17,385.152
2016-03-18,366.041
2016-03-21,370.573
2016-03-22,366.332
2016-03-23,387.498
2016-03-24,392.981
2016-03-25,394.785
2016-03-28,386.583
2016-03-29,372.109
2016-03-30,358.939
2016-03-31,365.743
2016-04-01,363.94
2016-04-04,373.515
2016-04-05,385.826
2016-04-06,385.577
2016-04-07,396.684
2016-04-08,390.074
2016-04-11,377.844
2016-04-12,360.754
2016-04-13,343.867
2016-04-14,337.435
2016-04-15,342.033
2016-04-18,341.939
2016-04-19,338.317
2016-04-20,336.076
2016-04-21,350.311
2016-04-22,358.902
2016-04-25,360.78
2016-04-26,348.132
2016-04-27,337.112
2016-04-28,338.967
2016-04-29,339.756
2016-05-02,337.372
2016-05-03,344.945
2016-05-04,344.543
2016-05-05,346.711
2016-05-06,341.449
2016-05-09,347.73
2016-05-10,337.234
2016-05-11,327.15
2016-05-12,326.596
2016-05-13,328.782
2016-05-16,328.225
2016-05-17,332.565
2016-05-18,342.753
2016-05-19,349.634
2016-05-20,345.831
2016-05-23,356.688
2016-05-24,355.806
2016-05-25,351.519
2016-05-26,349.843
2016-05-27,350.483
2016-05-30,350.876
2016-05-31,362.953
2016-06-01,360.875
2016-06-02,352.874
2016-06-03,341.393
2016-06-06,330.516
2016-06-07,328.187
2016-06-08,326.253
2016-06-09,334.008
2016-06-10,342.781
2016-06-13,353.497
2016-06-14,358.81
2016-06-15,354.86
2016-06-16,350.751
2016-06-17,340.998
2016-06-20,332.511
2016-06-21,328.691
2016-06-22,328.176
2016-06-23,320.889
2016-06-24,341.729
2016-06-27,347.114
2016-06-28,333.877
2016-06-29,320.125
2016-06-30,316.972
2016-07-01,314.186
2016-07-04,313.059
2016-07-05,320.459
2016-07-06,319.062
2016-07-07,322.27
2016-07-08,309.341
2016-07-11,305.775
2016-07-12,295.39
2016-07-13,293.693
2016-07-14,292.887
2016-07-15,294.546
2016-07-18,291.125
2016-07-19,289.402
2016-07-20,287.218
2016-07-21,288.812
2016-07-22,286.644
2016-07-25,291.704
2016-07-26,293.817
2016-07-27,292.642
2016-07-28,295.198
2016-07-29,291.178
2016-08-01,292.925
2016-08-02,292.478
2016-08-03,285.503
2016-08-04,279.214
2016-08-05,273.189
2016-08-08,271.005
2016-08-09,265.39
2016-08-10,262.056
2016-08-11,258.315
2016-08-12,257.564
2016-08-15,253.432
2016-08-16,253.56
2016-08-17,253.196
2016-08-18,251.757
2016-08-19,252.653
2016-08-22,254.468
2016-08-23,255.374
2016-08-24,257.972
2016-08-25,261.088
2016-08-26,260.993
2016-08-29,257.732
2016-08-30,258.509
2016-08-31,259.599
2016-09-01,260.562
2016-09-02,258.239
2016-09-05,256.851
2016-09-06,251.373
2016-09-07,244.992
2016-09-08,245.494
2016-09-09,255.1
2016-09-12,253.722
2016-09-13,269.445
2016-09-14,276.928
2016-09-15,271.927
2016-09-16,273.788
2016-09-19,267.128
2016-09-20,282.488
2016-09-21,272.101
2016-09-22,267.252
2016-09-23,273.219
2016-09-26,279.17
2016-09-27,273.256
2016-09-28,267.648
2016-09-29,275.813
2016-09-30,273.004
2016-10-03,267.613
2016-10-04,275.864
2016-10-05,274.869
2016-10-06,271.58
2016-10-07,270.908
2016-10-10,270.997
2016-10-11,269.952
2016-10-12,265.667
2016-10-13,263.332
2016-10-14,267.459
2016-10-17,270.099
2016-10-18,266.504
2016-10-19,262.877
2016-10-20,264.13
2016-10-21,260.833
2016-10-24,262.778
2016-10-25,265.57
2016-10-26,269.25
2016-10-27,274.661
2016-10-28,276.378
2016-10-31,273.96
2016-11-01,280.444
2016-11-02,287.635
2016-11-03,288.306
2016-11-04,285.721
2016-11-07,269.86
2016-11-08,263.66
2016-11-09,274.212
2016-11-10,304.228
2016-11-11,301.756
2016-11-14,321.763
2016-11-15,299.208
2016-11-16,304.427
2016-11-17,310.184
2016-11-18,311.926
2016-11-21,309.279
2016-11-22,302.848
2016-11-23,306.144
2016-11-24,306.968
2016-11-25,306.688
2016-11-28,302.296
2016-11-29,300.326
2016-11-30,297.312
2016-12-01,312.431
2016-12-02,316.5
2016-12-05,310.011
2016-12-06,302.294
2016-12-07,296.76
2016-12-08,295.216
2016-12-09,295.59
2016-12-12,291.071
2016-12-13,291.713
2016-12-14,296.375
2016-12-15,294.939
2016-12-16,293.143
2016-12-19,290.318
2016-12-20,284.194
2016-12-21,282.691
2016-12-22,283.103
2016-12-23,282.836
2016-12-26,281.975
2016-12-27,281.818
2016-12-28,280.83
2016-12-29,280.484
2016-12-30,280.758
2017-01-02,280.603
2017-01-03,277.898
2017-01-04,266.029
2017-01-05,258.23
2017-01-06,259.254
2017-01-09,259.567
2017-01-10,262.028
2017-01-11,255.835
2017-01-12,255.611
2017-01-13,252.449
2017-01-16,252.013
2017-01-17,250.425
2017-01-18,254.607
2017-01-19,256.188
2017-01-20,254.559
2017-01-23,252.42
2017-01-24,253.251
2017-01-25,252.066
2017-01-26,253.07
2017-01-27,246.014
2017-01-30,249.376
2017-01-31,250.938
2017-02-01,246.057
2017-02-02,243.397
2017-02-03,239.28
2017-02-06,238.136
2017-02-07,241.427
2017-02-08,237.626
2017-02-09,234.151
2017-02-10,227.985
2017-02-13,217.133
2017-02-14,217.704
2017-02-15,221.314
2017-02-16,228.015
2017-02-17,231.216
2017-02-20,231.39
2017-02-21,225.414
2017-02-22,224.305
2017-02-23,220.102
2017-02-24,222.168
2017-02-27,220.954
2017-02-28,223.737
2017-03-01,215.61
2017-03-02,223.606
2017-03-03,218.381
2017-03-06,217.077
2017-03-07,221.173
2017-03-08,234.346
2017-03-09,236.118
2017-03-10,232.906
2017-03-13,233.139
2017-03-14,233.925
2017-03-15,218.944
2017-03-16,216.752
2017-03-17,212.983
2017-03-20,229.748
2017-03-21,236.814
2017-03-22,239.2
2017-03-23,241.154
2017-03-24,236.849
2017-03-27,236.66
2017-03-28,233.739
2017-03-29,228.992
2017-03-30,228.156
2017-03-31,226.435
2017-04-03,225.185
2017-04-04,223.507
2017-04-05,223.921
2017-04-06,224.81
2017-04-07,225.193
2017-04-10,221.527
2017-04-11,223.889
2017-04-12,225.929
2017-04-13,225.891
2017-04-14,225.875
2017-04-17,225.406
2017-04-18,226.762
2017-04-19,227.862
2017-04-20,226.981
2017-04-21,224.017
2017-04-24,217.728
2017-04-25,217.705
2017-04-26,222.102
2017-04-27,220.026
2017-04-28,217.696
2017-05-01,217.177
2017-05-02,213.284
2017-05-03,210.272
2017-05-04,215.742
2017-05-05,213.196
2017-05-08,214.868
2017-05-09,213.798
2017-05-10,207.887
2017-05-11,205.045
2017-05-12,202.911
2017-05-15,198.899
2017-05-16,196.869
2017-05-17,206.091
2017-05-18,265.743
2017-05-19,247.021
2017-05-22,248.591
2017-05-23,240.933
2017-05-24,236.652
2017-05-25,240.789
2017-05-26,238.667
2017-05-29,238.135
2017-05-30,237.23
2017-05-31,235.895
2017-06-01,237.177
2017-06-02,237.176
2017-06-05,237.968
2017-06-06,237.314
2017-06-07,239.104
2017-06-08,236.885
2017-06-09,237.115
2017-06-12,237.315
2017-06-13,235.726
2017-06-14,230.225
2017-06-15,235.832
2017-06-16,238.558
2017-06-19,237.704
2017-06-20,240.985
2017-06-21,246.231
2017-06-22,242.799
2017-06-23,240.646
2017-06-26,237.457
2017-06-27,240.741
2017-06-28,238.951
2017-06-29,242.06
2017-06-30,242.382
2017-07-03,241.417
2017-07-04,241.566
2017-07-05,242.325
2017-07-06,244.782
2017-07-07,242.363
2017-07-10,238.217
2017-07-11,235.787
2017-07-12,229.125
2017-07-13,227.814
2017-07-14,223.824
2017-07-17,222.426
2017-07-18,221.429
2017-07-19,216.297
2017-07-20,211.262
2017-07-21,211.238
2017-07-24,213.449
2017-07-25,216.599
2017-07-26,214.064
2017-07-27,214.81
2017-07-28,214.117
2017-07-31,209.899
2017-08-01,207.367
2017-08-02,204.196
2017-08-03,201.027
2017-08-04,199.368
2017-08-07,195.094
2017-08-08,197.187
2017-08-09,199.569
2017-08-10,206.86
2017-08-11,205.036
2017-08-14,204.526
2017-08-15,201.214
2017-08-16,199.344
2017-08-17,206.836
2017-08-18,203.235
2017-08-21,202.995
2017-08-22,203.146
2017-08-23,199.668
2017-08-24,197.694
2017-08-25,197.131
2017-08-28,199.889
2017-08-29,200.385
2017-08-30,197.904
2017-08-31,195.801
2017-09-01,192.782
2017-09-04,191.247
2017-09-05,188.768
2017-09-06,186.015
2017-09-07,182.402
2017-09-08,181.477
2017-09-11,180.62
2017-09-12,183.338
2017-09-13,181.612
2017-09-14,181.768
2017-09-15,178.991
2017-09-18,178.028
2017-09-19,180.069
2017-09-20,202.068
2017-09-21,203.552
2017-09-22,201.322
2017-09-25,205.233
2017-09-26,203.969
2017-09-27,203.51
2017-09-28,199.809
2017-09-29,195.954
2017-10-02,192.988
2017-10-03,188.335
2017-10-04,186.114
2017-10-05,184.89
2017-10-06,185.647
2017-10-09,186.455
2017-10-10,186.735
2017-10-11,184.451
2017-10-12,183.019
2017-10-13,181.364
2017-10-16,180.838
2017-10-17,177.539
2017-10-18,175.127
2017-10-19,171.125
2017-10-20,170.152
2017-10-23,171.135
2017-10-24,171.642
2017-10-25,172.795
2017-10-26,177.151
2017-10-27,173.852
2017-10-30,172.871
2017-10-31,171.769
2017-11-01,171.283
2017-11-02,170.048
2017-11-03,173.211
2017-11-06,171.229
2017-11-07,177.744
2017-11-08,176.261
2017-11-09,177.192
2017-11-10,179.547
2017-11-13,180.082
2017-11-14,181.718
2017-11-15,183.556
2017-11-16,179.787
2017-11-17,177.668
2017-11-20,176.362
2017-11-21,174.085
2017-11-22,173.502
2017-11-23,172.112
2017-11-24,170.833
2017-11-27,167.291
2017-11-28,165.608
2017-11-29,169.436
2017-11-30,170.788
2017-12-01,170.482
2017-12-04,167.095
2017-12-05,162.182
2017-12-06,162.78
2017-12-07,165.942
2017-12-08,167.173
2017-12-11,167.641
2017-12-12,166.091
2017-12-13,165.211
2017-12-14,167.309
2017-12-15,166.355
2017-12-18,164.701
2017-12-19,164.021
2017-12-20,163.604
2017-12-21,164.697
2017-12-22,164.338
2017-12-25,163.879
2017-12-26,163.401
2017-12-27,163.013
2017-12-28,162.629
2017-12-29,161.966
2018-01-01,161.925
2018-01-02,156.389
2018-01-03,152.744
2018-01-04,148.613
2018-01-05,146.99
2018-01-08,145.977
2018-01-09,146.364
2018-01-10,147.236
2018-01-11,146.432
2018-01-12,145.627
2018-01-15,145.214
2018-01-16,145.499
2018-01-17,145.77
2018-01-18,146.428
2018-01-19,148.914
2018-01-22,149.394
2018-01-23,154.072
2018-01-24,146.217
2018-01-25,144.079
2018-01-26,142.625
2018-01-29,144.939
2018-01-30,145.718
2018-01-31,144.488
2018-02-01,144.772
2018-02-02,150.461
2018-02-05,157.285
2018-02-06,153.648
2018-02-07,151.859
2018-02-08,164.798
2018-02-09,171.605
2018-02-12,170.763
2018-02-13,170.152
2018-02-14,164.229
2018-02-15,154.113
2018-02-16,153.251
2018-02-19,152.177
2018-02-20,156.407
2018-02-21,158.271
2018-02-22,157.458
2018-02-23,154.747
2018-02-26,150.022
2018-02-27,153.556
2018-02-28,156.329
2018-03-01,159.351
2018-03-02,157.535
2018-03-05,152.995
2018-03-06,150.213
2018-03-07,152.019
2018-03-08,152.024
2018-03-09,146.723
2018-03-12,144.279
2018-03-13,144.796
2018-03-14,144.505
2018-03-15,145.852
2018-03-16,146.982
2018-03-19,150.505
2018-03-20,161.07
2018-03-21,160.465
2018-03-22,166.122
2018-03-23,171.491
2018-03-26,167.541
2018-03-27,168.496
2018-03-28,167.806
2018-03-29,164.72
2018-03-30,164.2
2018-04-02,165.67
2018-04-03,165.389
2018-04-04,165.768
2018-04-05,163.228
2018-04-06,166.882
2018-04-09,169.511
2018-04-10,168.518
2018-04-11,166.336
2018-04-12,166.454
2018-04-13,167.856
2018-04-16,168.563
2018-04-17,167.302
2018-04-18,165.781
2018-04-19,166.67
2018-04-20,169.377
2018-04-23,169.925
2018-04-24,171.164
2018-04-25,172.093
2018-04-26,171.41
2018-04-27,169.482
2018-04-30,173.778
2018-05-01,176.672
2018-05-02,181.698
2018-05-03,190.077
2018-05-04,185.415
2018-05-07,190.19
2018-05-08,198.653
2018-05-09,196.202
2018-05-10,184.743
2018-05-11,184.897
2018-05-14,185.592
2018-05-15,188.189
2018-05-16,188.657
2018-05-17,194.248
2018-05-18,202.745
2018-05-21,196.738
2018-05-22,192.769
2018-05-23,188.933
2018-05-24,190.541
2018-05-25,192.574
2018-05-28,192.964
2018-05-29,210.808
2018-05-30,217.218
2018-05-31,226.515
2018-06-01,235.215
2018-06-04,231.567
2018-06-05,236.424
2018-06-06,245.038
2018-06-07,254.195
2018-06-08,251.23
2018-06-11,253.881
2018-06-12,264.72
2018-06-13,263.937
2018-06-14,270.737
2018-06-15,272.062
2018-06-18,278.035
2018-06-19,273.313
2018-06-20,270.613
2018-06-21,268.339
2018-06-22,265.09
2018-06-25,264.603
2018-06-26,262.995
2018-06-27,267.732
2018-06-28,267.062
2018-06-29,270.18
2018-07-02,274.805
2018-07-03,267.972
2018-07-04,265.503
2018-07-05,262.133
2018-07-06,254.529
2018-07-09,248.666
2018-07-10,243.433
2018-07-11,252.594
2018-07-12,249.744
2018-07-13,243.764
2018-07-16,244.946
2018-07-17,244.696
2018-07-18,243.798
2018-07-19,238.315
2018-07-20,230.553
2018-07-23,225.055
2018-07-24,224.103
2018-07-25,215.168
2018-07-26,213.8
2018-07-27,211.726
2018-07-30,211.826
2018-07-31,214.39
2018-08-01,215.529
2018-08-02,216.641
2018-08-03,212.909
2018-08-06,212.725
2018-08-07,216.811
2018-08-08,218.604
2018-08-09,225.457
2018-08-10,236.997
2018-08-13,252.003
2018-08-14,239.521
2018-08-15,239.917
2018-08-16,237.135
2018-08-17,240.921
2018-08-20,243.787
2018-08-21,255.596
2018-08-22,264.341
2018-08-23,279.107
2018-08-24,286.343
2018-08-27,285.748
2018-08-28,290.9
2018-08-29,292.431
2018-08-30,301.2
2018-08-31,302.035
2018-09-03,305.526
2018-09-04,309.737
2018-09-05,297.001
2018-09-06,281.571
2018-09-07,280.395
2018-09-10,280.686
2018-09-11,288.161
2018-09-12,286.085
2018-09-13,284.419
2018-09-14,284.891
2018-09-17,282.262
2018-09-18,280.875
2018-09-19,279.33
2018-09-20,275.533
2018-09-21,265.682
2018-09-24,268.399
2018-09-25,268.095
2018-09-26,262.422
2018-09-27,258.997
2018-09-28,262.965
2018-10-01,266.499
2018-10-02,256.003
2018-10-03,245.86
2018-10-04,247.469
2018-10-05,245.635
2018-10-08,229.615
2018-10-09,226.318
2018-10-10,232.846
2018-10-11,229.67
2018-10-12,225.035
2018-10-15,223.595
2018-10-16,215.167
2018-10-17,212.57
2018-10-18,219.499
2018-10-19,215.949
2018-10-22,211.77
2018-10-23,210.765
2018-10-24,216.534
2018-10-25,212.307
2018-10-26,207.0
2018-10-29,210.415
2018-10-30,205.269
2018-10-31,204.305
2018-11-01,201.208
2018-11-02,197.759
2018-11-05,196.065
2018-11-06,196.072
2018-11-07,195.037
2018-11-08,199.771
2018-11-09,200.646
2018-11-12,201.643
2018-11-13,205.38
2018-11-14,206.99
2018-11-15,206.868
2018-11-16,204.937
2018-11-19,207.54
2018-11-20,213.405
2018-11-21,213.802
2018-11-22,212.496
2018-11-23,217.122
2018-11-26,220.945
2018-11-27,222.342
2018-11-28,213.24
2018-11-29,210.166
2018-11-30,210.366
2018-12-03,207.632
2018-12-04,209.999
2018-12-05,211.327
2018-12-06,211.555
2018-12-07,208.505
2018-12-10,208.51
2018-12-11,207.894
2018-12-12,203.308
2018-12-13,199.75
2018-12-14,198.665
2018-12-17,198.401
2018-12-18,200.737
2018-12-19,205.91
2018-12-20,208.427
2018-12-21,210.281
2018-12-24,214.514
2018-12-25,214.468
2018-12-26,213.722
2018-12-27,213.159
2018-12-28,210.568
2018-12-31,207.515
2019-01-01,207.992
2019-01-02,205.732
2019-01-03,203.231
2019-01-04,193.418
2019-01-07,186.235
2019-01-08,184.905
2019-01-09,181.598
2019-01-10,183.166
2019-01-11,184.416
2019-01-14,184.399
2019-01-15,183.465
2019-01-16,182.578
2019-01-17,179.968
2019-01-18,173.812
2019-01-21,172.06
2019-01-22,177.107
2019-01-23,173.032
2019-01-24,172.4
2019-01-25,171.831
2019-01-28,173.034
2019-01-29,172.145
2019-01-30,169.733
2019-01-31,166.266
2019-02-01,166.27
2019-02-04,164.734
2019-02-05,163.306
2019-02-06,165.667
2019-02-07,169.323
2019-02-08,173.105
2019-02-11,174.022
2019-02-12,170.447
2019-02-13,172.088
2019-02-14,167.94
2019-02-15,163.016
2019-02-18,162.37
2019-02-19,163.185
2019-02-20,165.111
2019-02-21,165.294
2019-02-22,164.868
2019-02-25,161.403
2019-02-26,157.832
2019-02-27,154.727
2019-02-28,156.223
2019-03-01,157.729
2019-03-04,159.429
2019-03-05,161.951
2019-03-06,163.566
2019-03-07,165.297
2019-03-08,164.136
2019-03-11,157.1
2019-03-12,156.893
2019-03-13,155.175
2019-03-14,155.822
2019-03-15,155.943
2019-03-18,153.005
2019-03-19,150.35
2019-03-20,160.194
2019-03-21,163.269
2019-03-22,177.922
2019-03-25,176.521
2019-03-26,174.277
2019-03-27,183.57
2019-03-28,185.217
2019-03-29,179.661
2019-04-01,171.951
2019-04-02,170.865
2019-04-03,171.251
2019-04-04,172.778
2019-04-05,171.449
2019-04-08,170.702
2019-04-09,170.613
2019-04-10,169.009
2019-04-11,170.304
2019-04-12,169.748
2019-04-15,169.164
2019-04-16,168.253
2019-04-17,171.468
2019-04-18,171.856
2019-04-19,171.943
2019-04-22,170.916
2019-04-23,169.197
2019-04-24,175.676
2019-04-25,176.758
2019-04-26,175.725
2019-04-29,173.524
2019-04-30,172.51
2019-05-01,173.324
2019-05-02,174.348
2019-05-03,171.679
2019-05-06,172.168
2019-05-07,175.823
2019-05-08,173.302
2019-05-09,173.548
2019-05-10,173.047
2019-05-13,176.475
2019-05-14,175.487
2019-05-15,176.619
2019-05-16,181.412
2019-05-17,184.7
2019-05-20,183.153
2019-05-21,178.113
2019-05-22,178.599
2019-05-23,180.559
2019-05-24,180.426
2019-05-27,180.326
2019-05-28,180.746
2019-05-29,179.168
2019-05-30,180.301
2019-05-31,181.328
2019-06-03,178.585
2019-06-04,174.565
2019-06-05,174.737
2019-06-06,174.194
2019-06-07,171.174
2019-06-10,169.56
2019-06-11,166.629
2019-06-12,166.451
2019-06-13,164.881
2019-06-14,164.289
2019-06-17,164.951
2019-06-18,160.141
2019-06-19,154.523
2019-06-20,150.724
2019-06-21,150.188
2019-06-24,151.297
2019-06-25,152.91
2019-06-26,152.202
2019-06-27,150.678
2019-06-28,150.404
2019-07-01,147.866
2019-07-02,147.093
2019-07-03,146.344
2019-07-04,146.402
2019-07-05,145.993
2019-07-08,143.969
2019-07-09,139.055
2019-07-10,132.66
2019-07-11,130.839
2019-07-12,129.282
2019-07-15,128.123
2019-07-16,128.532
2019-07-17,129.732
2019-07-18,129.523
2019-07-19,128.852
2019-07-22,128.293
2019-07-23,127.522
2019-07-24,126.172
2019-07-25,125.523
2019-07-26,125.454
2019-07-29,125.131
2019-07-30,126.437
2019-07-31,127.2
2019-08-01,130.422
2019-08-02,131.638
2019-08-05,140.13
2019-08-06,139.335
2019-08-07,137.762
2019-08-08,131.984
2019-08-09,132.375
2019-08-12,134.907
2019-08-13,134.144
2019-08-14,139.578
2019-08-15,140.927
2019-08-16,139.008
2019-08-19,138.432
2019-08-20,139.076
2019-08-21,136.644
2019-08-22,135.861
2019-08-23,138.742
2019-08-26,140.857
2019-08-27,141.213
2019-08-28,140.284
2019-08-29,138.085
2019-08-30,135.549
2019-09-02,134.158
2019-09-03,132.164
2019-09-04,128.823
2019-09-05,125.772
2019-09-06,123.604
2019-09-09,123.405
2019-09-10,123.672
2019-09-11,124.411
2019-09-12,120.606
2019-09-13,120.155
2019-09-16,120.941
2019-09-17,119.904
2019-09-18,120.007
2019-09-19,118.292
2019-09-20,130.56
2019-09-23,131.904
2019-09-24,136.158
2019-09-25,135.755
2019-09-26,136.959
2019-09-27,138.286
2019-09-30,136.542
2019-10-01,138.176
2019-10-02,139.742
2019-10-03,138.998
2019-10-04,138.169
2019-10-07,140.037
2019-10-08,142.922
2019-10-09,141.452
2019-10-10,137.998
2019-10-11,134.253
2019-10-14,133.407
2019-10-15,132.741
2019-10-16,131.688
2019-10-17,130.751
2019-10-18,130.0
2019-10-21,129.317
2019-10-22,127.254
2019-10-23,125.504
2019-10-24,123.052
2019-10-25,119.406
2019-10-28,118.049
2019-10-29,117.169
2019-10-30,117.879
2019-10-31,120.43
2019-11-01,118.424
2019-11-04,115.644
2019-11-05,115.863
2019-11-06,118.804
2019-11-07,116.489
2019-11-08,116.184
2019-11-11,117.703
2019-11-12,119.371
2019-11-13,120.902
2019-11-14,122.391
2019-11-15,121.975
2019-11-18,124.548
2019-11-19,126.091
2019-11-20,128.485
2019-11-21,127.097
2019-11-22,125.436
2019-11-25,124.402
2019-11-26,123.927
2019-11-27,124.628
2019-11-28,125.117
2019-11-29,124.731
2019-12-02,125.305
2019-12-03,125.347
2019-12-04,124.279
2019-12-05,120.595
2019-12-06,117.979
2019-12-09,116.559
2019-12-10,114.389
2019-12-11,109.849
2019-12-12,102.97
2019-12-13,101.102
2019-12-16,98.644
2019-12-17,97.37
2019-12-18,98.806
2019-12-19,101.601
2019-12-20,103.204
2019-12-23,102.915
2019-12-24,103.118
2019-12-25,103.283
2019-12-26,102.739
2019-12-27,100.667
2019-12-30,99.921
2019-12-31,99.45
2020-01-01,98.934
2020-01-02,96.963
2020-01-03,98.483
2020-01-06,98.625
2020-01-07,99.301
2020-01-08,97.447
2020-01-09,97.76
2020-01-10,98.55
2020-01-13,99.51
2020-01-14,101.062
2020-01-15,100.598
2020-01-16,98.037
2020-01-17,97.319
2020-01-20,97.737
2020-01-21,98.194
2020-01-22,98.146
2020-01-23,98.978
2020-01-24,100.987
2020-01-27,105.644
2020-01-28,100.946
2020-01-29,97.374
2020-01-30,98.232
2020-01-31,102.653
2020-02-03,103.548
2020-02-04,99.394
2020-02-05,96.627
2020-02-06,96.846
2020-02-07,99.228
2020-02-10,100.273
2020-02-11,99.059
2020-02-12,97.329
2020-02-13,96.348
2020-02-14,94.679
2020-02-17,93.72
2020-02-18,92.614
2020-02-19,92.349
2020-02-20,92.51
2020-02-21,92.915
2020-02-24,98.691
2020-02-25,104.757
2020-02-26,109.378
2020-02-27,119.823
2020-02-28,131.975
2020-03-02,127.335
2020-03-03,120.732
2020-03-04,112.861
2020-03-05,129.122
2020-03-06,142.969
2020-03-09,186.267
2020-03-10,179.905
2020-03-11,217.623
2020-03-12,309.403
2020-03-13,262.569
2020-03-16,325.422
2020-03-17,308.703
2020-03-18,382.724
2020-03-19,335.369
2020-03-20,345.152
2020-03-23,358.964
2020-03-24,306.263
2020-03-25,224.564
2020-03-26,229.347
2020-03-27,263.404
2020-03-30,274.525
2020-03-31,275.95
2020-04-01,337.941
2020-04-02,335.837
2020-04-03,353.395
2020-04-06,345.218
2020-04-07,318.279
2020-04-08,295.967
2020-04-09,267.666
2020-04-10,265.943
2020-04-13,264.194
2020-04-14,265.052
2020-04-15,292.538
2020-04-16,295.251
2020-04-17,290.538
2020-04-20,294.613
2020-04-21,315.494
2020-04-22,322.291
2020-04-23,329.895
2020-04-24,368.467
2020-04-27,372.04
2020-04-28,356.377
2020-04-29,325.555
2020-04-30,308.18
2020-05-01,316.643
2020-05-04,320.689
2020-05-05,317.219
2020-05-06,329.235
2020-05-07,327.827
2020-05-08,319.477
2020-05-11,314.116
2020-05-12,325.601
2020-05-13,345.521
2020-05-14,346.27
2020-05-15,348.054
2020-05-18,331.732
2020-05-19,331.058
2020-05-20,316.216
2020-05-21,301.773
2020-05-22,307.196
2020-05-25,309.646
2020-05-26,274.233
2020-05-27,269.816
2020-05-28,275.871
2020-05-29,283.94
2020-06-01,276.292
2020-06-02,245.353
2020-06-03,227.449
2020-06-04,227.864
2020-06-05,209.384
2020-06-08,207.139
2020-06-09,217.801
2020-06-10,223.215
2020-06-11,275.588
2020-06-12,266.778
2020-06-15,260.951
2020-06-16,250.413
2020-06-17,257.348
2020-06-18,264.741
2020-06-19,263.393
2020-06-22,261.464
2020-06-23,252.536
2020-06-24,260.927
2020-06-25,260.398
2020-06-26,267.127
2020-06-29,264.6
2020-06-30,256.514
2020-07-01,245.131
2020-07-02,231.263
2020-07-03,227.459
2020-07-06,226.006
2020-07-07,231.809
2020-07-08,234.518
2020-07-09,237.406
2020-07-10,238.398
2020-07-13,240.106
2020-07-14,241.79
2020-07-15,239.663
2020-07-16,240.072
2020-07-17,233.412
2020-07-20,224.893
2020-07-21,213.166
2020-07-22,205.819
2020-07-23,221.651
2020-07-24,227.858
2020-07-27,222.934
2020-07-28,223.623
2020-07-29,220.524
2020-07-30,219.854
2020-07-31,217.806
2020-08-03,216.642
2020-08-04,221.336
2020-08-05,219.156
2020-08-06,215.703
2020-08-07,216.759
2020-08-10,213.413
2020-08-11,209.888
2020-08-12,214.694
2020-08-13,221.22
2020-08-14,228.314
2020-08-17,230.502
2020-08-18,226.401
2020-08-19,227.429
2020-08-20,228.577
2020-08-21,225.716
2020-08-24,218.463
2020-08-25,215.167
2020-08-26,223.336
2020-08-27,223.679
2020-08-28,216.036
2020-08-31,214.94
2020-09-01,204.203
2020-09-02,196.017
2020-09-03,202.697
2020-09-04,206.647
2020-09-07,207.239
2020-09-08,212.48
2020-09-09,207.627
2020-09-10,205.358
2020-09-11,203.345
2020-09-14,200.378
2020-09-15,198.258
2020-09-16,197.354
2020-09-17,199.086
2020-09-18,203.995
2020-09-21,229.762
2020-09-22,235.431
2020-09-23,251.525
2020-09-24,253.083
2020-09-25,249.801
2020-09-28,251.427
2020-09-29,254.285
2020-09-30,249.644
2020-10-01,247.262
2020-10-02,247.496
2020-10-05,236.874
2020-10-06,232.212
2020-10-07,227.176
2020-10-08,223.707
2020-10-09,217.364
2020-10-12,214.909
2020-10-13,217.889
2020-10-14,223.413
2020-10-15,224.056
2020-10-16,220.204
2020-10-19,220.207
2020-10-20,217.492
2020-10-21,215.967
2020-10-22,213.527
2020-10-23,212.392
2020-10-26,214.565
2020-10-27,213.414
2020-10-28,219.826
2020-10-29,216.988
2020-10-30,218.162
2020-11-02,218.229
2020-11-03,213.201
2020-11-04,205.312
2020-11-05,195.004
2020-11-06,189.793
2020-11-09,169.192
2020-11-10,169.408
2020-11-11,167.431
2020-11-12,176.659
2020-11-13,181.791
2020-11-16,178.636
2020-11-17,177.401
2020-11-18,175.26
2020-11-19,174.894
2020-11-20,174.647
2020-11-23,172.645
2020-11-24,168.812
2020-11-25,167.685
2020-11-26,169.227
2020-11-27,165.35
2020-11-30,165.927
2020-12-01,157.545
2020-12-02,156.093
2020-12-03,154.496
2020-12-04,152.925
2020-12-07,154.288
2020-12-08,154.864
2020-12-09,156.165
2020-12-10,154.93
2020-12-11,154.509
2020-12-14,152.23
2020-12-15,149.807
2020-12-16,149.703
2020-12-17,147.722
2020-12-18,148.945
2020-12-21,151.226
2020-12-22,150.75
2020-12-23,148.136
2020-12-24,146.066
2020-12-25,145.446
2020-12-28,145.31
2020-12-29,145.014
2020-12-30,143.987
2020-12-31,142.851
2021-01-01,142.422
2021-01-04,143.508
2021-01-05,145.944
2021-01-06,147.923
2021-01-07,151.657
2021-01-08,155.482
2021-01-11,162.131
2021-01-12,161.829
2021-01-13,159.619
2021-01-14,160.638
2021-01-15,168.533
2021-01-18,169.651
2021-01-19,169.703
2021-01-20,167.737
2021-01-21,169.74
2021-01-22,173.327
2021-01-25,177.861
2021-01-26,177.164
2021-01-27,177.643
2021-01-28,172.932
2021-01-29,173.698
2021-02-01,168.239
2021-02-02,159.724
2021-02-03,153.608
2021-02-04,150.011
2021-02-05,149.09
2021-02-08,150.038
2021-02-09,155.565
2021-02-10,156.281
2021-02-11,153.808
2021-02-12,153.624
2021-02-15,153.551
2021-02-16,156.415
2021-02-17,158.097
2021-02-18,159.747
2021-02-19,162.793
2021-02-22,182.933
2021-02-23,176.817
2021-02-24,172.1
2021-02-25,182.616
2021-02-26,190.876
2021-03-01,186.465
2021-03-02,190.573
2021-03-03,193.758
2021-03-04,196.171
2021-03-05,196.492
2021-03-08,215.258
2021-03-09,214.329
2021-03-10,209.677
2021-03-11,199.436
2021-03-12,199.422
2021-03-15,202.244
2021-03-16,201.094
2021-03-17,195.691
2021-03-18,196.587
2021-03-19,192.324
2021-03-22,200.323
2021-03-23,207.148
2021-03-24,212.006
2021-03-25,219.802
2021-03-26,221.981
2021-03-29,227.33
2021-03-30,231.477
2021-03-31,225.452
2021-04-01,225.915
2021-04-02,224.579
2021-04-05,223.988
2021-04-06,220.41
2021-04-07,224.643
2021-04-08,221.23
2021-04-09,221.482
2021-04-12,222.585
2021-04-13,219.439
2021-04-14,217.127
2021-04-15,210.347
2021-04-16,202.264
2021-04-19,197.29
2021-04-20,199.965
2021-04-21,197.885
2021-04-22,194.332
2021-04-23,191.09
2021-04-26,191.038
2021-04-27,193.807
2021-04-28,193.172
2021-04-29,191.846
2021-04-30,192.057
2021-05-03,192.886
2021-05-04,195.036
2021-05-05,191.694
2021-05-06,186.162
2021-05-07,176.353
2021-05-10,172.591
2021-05-11,173.738
2021-05-12,178.937
2021-05-13,178.505
2021-05-14,175.851
2021-05-17,177.388
2021-05-18,179.742
2021-05-19,181.863
2021-05-20,178.802
2021-05-21,179.041
2021-05-24,178.095
2021-05-25,177.899
2021-05-26,176.498
2021-05-27,173.73
2021-05-28,171.887
2021-05-31,171.768
2021-06-01,168.664
2021-06-02,164.366
2021-06-03,166.249
2021-06-04,163.784
2021-06-07,163.443
2021-06-08,162.386
2021-06-09,160.93
2021-06-10,160.3
2021-06-11,159.905
2021-06-14,162.207
2021-06-15,163.205
2021-06-16,164.222
2021-06-17,164.531
2021-06-18,167.482
2021-06-21,166.166
2021-06-22,165.276
2021-06-23,162.974
2021-06-24,160.176
2021-06-25,158.602
2021-06-28,159.158
2021-06-29,160.777
2021-06-30,164.794
2021-07-01,167.005
2021-07-02,165.329
2021-07-05,164.875
2021-07-06,169.37
2021-07-07,170.993
2021-07-08,174.46
2021-07-09,174.424
2021-07-12,174.299
2021-07-13,176.945
2021-07-14,173.14
2021-07-15,175.063
2021-07-16,175.16
2021-07-19,178.768
2021-07-20,176.896
2021-07-21,173.632
2021-07-22,173.954
2021-07-23,173.209
2021-07-26,173.69
2021-07-27,176.058
2021-07-28,176.125
2021-07-29,173.009
2021-07-30,176.594
2021-08-02,177.571
2021-08-03,177.987
2021-08-04,179.58
2021-08-05,181.038
2021-08-06,182.141
2021-08-09,184.512
2021-08-10,184.941
2021-08-11,184.189
2021-08-12,179.992
2021-08-13,179.357
2021-08-16,180.49
2021-08-17,182.586
2021-08-18,186.324
2021-08-19,189.871
2021-08-20,189.969
2021-08-23,188.412
2021-08-24,184.787
2021-08-25,182.28
2021-08-26,182.595
2021-08-27,178.099
2021-08-30,174.374
2021-08-31,176.052
2021-09-01,176.473
2021-09-02,175.527
2021-09-03,175.627
2021-09-06,175.905
2021-09-07,176.397
2021-09-08,179.719
2021-09-09,180.132
2021-09-10,178.414
2021-09-13,178.34
2021-09-14,179.955
2021-09-15,178.497
2021-09-16,179.191
2021-09-17,180.545
2021-09-20,198.755
2021-09-21,196.91
2021-09-22,195.564
2021-09-23,195.139
2021-09-24,199.651
2021-09-27,201.926
2021-09-28,206.183
2021-09-29,205.516
2021-09-30,206.01
2021-10-01,204.443
2021-10-04,206.964
2021-10-05,207.354
2021-10-06,209.123
2021-10-07,205.257
2021-10-08,204.298
2021-10-11,204.895
2021-10-12,210.201
2021-10-13,210.153
2021-10-14,204.571
2021-10-15,202.468
2021-10-18,204.446
2021-10-19,208.953
2021-10-20,213.29
2021-10-21,226.187
2021-10-22,236.05
2021-10-25,228.244
2021-10-26,227.376
2021-10-27,230.16
2021-10-28,235.854
2021-10-29,246.86
2021-11-01,251.282
2021-11-02,254.546
2021-11-03,250.072
2021-11-04,242.555
2021-11-05,238.522
2021-11-08,237.455
2021-11-09,235.962
2021-11-10,238.699
2021-11-11,238.674
2021-11-12,236.464
2021-11-15,237.27
2021-11-16,238.238
2021-11-17,239.625
2021-11-18,238.471
2021-11-19,238.655
2021-11-22,241.849
2021-11-23,247.116
2021-11-24,249.64
2021-11-25,247.545
2021-11-26,265.048
2021-11-29,259.405
2021-11-30,257.442
2021-12-01,250.792
2021-12-02,239.784
2021-12-03,238.229
2021-12-06,234.468
2021-12-07,222.576
2021-12-08,215.033
2021-12-09,220.769
2021-12-10,220.796
2021-12-13,221.376
2021-12-14,223.44
2021-12-15,223.317
2021-12-16,222.622
2021-12-17,223.537
2021-12-20,224.588
2021-12-21,220.691
2021-12-22,218.539
2021-12-23,213.928
2021-12-24,212.43
2021-12-27,209.41
2021-12-28,207.743
2021-12-29,206.611
2021-12-30,204.795
2021-12-31,205.251
2022-01-03,202.463
2022-01-04,205.078
2022-01-05,211.694
2022-01-06,213.951
2022-01-07,212.961
2022-01-10,214.172
2022-01-11,211.706
2022-01-12,210.533
2022-01-13,218.244
2022-01-14,222.921
2022-01-17,225.547
2022-01-18,226.831
2022-01-19,221.901
2022-01-20,218.03
2022-01-21,220.592
2022-01-24,224.682
2022-01-25,224.979
2022-01-26,226.6
2022-01-27,228.929
2022-01-28,229.565
2022-01-31,227.732
2022-02-01,219.638
2022-02-02,213.299
2022-02-03,217.699
2022-02-04,221.372
2022-02-07,223.334
2022-02-08,221.865
2022-02-09,217.956
2022-02-10,222.613
2022-02-11,231.23
2022-02-14,231.119
2022-02-15,225.568
2022-02-16,221.517
2022-02-17,224.471
2022-02-18,227.624
2022-02-21,228.831
2022-02-22,227.428
2022-02-23,230.384
2022-02-24,227.263
2022-02-25,221.556
2022-02-28,223.391
2022-03-01,226.427
2022-03-02,224.943
2022-03-03,221.836
2022-03-04,228.139
2022-03-07,233.675
2022-03-08,229.89
2022-03-09,220.265
2022-03-10,220.313
2022-03-11,224.719
2022-03-14,224.677
2022-03-15,221.768
2022-03-16,211.112
2022-03-17,204.475
2022-03-18,203.603
2022-03-21,217.75
2022-03-22,218.953
2022-03-23,221.755
2022-03-24,218.073
2022-03-25,215.009
2022-03-28,212.456
2022-03-29,207.244
2022-03-30,206.826
2022-03-31,208.786
2022-04-01,207.786
2022-04-04,203.005
2022-04-05,206.0
2022-04-06,209.824
2022-04-07,211.707
2022-04-08,215.252
2022-04-11,219.987
2022-04-12,221.338
2022-04-13,217.699
2022-04-14,218.474
2022-04-15,219.602
2022-04-18,219.83
2022-04-19,215.333
2022-04-20,211.111
2022-04-21,215.229
2022-04-22,224.552
2022-04-25,223.333
2022-04-26,227.116
2022-04-27,225.35
2022-04-28,222.333
2022-04-29,229.605
2022-05-02,234.723
2022-05-03,231.393
2022-05-04,226.531
2022-05-05,230.183
2022-05-06,236.799
2022-05-09,245.326
2022-05-10,243.62
2022-05-11,243.73
2022-05-12,244.824
2022-05-13,241.066
2022-05-16,242.092
2022-05-17,238.917
2022-05-18,246.556
2022-05-19,248.519
2022-05-20,250.063
2022-05-23,243.951
2022-05-24,242.132
2022-05-25,232.475
2022-05-26,225.55
2022-05-27,223.016
2022-05-30,221.275
2022-05-31,223.728
2022-06-01,224.827
2022-06-02,228.315
2022-06-03,233.492
2022-06-06,237.493
2022-06-07,239.282
2022-06-08,243.715
2022-06-09,250.567
2022-06-10,257.116
2022-06-13,270.954
2022-06-14,276.751
2022-06-15,266.747
2022-06-16,279.64
2022-06-17,283.846
2022-06-20,283.668
2022-06-21,281.726
2022-06-22,287.997
2022-06-23,292.194
2022-06-24,286.409
2022-06-27,288.234
2022-06-28,299.811
2022-06-29,296.489
2022-06-30,294.838
2022-07-01,296.485
2022-07-04,298.481
2022-07-05,300.938
2022-07-06,303.866
2022-07-07,293.13
2022-07-08,291.74
2022-07-11,299.46
2022-07-12,311.004
2022-07-13,319.372
2022-07-14,329.231
2022-07-15,328.545
2022-07-18,328.814
2022-07-19,316.315
2022-07-20,300.112
2022-07-21,295.965
2022-07-22,298.458
2022-07-25,293.697
2022-07-26,298.962
2022-07-27,288.785
2022-07-28,280.615
2022-07-29,273.589
2022-08-01,276.445
2022-08-02,283.556
2022-08-03,278.827
2022-08-04,272.998
2022-08-05,274.737
2022-08-08,265.605
2022-08-09,267.782
2022-08-10,253.269
2022-08-11,251.393
2022-08-12,244.78
2022-08-15,244.332
2022-08-16,248.35
2022-08-17,252.793
2022-08-18,254.262
2022-08-19,263.866
2022-08-22,272.427
2022-08-23,262.936
2022-08-24,255.616
2022-08-25,253.195
2022-08-26,258.345
2022-08-29,260.983
2022-08-30,261.421
2022-08-31,263.246
2022-09-01,259.672
2022-09-02,252.363
2022-09-05,255.59
2022-09-06,253.551
2022-09-07,247.777
2022-09-08,241.815
2022-09-09,235.96
2022-09-12,233.25
2022-09-13,242.592
2022-09-14,242.559
2022-09-15,243.719
2022-09-16,246.354
2022-09-19,240.676
2022-09-20,263.265
2022-09-21,263.925
2022-09-22,267.828
2022-09-23,280.25
2022-09-26,295.214
2022-09-27,312.362
2022-09-28,301.647
2022-09-29,308.919
2022-09-30,312.63
2022-10-03,292.789
2022-10-04,283.791
2022-10-05,288.325
2022-10-06,289.524
2022-10-07,298.37
2022-10-10,306.41
2022-10-11,299.666
2022-10-12,302.206
2022-10-13,304.479
2022-10-14,312.448
2022-10-17,307.739
2022-10-18,299.604
2022-10-19,299.573
2022-10-20,298.109
2022-10-21,288.986
2022-10-24,286.447
2022-10-25,282.447
2022-10-26,285.607
2022-10-27,281.706
2022-10-28,279.217
2022-10-31,277.019
2022-11-01,266.281
2022-11-02,269.432
2022-11-03,271.811
2022-11-04,262.324
2022-11-07,258.019
2022-11-08,259.617
2022-11-09,267.878
2022-11-10,273.575
2022-11-11,271.819
2022-11-14,261.264
2022-11-15,253.835
2022-11-16,259.238
2022-11-17,266.801
2022-11-18,269.05
2022-11-21,267.003
2022-11-22,264.929
2022-11-23,262.919
2022-11-24,260.484
2022-11-25,262.535
2022-11-28,266.447
2022-11-29,257.205
2022-11-30,246.944
2022-12-01,242.178
2022-12-02,236.031
2022-12-05,241.719
2022-12-06,249.317
2022-12-07,246.62
2022-12-08,242.471
2022-12-09,239.932
2022-12-12,244.462
2022-12-13,246.388
2022-12-14,248.073
2022-12-15,251.483
2022-12-16,257.063
2022-12-19,262.33
2022-12-20,262.549
2022-12-21,255.583
2022-12-22,256.699
2022-12-23,255.049
2022-12-26,252.01
2022-12-27,255.186
2022-12-28,255.521
2022-12-29,254.052
2022-12-30,254.42
2023-01-02,254.275
2023-01-03,257.914
2023-01-04,258.656
2023-01-05,261.741
2023-01-06,251.389
2023-01-09,250.152
2023-01-10,251.81
2023-01-11,247.84
2023-01-12,244.807
2023-01-13,241.247
2023-01-16,241.091
2023-01-17,242.306
2023-01-18,240.246
2023-01-19,245.133
2023-01-20,246.598
2023-01-23,245.735
2023-01-24,241.397
2023-01-25,242.101
2023-01-26,238.764
2023-01-27,232.569
2023-01-30,234.375
2023-01-31,231.237
2023-02-01,225.109
2023-02-02,218.064
2023-02-03,221.637
2023-02-06,229.575
2023-02-07,227.318
2023-02-08,230.057
2023-02-09,233.684
2023-02-10,234.521
2023-02-13,231.879
2023-02-14,225.833
2023-02-15,222.273
2023-02-16,223.442
2023-02-17,229.475
2023-02-20,228.352
2023-02-21,239.071
2023-02-22,238.794
2023-02-23,232.785
2023-02-24,235.78
2023-02-27,233.334
2023-02-28,232.069
2023-03-01,229.731
2023-03-02,228.69
2023-03-03,217.197
2023-03-06,211.372
2023-03-07,216.303
2023-03-08,217.849
2023-03-09,221.351
2023-03-10,227.784
2023-03-13,240.368
2023-03-14,238.625
2023-03-15,246.74
2023-03-16,242.211
2023-03-17,248.075
2023-03-20,264.287
2023-03-21,250.74
2023-03-22,246.697
2023-03-23,251.531
2023-03-24,248.81
2023-03-27,241.91
2023-03-28,241.461
2023-03-29,238.452
2023-03-30,232.516
2023-03-31,228.786
2023-04-03,224.172
2023-04-04,225.729
2023-04-05,230.219
2023-04-06,233.371
2023-04-07,233.088
2023-04-10,234.345
2023-04-11,228.969
2023-04-12,224.288
2023-04-13,219.489
2023-04-14,216.996
2023-04-17,217.341
2023-04-18,220.096
2023-04-19,224.815
2023-04-20,229.212
2023-04-21,229.931
2023-04-24,229.273
2023-04-25,230.753
2023-04-26,230.575
2023-04-27,227.15
2023-04-28,224.563
2023-05-01,218.4
2023-05-02,221.223
2023-05-03,223.214
2023-05-04,228.501
2023-05-05,225.712
2023-05-08,225.448
2023-05-09,229.029
2023-05-10,227.993
2023-05-11,226.033
2023-05-12,226.278
2023-05-15,226.804
2023-05-16,227.028
2023-05-17,221.576
2023-05-18,217.772
2023-05-19,217.274
2023-05-22,216.172
2023-05-23,215.55
2023-05-24,216.162
2023-05-25,213.714
2023-05-26,211.137
2023-05-29,209.891
2023-05-30,210.639
2023-05-31,212.332
2023-06-01,209.389
2023-06-02,204.553
2023-06-05,202.389
2023-06-06,198.909
2023-06-07,198.009
2023-06-08,196.869
2023-06-09,195.623
2023-06-12,192.849
2023-06-13,189.77
2023-06-14,188.3
2023-06-15,185.509
2023-06-16,184.134
2023-06-19,183.703
2023-06-20,183.013
2023-06-21,179.895
2023-06-22,177.842
2023-06-23,178.057
2023-06-26,179.017
2023-06-27,179.56
2023-06-28,179.521
2023-06-29,180.028
2023-06-30,176.689
2023-07-03,176.928
2023-07-04,176.232
2023-07-05,178.437
2023-07-06,181.328
2023-07-07,182.9
2023-07-10,183.656
2023-07-11,182.53
2023-07-12,178.776
2023-07-13,174.426
2023-07-14,176.926
2023-07-17,178.5
2023-07-18,176.408
2023-07-19,175.457
2023-07-20,176.854
2023-07-21,174.941
2023-07-24,172.433
2023-07-25,170.835
2023-07-26,166.582
2023-07-27,163.48
2023-07-28,163.886
2023-07-31,164.702
2023-08-01,166.166
2023-08-02,172.131
2023-08-03,176.101
2023-08-04,173.975
2023-08-07,172.477
2023-08-08,174.108
2023-08-09,174.456
2023-08-10,172.454
2023-08-11,171.723
2023-08-14,175.811
2023-08-15,180.894
2023-08-16,182.474
2023-08-17,187.382
2023-08-18,189.547
2023-08-21,190.264
2023-08-22,187.956
2023-08-23,180.042
2023-08-24,180.217
2023-08-25,176.302
2023-08-28,169.83
2023-08-29,165.428
2023-08-30,164.036
2023-08-31,167.938
2023-09-01,166.345
2023-09-04,165.341
2023-09-05,168.42
2023-09-06,172.023
2023-09-07,172.305
2023-09-08,171.128
2023-09-11,171.751
2023-09-12,173.543
2023-09-13,170.803
2023-09-14,166.817
2023-09-15,165.815
2023-09-18,165.422
2023-09-19,163.111
2023-09-20,180.997
2023-09-21,185.361
2023-09-22,182.972
2023-09-25,183.609
2023-09-26,186.289
2023-09-27,190.788
2023-09-28,187.602
2023-09-29,187.898
2023-10-02,190.831
2023-10-03,198.959
2023-10-04,198.079
2023-10-05,196.721
