Data,contratos
2005-10-05,-4179.0
2005-10-06,-7134.0
2005-10-07,-4506.0
2005-10-10,-4662.0
2005-10-11,-13089.0
2005-10-12,-13089.0
2005-10-13,218.0
2005-10-14,-3910.0
2005-10-17,-6020.0
2005-10-18,-4805.0
2005-10-19,-5219.0
2005-10-20,-8335.0
2005-10-21,-8051.0
2005-10-24,-9668.0
2005-10-25,-7424.0
2005-10-26,-3512.0
2005-10-27,2835.0
2005-10-28,3016.0
2005-10-31,3421.0
2005-11-01,16896.0
2005-11-02,16896.0
2005-11-03,20843.0
2005-11-04,21578.0
2005-11-07,25986.0
2005-11-08,23499.0
2005-11-09,30016.0
2005-11-10,27429.0
2005-11-11,35069.0
2005-11-14,32688.0
2005-11-15,32688.0
2005-11-16,38756.0
2005-11-17,35448.0
2005-11-18,29235.0
2005-11-21,32605.0
2005-11-22,35904.0
2005-11-23,35218.0
2005-11-24,38491.0
2005-11-25,39339.0
2005-11-28,39899.0
2005-11-29,32353.0
2005-11-30,12102.0
2005-12-01,-16303.0
2005-12-02,-16219.0
2005-12-05,-22628.0
2005-12-06,-26868.0
2005-12-07,-37680.0
2005-12-08,-39367.0
2005-12-09,-45899.0
2005-12-12,-47881.0
2005-12-13,-50833.0
2005-12-14,-52570.0
2005-12-15,-63391.0
2005-12-16,-56828.0
2005-12-19,-53521.0
2005-12-20,-52125.0
2005-12-21,-60573.0
2005-12-22,-57475.0
2005-12-23,-65810.0
2005-12-26,-68425.0
2005-12-27,-70719.0
2005-12-28,-77500.0
2005-12-29,-93393.0
2005-12-30,-93393.0
2006-01-02,-31389.0
2006-01-03,-37236.0
2006-01-04,-38698.0
2006-01-05,-45254.0
2006-01-06,-57720.0
2006-01-09,-61092.0
2006-01-10,-77997.0
2006-01-11,-79516.0
2006-01-12,-83167.0
2006-01-13,-81641.0
2006-01-16,-80744.0
2006-01-17,-85725.0
2006-01-18,-80832.0
2006-01-19,-74908.0
2006-01-20,-85931.0
2006-01-23,-82023.0
2006-01-24,-84404.0
2006-01-25,-84404.0
2006-01-26,-85572.0
2006-01-27,-86311.0
2006-01-30,-87000.0
2006-01-31,-81496.0
2006-02-01,-77252.0
2006-02-02,-75956.0
2006-02-03,-74143.0
2006-02-06,-72497.0
2006-02-07,-73957.0
2006-02-08,-76057.0
2006-02-09,-75591.0
2006-02-10,-71255.0
2006-02-13,-75569.0
2006-02-14,-70874.0
2006-02-15,-69789.0
2006-02-16,-77546.0
2006-02-17,-72251.0
2006-02-20,-69359.0
2006-02-21,-63217.0
2006-02-22,-66457.0
2006-02-23,-65482.0
2006-02-24,-67503.0
2006-02-27,-67503.0
2006-02-28,-67503.0
2006-03-01,-39310.0
2006-03-02,-37018.0
2006-03-03,-31615.0
2006-03-06,-34362.0
2006-03-07,-30283.0
2006-03-08,-27126.0
2006-03-09,-25753.0
2006-03-10,-25143.0
2006-03-13,-30087.0
2006-03-14,-23029.0
2006-03-15,-26646.0
2006-03-16,-22624.0
2006-03-17,-11491.0
2006-03-20,-12179.0
2006-03-21,-1690.0
2006-03-22,-8703.0
2006-03-23,-1652.0
2006-03-24,-2107.0
2006-03-27,-3544.0
2006-03-28,6245.0
2006-03-29,6922.0
2006-03-30,19655.0
2006-03-31,19038.0
2006-04-03,21096.0
2006-04-04,19118.0
2006-04-05,17411.0
2006-04-06,15256.0
2006-04-07,18886.0
2006-04-10,-9673.0
2006-04-11,23586.0
2006-04-12,19996.0
2006-04-13,24028.0
2006-04-14,24028.0
2006-04-17,22037.0
2006-04-18,24488.0
2006-04-19,31764.0
2006-04-20,30572.0
2006-04-21,30572.0
2006-04-24,34044.0
2006-04-25,29545.0
2006-04-26,20837.0
2006-04-27,17341.0
2006-04-28,12892.0
2006-05-01,12892.0
2006-05-02,35123.0
2006-05-03,37516.0
2006-05-04,31168.0
2006-05-05,26829.0
2006-05-08,24165.0
2006-05-09,14836.0
2006-05-10,19531.0
2006-05-11,11641.0
2006-05-12,29906.0
2006-05-15,49850.0
2006-05-16,41824.0
2006-05-17,55383.0
2006-05-18,75895.0
2006-05-19,73720.0
2006-05-22,90590.0
2006-05-23,89541.0
2006-05-24,102417.0
2006-05-25,105771.0
2006-05-26,109436.0
2006-05-29,109131.0
2006-05-30,120756.0
2006-05-31,142145.0
2006-06-01,103516.0
2006-06-02,100050.0
2006-06-05,103295.0
2006-06-06,97356.0
2006-06-07,98021.0
2006-06-08,92018.0
2006-06-09,89715.0
2006-06-12,90323.0
2006-06-13,90044.0
2006-06-14,95103.0
2006-06-15,95103.0
2006-06-16,87648.0
2006-06-19,87243.0
2006-06-20,84220.0
2006-06-21,80633.0
2006-06-22,76515.0
2006-06-23,71995.0
2006-06-26,72033.0
2006-06-27,73396.0
2006-06-28,68028.0
2006-06-29,66236.0
2006-06-30,57963.0
2006-07-03,14718.0
2006-07-04,13366.0
2006-07-05,19867.0
2006-07-06,16929.0
2006-07-07,17393.0
2006-07-10,15335.0
2006-07-11,20265.0
2006-07-12,22997.0
2006-07-13,22714.0
2006-07-14,25514.0
2006-07-17,29285.0
2006-07-18,25921.0
2006-07-19,15180.0
2006-07-20,14021.0
2006-07-21,11866.0
2006-07-24,6765.0
2006-07-25,11084.0
2006-07-26,17793.0
2006-07-27,22775.0
2006-07-28,15536.0
2006-07-31,7607.0
2006-08-01,27561.0
2006-08-02,28618.0
2006-08-03,17287.0
2006-08-04,13673.0
2006-08-07,4987.0
2006-08-08,3266.0
2006-08-09,1804.0
2006-08-10,6259.0
2006-08-11,5996.0
2006-08-14,7440.0
2006-08-15,9500.0
2006-08-16,9148.0
2006-08-17,7053.0
2006-08-18,12864.0
2006-08-21,8000.0
2006-08-22,14285.0
2006-08-23,14768.0
2006-08-24,14026.0
2006-08-25,15558.0
2006-08-28,17906.0
2006-08-29,23821.0
2006-08-30,25188.0
2006-08-31,16278.0
2006-09-01,7209.0
2006-09-04,2038.0
2006-09-05,-3744.0
2006-09-06,684.0
2006-09-07,684.0
2006-09-08,7503.0
2006-09-11,12049.0
2006-09-12,14610.0
2006-09-13,9152.0
2006-09-14,10487.0
2006-09-15,14754.0
2006-09-18,10419.0
2006-09-19,14219.0
2006-09-20,16718.0
2006-09-21,16233.0
2006-09-22,18540.0
2006-09-25,18532.0
2006-09-26,12608.0
2006-09-27,11016.0
2006-09-28,13862.0
2006-09-29,4464.0
2006-10-02,-21839.0
2006-10-03,-10965.0
2006-10-04,-9673.0
2006-10-05,-10926.0
2006-10-06,-5075.0
2006-10-09,-4754.0
2006-10-10,-1325.0
2006-10-11,-5866.0
2006-10-12,-5866.0
2006-10-13,-625.0
2006-10-16,-1817.0
2006-10-17,-588.0
2006-10-18,-4595.0
2006-10-19,-6743.0
2006-10-20,-8591.0
2006-10-23,-12479.0
2006-10-24,-16576.0
2006-10-25,-19948.0
2006-10-26,-12879.0
2006-10-27,-16257.0
2006-10-30,-20405.0
2006-10-31,-41819.0
2006-11-01,-18718.0
2006-11-02,-18718.0
2006-11-03,-18372.0
2006-11-06,-17834.0
2006-11-07,-9986.0
2006-11-08,2816.0
2006-11-09,3536.0
2006-11-10,3084.0
2006-11-13,16150.0
2006-11-14,25628.0
2006-11-15,25628.0
2006-11-16,28525.0
2006-11-17,28525.0
2006-11-20,28525.0
2006-11-21,42912.0
2006-11-22,48047.0
2006-11-23,41690.0
2006-11-24,38061.0
2006-11-27,35889.0
2006-11-28,30671.0
2006-11-29,36993.0
2006-11-30,32155.0
2006-12-01,-12859.0
2006-12-04,-11895.0
2006-12-05,-11643.0
2006-12-06,-15477.0
2006-12-07,-18831.0
2006-12-08,-36817.0
2006-12-11,-36852.0
2006-12-12,-20340.0
2006-12-13,-17473.0
2006-12-14,-29105.0
2006-12-15,-36201.0
2006-12-18,-37645.0
2006-12-19,-28724.0
2006-12-20,-26681.0
2006-12-21,-25478.0
2006-12-22,-22435.0
2006-12-25,-22435.0
2006-12-26,-22289.0
2006-12-27,-27928.0
2006-12-28,-27928.0
2006-12-29,-27928.0
2007-01-01,-27928.0
2007-01-02,-62634.0
2007-01-03,-51575.0
2007-01-04,-46722.0
2007-01-05,-48560.0
2007-01-08,-50105.0
2007-01-09,-52351.0
2007-01-10,-69853.0
2007-01-11,-66339.0
2007-01-12,-61438.0
2007-01-15,-62615.0
2007-01-16,-61491.0
2007-01-17,-64644.0
2007-01-18,-72498.0
2007-01-19,-73685.0
2007-01-22,-74869.0
2007-01-23,-78358.0
2007-01-24,-79760.0
2007-01-25,-79760.0
2007-01-26,-91983.0
2007-01-29,-95305.0
2007-01-30,-91043.0
2007-01-31,-103022.0
2007-02-01,-26581.0
2007-02-02,-35713.0
2007-02-05,-37643.0
2007-02-06,-51874.0
2007-02-07,-47204.0
2007-02-08,-53858.0
2007-02-09,-57413.0
2007-02-12,-67306.0
2007-02-13,-81080.0
2007-02-14,-75594.0
2007-02-15,-89863.0
2007-02-16,-100082.0
2007-02-19,-100082.0
2007-02-20,-100082.0
2007-02-21,-99598.0
2007-02-22,-94289.0
2007-02-23,-90438.0
2007-02-26,-99900.0
2007-02-27,-113100.0
2007-02-28,-129272.0
2007-03-01,-87717.0
2007-03-02,-71688.0
2007-03-05,-68575.0
2007-03-06,-73994.0
2007-03-07,-69109.0
2007-03-08,-67670.0
2007-03-09,-63817.0
2007-03-12,-68934.0
2007-03-13,-71530.0
2007-03-14,-68178.0
2007-03-15,-70896.0
2007-03-16,-69926.0
2007-03-19,-65712.0
2007-03-20,-59019.0
2007-03-21,-66591.0
2007-03-22,-71737.0
2007-03-23,-66588.0
2007-03-26,-74528.0
2007-03-27,-76008.0
2007-03-28,-92357.0
2007-03-29,-85993.0
2007-03-30,-108002.0
2007-04-02,-61477.0
2007-04-03,-60066.0
2007-04-04,-64517.0
2007-04-05,-74747.0
2007-04-06,-74747.0
2007-04-09,-66844.0
2007-04-10,-66207.0
2007-04-11,-76918.0
2007-04-12,-96175.0
2007-04-13,-91988.0
2007-04-16,-86188.0
2007-04-17,-99249.0
2007-04-18,-101636.0
2007-04-19,-102643.0
2007-04-20,-95487.0
2007-04-23,-88751.0
2007-04-24,-91238.0
2007-04-25,-91509.0
2007-04-26,-85671.0
2007-04-27,-88900.0
2007-04-30,-121071.0
2007-05-01,-121071.0
2007-05-02,-88515.0
2007-05-03,-88182.0
2007-05-04,-89892.0
2007-05-07,-91837.0
2007-05-08,-108223.0
2007-05-09,-124588.0
2007-05-10,-119474.0
2007-05-11,-130336.0
2007-05-14,-137689.0
2007-05-15,-116336.0
2007-05-16,-132811.0
2007-05-17,-153052.0
2007-05-18,-131433.0
2007-05-21,-144317.0
2007-05-22,-135884.0
2007-05-23,-139513.0
2007-05-24,-129528.0
2007-05-25,-135696.0
2007-05-28,-141678.0
2007-05-29,-144829.0
2007-05-30,-142863.0
2007-05-31,-151844.0
2007-06-01,-180446.0
2007-06-04,-198874.0
2007-06-05,-198786.0
2007-06-06,-190934.0
2007-06-07,-190934.0
2007-06-08,-205334.0
2007-06-11,-205622.0
2007-06-12,-206608.0
2007-06-13,-207173.0
2007-06-14,-198202.0
2007-06-15,-195732.0
2007-06-18,-185428.0
2007-06-19,-167457.0
2007-06-20,-164958.0
2007-06-21,-155524.0
2007-06-22,-158198.0
2007-06-25,-158198.0
2007-06-26,-156364.0
2007-06-27,-161127.0
2007-06-28,-148443.0
2007-06-29,-170773.0
2007-07-02,-165218.0
2007-07-03,-174418.0
2007-07-04,-177204.0
2007-07-05,-179112.0
2007-07-06,-178383.0
2007-07-09,-178383.0
2007-07-10,-158788.0
2007-07-11,-161544.0
2007-07-12,-167742.0
2007-07-13,-165310.0
2007-07-16,-159728.0
2007-07-17,-171484.0
2007-07-18,-158884.0
2007-07-19,-165781.0
2007-07-20,-169195.0
2007-07-23,-177803.0
2007-07-24,-183450.0
2007-07-25,-181063.0
2007-07-26,-194207.0
2007-07-27,-184835.0
2007-07-30,-181479.0
2007-07-31,-185447.0
2007-08-01,-193343.0
2007-08-02,-199322.0
2007-08-03,-201581.0
2007-08-06,-196591.0
2007-08-07,-180383.0
2007-08-08,-183137.0
2007-08-09,-176258.0
2007-08-10,-164594.0
2007-08-13,-157039.0
2007-08-14,-149117.0
2007-08-15,-137348.0
2007-08-16,-110429.0
2007-08-17,-104297.0
2007-08-20,-102436.0
2007-08-21,-100812.0
2007-08-22,-110140.0
2007-08-23,-118208.0
2007-08-24,-120333.0
2007-08-27,-139468.0
2007-08-28,-145531.0
2007-08-29,-159439.0
2007-08-30,-186505.0
2007-08-31,-198664.0
2007-09-03,-95021.0
2007-09-04,-89579.0
2007-09-05,-90128.0
2007-09-06,-90958.0
2007-09-07,-90958.0
2007-09-10,-78824.0
2007-09-11,-82445.0
2007-09-12,-77590.0
2007-09-13,-87306.0
2007-09-14,-99434.0
2007-09-17,-99197.0
2007-09-18,-109428.0
2007-09-19,-123966.0
2007-09-20,-136490.0
2007-09-21,-127762.0
2007-09-24,-130528.0
2007-09-25,-142805.0
2007-09-26,-144149.0
2007-09-27,-151014.0
2007-09-28,-190874.0
2007-10-01,-154686.0
2007-10-02,-154250.0
2007-10-03,-149300.0
2007-10-04,-150204.0
2007-10-05,-143119.0
2007-10-08,-135851.0
2007-10-09,-139605.0
2007-10-10,-148058.0
2007-10-11,-162797.0
2007-10-12,-162797.0
2007-10-15,-159866.0
2007-10-16,-162325.0
2007-10-17,-160940.0
2007-10-18,-162803.0
2007-10-19,-172171.0
2007-10-22,-175475.0
2007-10-23,-180759.0
2007-10-24,-169572.0
2007-10-25,-168442.0
2007-10-26,-174956.0
2007-10-29,-180868.0
2007-10-30,-173052.0
2007-10-31,-163284.0
2007-11-01,-111478.0
2007-11-02,-111478.0
2007-11-05,-103420.0
2007-11-06,-103123.0
2007-11-07,-120430.0
2007-11-08,-100332.0
2007-11-09,-101018.0
2007-11-12,-90235.0
2007-11-13,-100845.0
2007-11-14,-100787.0
2007-11-15,-100787.0
2007-11-16,-99912.0
2007-11-19,-94671.0
2007-11-20,-94671.0
2007-11-21,-114756.0
2007-11-22,-114986.0
2007-11-23,-122258.0
2007-11-26,-136925.0
2007-11-27,-112864.0
2007-11-28,-112133.0
2007-11-29,-83939.0
2007-11-30,-97495.0
2007-12-03,-91203.0
2007-12-04,-86113.0
2007-12-05,-83393.0
2007-12-06,-82837.0
2007-12-07,-80635.0
2007-12-10,-73031.0
2007-12-11,-59165.0
2007-12-12,-49663.0
2007-12-13,-45555.0
2007-12-14,-44281.0
2007-12-17,-36425.0
2007-12-18,-15939.0
2007-12-19,-18960.0
2007-12-20,-27786.0
2007-12-21,-38144.0
2007-12-24,-38144.0
2007-12-25,-38144.0
2007-12-26,-33875.0
2007-12-27,-30703.0
2007-12-28,-58507.0
2007-12-31,-58507.0
2008-01-01,-58507.0
2008-01-02,-78753.0
2008-01-03,-91502.0
2008-01-04,-80333.0
2008-01-07,-98589.0
2008-01-08,-101876.0
2008-01-09,-99612.0
2008-01-10,-103971.0
2008-01-11,-100292.0
2008-01-14,-97496.0
2008-01-15,-94059.0
2008-01-16,-90426.0
2008-01-17,-97160.0
2008-01-18,-94188.0
2008-01-21,-83882.0
2008-01-22,-76286.0
2008-01-23,-62352.0
2008-01-24,-60188.0
2008-01-25,-60188.0
2008-01-28,-56645.0
2008-01-29,-54194.0
2008-01-30,-50560.0
2008-01-31,-45603.0
2008-02-01,-52479.0
2008-02-04,-52479.0
2008-02-05,-52479.0
2008-02-06,-46338.0
2008-02-07,-46055.0
2008-02-08,-41669.0
2008-02-11,-40821.0
2008-02-12,-41742.0
2008-02-13,-34480.0
2008-02-14,-40388.0
2008-02-15,-41924.0
2008-02-18,-55650.0
2008-02-19,-60148.0
2008-02-20,-61221.0
2008-02-21,-58028.0
2008-02-22,-60310.0
2008-02-25,-67340.0
2008-02-26,-72051.0
2008-02-27,-66644.0
2008-02-28,-67116.0
2008-02-29,-68404.0
2008-03-03,-28510.0
2008-03-04,-37765.0
2008-03-05,-21086.0
2008-03-06,-29518.0
2008-03-07,-19855.0
2008-03-10,-23141.0
2008-03-11,-29870.0
2008-03-12,-19871.0
2008-03-13,-636.0
2008-03-14,47270.0
2008-03-17,79824.0
2008-03-18,94576.0
2008-03-19,92034.0
2008-03-20,117551.0
2008-03-21,117551.0
2008-03-24,120336.0
2008-03-25,123023.0
2008-03-26,122909.0
2008-03-27,113994.0
2008-03-28,119824.0
2008-03-31,124583.0
2008-04-01,32763.0
2008-04-02,38277.0
2008-04-03,45970.0
2008-04-04,54380.0
2008-04-07,56719.0
2008-04-08,65242.0
2008-04-09,85593.0
2008-04-10,98307.0
2008-04-11,102713.0
2008-04-14,102228.0
2008-04-15,95629.0
2008-04-16,92700.0
2008-04-17,87121.0
2008-04-18,91231.0
2008-04-21,91231.0
2008-04-22,106071.0
2008-04-23,105362.0
2008-04-24,100417.0
2008-04-25,113546.0
2008-04-28,119463.0
2008-04-29,111702.0
2008-04-30,126275.0
2008-05-01,126275.0
2008-05-02,69169.0
2008-05-05,65513.0
2008-05-06,65776.0
2008-05-07,37955.0
2008-05-08,45124.0
2008-05-09,49130.0
2008-05-12,68681.0
2008-05-13,90626.0
2008-05-14,96646.0
2008-05-15,79495.0
2008-05-16,79495.0
2008-05-19,87163.0
2008-05-20,68098.0
2008-05-21,67496.0
2008-05-22,67496.0
2008-05-23,54628.0
2008-05-26,51212.0
2008-05-27,50566.0
2008-05-28,41343.0
2008-05-29,49799.0
2008-05-30,57703.0
2008-06-02,109382.0
2008-06-03,106265.0
2008-06-04,111895.0
2008-06-05,87865.0
2008-06-06,97433.0
2008-06-09,96442.0
2008-06-10,87753.0
2008-06-11,85922.0
2008-06-12,86973.0
2008-06-13,95374.0
2008-06-16,89792.0
2008-06-17,100477.0
2008-06-18,87445.0
2008-06-19,105130.0
2008-06-20,97681.0
2008-06-23,90918.0
2008-06-24,77948.0
2008-06-25,79847.0
2008-06-26,88054.0
2008-06-27,68605.0
2008-06-30,70016.0
2008-07-01,25331.0
2008-07-02,15299.0
2008-07-03,24058.0
2008-07-04,19343.0
2008-07-07,29467.0
2008-07-08,16519.0
2008-07-09,16519.0
2008-07-10,14755.0
2008-07-11,8620.0
2008-07-14,16180.0
2008-07-15,6179.0
2008-07-16,586.0
2008-07-17,2836.0
2008-07-18,12778.0
2008-07-21,18012.0
2008-07-22,28814.0
2008-07-23,30451.0
2008-07-24,25761.0
2008-07-25,16273.0
2008-07-28,27672.0
2008-07-29,29136.0
2008-07-30,30084.0
2008-07-31,25803.0
2008-08-01,-23604.0
2008-08-04,-35471.0
2008-08-05,-33100.0
2008-08-06,-33653.0
2008-08-07,-50662.0
2008-08-08,-51134.0
2008-08-11,-50642.0
2008-08-12,-62846.0
2008-08-13,-63777.0
2008-08-14,-69313.0
2008-08-15,-81636.0
2008-08-18,-78853.0
2008-08-19,-77780.0
2008-08-20,-84089.0
2008-08-21,-81579.0
2008-08-22,-75294.0
2008-08-25,-70421.0
2008-08-26,-84723.0
2008-08-27,-89319.0
2008-08-28,-92639.0
2008-08-29,-100876.0
2008-09-01,-6775.0
2008-09-02,-7879.0
2008-09-03,-17831.0
2008-09-04,1911.0
2008-09-05,20836.0
2008-09-08,7953.0
2008-09-09,20131.0
2008-09-10,18320.0
2008-09-11,18911.0
2008-09-12,12194.0
2008-09-15,3486.0
2008-09-16,13756.0
2008-09-17,18419.0
2008-09-18,7232.0
2008-09-19,6366.0
2008-09-22,-6441.0
2008-09-23,-5704.0
2008-09-24,26597.0
2008-09-25,24355.0
2008-09-26,24295.0
2008-09-29,55613.0
2008-09-30,67304.0
2008-10-01,102128.0
2008-10-02,99416.0
2008-10-03,98129.0
2008-10-06,126720.0
2008-10-07,154352.0
2008-10-08,158727.0
2008-10-09,150672.0
2008-10-10,138522.0
2008-10-13,139590.0
2008-10-14,147045.0
2008-10-15,126326.0
2008-10-16,128660.0
2008-10-17,110053.0
2008-10-20,106143.0
2008-10-21,114024.0
2008-10-22,126753.0
2008-10-23,125980.0
2008-10-24,138317.0
2008-10-27,113116.0
2008-10-28,92822.0
2008-10-29,78782.0
2008-10-30,71885.0
2008-10-31,57994.0
2008-11-03,54501.0
2008-11-04,47957.0
2008-11-05,46678.0
2008-11-06,57563.0
2008-11-07,60296.0
2008-11-10,68120.0
2008-11-11,64427.0
2008-11-12,63489.0
2008-11-13,66709.0
2008-11-14,67013.0
2008-11-17,59214.0
2008-11-18,53051.0
2008-11-19,53051.0
2008-11-20,50773.0
2008-11-21,52950.0
2008-11-24,44049.0
2008-11-25,34251.0
2008-11-26,31601.0
2008-11-27,31389.0
2008-11-28,-3464.0
2008-12-01,16878.0
2008-12-02,23505.0
2008-12-03,23805.0
2008-12-04,24357.0
2008-12-05,34727.0
2008-12-08,29695.0
2008-12-09,19053.0
2008-12-10,21439.0
2008-12-11,18764.0
2008-12-12,22736.0
2008-12-15,24569.0
2008-12-16,31889.0
2008-12-17,36866.0
2008-12-18,32839.0
2008-12-19,43960.0
2008-12-22,44265.0
2008-12-23,44265.0
2008-12-24,41708.0
2008-12-25,41708.0
2008-12-26,38947.0
2008-12-29,30801.0
2008-12-30,10797.0
2008-12-31,10797.0
2009-01-01,10797.0
2009-01-02,11.0
2009-01-05,-7892.0
2009-01-06,-8531.0
2009-01-07,-5456.0
2009-01-08,-6846.0
2009-01-09,-1579.0
2009-01-12,-3936.0
2009-01-13,-2934.0
2009-01-14,4652.0
2009-01-15,4368.0
2009-01-16,11184.0
2009-01-19,13770.0
2009-01-20,14453.0
2009-01-21,16899.0
2009-01-22,11388.0
2009-01-23,19043.0
2009-01-26,22258.0
2009-01-27,26292.0
2009-01-28,28010.0
2009-01-29,26596.0
2009-01-30,36370.0
2009-02-02,69464.0
2009-02-03,68250.0
2009-02-04,70772.0
2009-02-05,76487.0
2009-02-06,74919.0
2009-02-09,71905.0
2009-02-10,67491.0
2009-02-11,70561.0
2009-02-12,63782.0
2009-02-13,60932.0
2009-02-16,58004.0
2009-02-17,62728.0
2009-02-18,58660.0
2009-02-19,65705.0
2009-02-20,65705.0
2009-02-23,65705.0
2009-02-24,65705.0
2009-02-25,62688.0
2009-02-26,65979.0
2009-02-27,76699.0
2009-03-02,54334.0
2009-03-03,62187.0
2009-03-04,63555.0
2009-03-05,62692.0
2009-03-06,57317.0
2009-03-09,58221.0
2009-03-10,59600.0
2009-03-11,55629.0
2009-03-12,51663.0
2009-03-13,52531.0
2009-03-16,53991.0
2009-03-17,50444.0
2009-03-18,48026.0
2009-03-19,45741.0
2009-03-20,46203.0
2009-03-23,48691.0
2009-03-24,47487.0
2009-03-25,47784.0
2009-03-26,50460.0
2009-03-27,56076.0
2009-03-30,58753.0
2009-03-31,67413.0
2009-04-01,56045.0
2009-04-02,56045.0
2009-04-03,50588.0
2009-04-06,50413.0
2009-04-07,49926.0
2009-04-08,51718.0
2009-04-09,50263.0
2009-04-10,50263.0
2009-04-13,55338.0
2009-04-14,59891.0
2009-04-15,64051.0
2009-04-16,64813.0
2009-04-17,68288.0
2009-04-20,67489.0
2009-04-21,67489.0
2009-04-22,66984.0
2009-04-23,68974.0
2009-04-24,68974.0
2009-04-27,68974.0
2009-04-28,55160.0
2009-04-29,65551.0
2009-04-30,57985.0
2009-05-01,57985.0
2009-05-04,57985.0
2009-05-05,12486.0
2009-05-06,15766.0
2009-05-07,12775.0
2009-05-08,12775.0
2009-05-11,23916.0
2009-05-12,18517.0
2009-05-13,22682.0
2009-05-14,28942.0
2009-05-15,28942.0
2009-05-18,20079.0
2009-05-19,20079.0
2009-05-20,20079.0
2009-05-21,27785.0
2009-05-22,37770.0
2009-05-25,40362.0
2009-05-26,46183.0
2009-05-27,48730.0
2009-05-28,48065.0
2009-05-29,67670.0
2009-06-01,77042.0
2009-06-02,77398.0
2009-06-03,80779.0
2009-06-04,78181.0
2009-06-05,85779.0
2009-06-08,85100.0
2009-06-09,89029.0
2009-06-10,83554.0
2009-06-11,83554.0
2009-06-12,84371.0
2009-06-15,82592.0
2009-06-16,72971.0
2009-06-17,74050.0
2009-06-18,73601.0
2009-06-19,72738.0
2009-06-22,61616.0
2009-06-23,68478.0
2009-06-24,80201.0
2009-06-25,75347.0
2009-06-26,79231.0
2009-06-29,68714.0
2009-06-30,61375.0
2009-07-01,37535.0
2009-07-02,38629.0
2009-07-03,39013.0
2009-07-06,27832.0
2009-07-07,22710.0
2009-07-08,27653.0
2009-07-09,27653.0
2009-07-10,43627.0
2009-07-13,43318.0
2009-07-14,44142.0
2009-07-15,56360.0
2009-07-16,53379.0
2009-07-17,49723.0
2009-07-20,44693.0
2009-07-21,40978.0
2009-07-22,30875.0
2009-07-23,26292.0
2009-07-24,29467.0
2009-07-27,42088.0
2009-07-28,47555.0
2009-07-29,53381.0
2009-07-30,44254.0
2009-07-31,40012.0
2009-08-03,21695.0
2009-08-04,27584.0
2009-08-05,29414.0
2009-08-06,23165.0
2009-08-07,24845.0
2009-08-10,31739.0
2009-08-11,31994.0
2009-08-12,21524.0
2009-08-13,18054.0
2009-08-14,4577.0
2009-08-17,7937.0
2009-08-18,12296.0
2009-08-19,6165.0
2009-08-20,-1372.0
2009-08-21,-1274.0
2009-08-24,836.0
2009-08-25,4676.0
2009-08-26,12326.0
2009-08-27,-3068.0
2009-08-28,-6676.0
2009-08-31,-6093.0
2009-09-01,-130.0
2009-09-02,4491.0
2009-09-03,1636.0
2009-09-04,8684.0
2009-09-07,8684.0
2009-09-08,5006.0
2009-09-09,-2160.0
2009-09-10,-871.0
2009-09-11,-8955.0
2009-09-14,-9639.0
2009-09-15,-7865.0
2009-09-16,-21151.0
2009-09-17,-32229.0
2009-09-18,-48951.0
2009-09-21,-45472.0
2009-09-22,-42156.0
2009-09-23,-37443.0
2009-09-24,-32057.0
2009-09-25,-37099.0
2009-09-28,-41923.0
2009-09-29,-43927.0
2009-09-30,-28496.0
2009-10-01,-33734.0
2009-10-02,-29826.0
2009-10-05,-34279.0
2009-10-06,-36492.0
2009-10-07,-38157.0
2009-10-08,-40260.0
2009-10-09,-23810.0
2009-10-12,-23810.0
2009-10-13,-13661.0
2009-10-14,-14375.0
2009-10-15,-12133.0
2009-10-16,-9654.0
2009-10-19,-2511.0
2009-10-20,-7134.0
2009-10-21,717.0
2009-10-22,-15974.0
2009-10-23,-9325.0
2009-10-26,504.0
2009-10-27,-4547.0
2009-10-28,-4260.0
2009-10-29,8860.0
2009-10-30,9008.0
2009-11-02,9008.0
2009-11-03,-4778.0
2009-11-04,141.0
2009-11-05,1198.0
2009-11-06,2540.0
2009-11-09,-94.0
2009-11-10,-362.0
2009-11-11,-4356.0
2009-11-12,-1670.0
2009-11-13,-3011.0
2009-11-16,8645.0
2009-11-17,15150.0
2009-11-18,916.0
2009-11-19,-8593.0
2009-11-20,-8593.0
2009-11-23,-10234.0
2009-11-24,-17193.0
2009-11-25,-16070.0
2009-11-26,-18894.0
2009-11-27,-14426.0
2009-11-30,-31279.0
2009-12-01,-16412.0
2009-12-02,-7641.0
2009-12-03,-17919.0
2009-12-04,-42902.0
2009-12-07,-52433.0
2009-12-08,-43424.0
2009-12-09,-5356.0
2009-12-10,-34924.0
2009-12-11,-37670.0
2009-12-14,-25980.0
2009-12-15,-23950.0
2009-12-16,-2004.0
2009-12-17,5048.0
2009-12-18,6400.0
2009-12-21,16646.0
2009-12-22,23844.0
2009-12-23,24217.0
2009-12-24,24217.0
2009-12-25,24217.0
2009-12-28,28475.0
2009-12-29,32938.0
2009-12-30,38639.0
2009-12-31,38639.0
2010-01-01,38639.0
2010-01-04,19448.0
2010-01-05,16234.0
2010-01-06,12375.0
2010-01-07,14476.0
2010-01-08,16872.0
2010-01-11,12283.0
2010-01-12,6721.0
2010-01-13,-11226.0
2010-01-14,-6543.0
2010-01-15,2358.0
2010-01-18,6793.0
2010-01-19,-11205.0
2010-01-20,-23903.0
2010-01-21,-39299.0
2010-01-22,-48602.0
2010-01-25,-48602.0
2010-01-26,-46309.0
2010-01-27,-68815.0
2010-01-28,-64427.0
2010-01-29,-57866.0
2010-02-01,-57866.0
2010-02-02,-24171.0
2010-02-03,-28679.0
2010-02-04,-24705.0
2010-02-05,-12594.0
2010-02-08,-12788.0
2010-02-09,-5474.0
2010-02-10,-7114.0
2010-02-11,-24328.0
2010-02-12,-28345.0
2010-02-15,-28345.0
2010-02-16,-28345.0
2010-02-17,-38121.0
2010-02-18,-42039.0
2010-02-19,-40685.0
2010-02-22,-40967.0
2010-02-23,-34522.0
2010-02-24,-46669.0
2010-02-25,-50199.0
2010-02-26,-45001.0
2010-03-01,11950.0
2010-03-02,-479.0
2010-03-03,-6013.0
2010-03-04,-22552.0
2010-03-05,-22552.0
2010-03-08,-22552.0
2010-03-09,-22552.0
2010-03-10,-22552.0
2010-03-11,-22552.0
2010-03-12,-22552.0
2010-03-15,-37046.0
2010-03-16,-30669.0
2010-03-17,-38035.0
2010-03-18,-36848.0
2010-03-19,-24055.0
2010-03-22,-22143.0
2010-03-23,-16193.0
2010-03-24,-16168.0
2010-03-25,-12172.0
2010-03-26,-32813.0
2010-03-29,-33322.0
2010-03-30,-12222.0
2010-03-31,12146.0
2010-04-01,18059.0
2010-04-02,18059.0
2010-04-05,15655.0
2010-04-06,13029.0
2010-04-07,13673.0
2010-04-08,6475.0
2010-04-09,10842.0
2010-04-12,12936.0
2010-04-13,-629.0
2010-04-14,-7376.0
2010-04-15,-10970.0
2010-04-16,-19642.0
2010-04-19,-13983.0
2010-04-20,-17275.0
2010-04-21,-17275.0
2010-04-22,-20676.0
2010-04-23,-20841.0
2010-04-26,-31460.0
2010-04-27,-4822.0
2010-04-28,5160.0
2010-04-29,-12273.0
2010-04-30,-7972.0
2010-05-03,17942.0
2010-05-04,8277.0
2010-05-05,-10588.0
2010-05-06,-12713.0
2010-05-07,-37100.0
2010-05-10,-5711.0
2010-05-11,1385.0
2010-05-12,7190.0
2010-05-13,2292.0
2010-05-14,9328.0
2010-05-17,23228.0
2010-05-18,26776.0
2010-05-19,36568.0
2010-05-20,50818.0
2010-05-21,41823.0
2010-05-24,41063.0
2010-05-25,46797.0
2010-05-26,43496.0
2010-05-27,57940.0
2010-05-28,68309.0
2010-05-31,62537.0
2010-06-01,3474.0
2010-06-02,-351.0
2010-06-03,-351.0
2010-06-04,2873.0
2010-06-07,6000.0
2010-06-08,970.0
2010-06-09,4114.0
2010-06-10,8683.0
2010-06-11,-10384.0
2010-06-14,-9430.0
2010-06-15,-11917.0
2010-06-16,-10370.0
2010-06-17,-3726.0
2010-06-18,-8844.0
2010-06-21,-15416.0
2010-06-22,-12050.0
2010-06-23,-14566.0
2010-06-24,-10265.0
2010-06-25,-19133.0
2010-06-28,-28107.0
2010-06-29,-2381.0
2010-06-30,15147.0
2010-07-01,23032.0
2010-07-02,29382.0
2010-07-05,27110.0
2010-07-06,16956.0
2010-07-07,10461.0
2010-07-08,11516.0
2010-07-09,11516.0
2010-07-12,-1891.0
2010-07-13,-6966.0
2010-07-14,-5515.0
2010-07-15,-10898.0
2010-07-16,-5829.0
2010-07-19,-2119.0
2010-07-20,2382.0
2010-07-21,-5954.0
2010-07-22,-4813.0
2010-07-23,-6730.0
2010-07-26,-2132.0
2010-07-27,7212.0
2010-07-28,431.0
2010-07-29,-3527.0
2010-07-30,-2796.0
2010-08-02,-11859.0
2010-08-03,-20412.0
2010-08-04,-24617.0
2010-08-05,-29232.0
2010-08-06,-27087.0
2010-08-09,-29215.0
2010-08-10,-30251.0
2010-08-11,-28200.0
2010-08-12,-35786.0
2010-08-13,-29398.0
2010-08-16,-29791.0
2010-08-17,-29412.0
2010-08-18,-32575.0
2010-08-19,-30543.0
2010-08-20,-29490.0
2010-08-23,-27600.0
2010-08-24,-22769.0
2010-08-25,-22293.0
2010-08-26,-22738.0
2010-08-27,-29494.0
2010-08-30,-38669.0
2010-08-31,-40245.0
2010-09-01,-35652.0
2010-09-02,-51773.0
2010-09-03,-58324.0
2010-09-06,-61761.0
2010-09-07,-61761.0
2010-09-08,-62776.0
2010-09-09,-54069.0
2010-09-10,-65053.0
2010-09-13,-50108.0
2010-09-14,-57049.0
2010-09-15,-60732.0
2010-09-16,-57103.0
2010-09-17,-52383.0
2010-09-20,-53401.0
2010-09-21,-58843.0
2010-09-22,-82126.0
2010-09-23,-85182.0
2010-09-24,-91860.0
2010-09-27,-95504.0
2010-09-28,-93647.0
2010-09-29,-71413.0
2010-09-30,-77014.0
2010-10-01,-105850.0
2010-10-04,-108447.0
2010-10-05,-122414.0
2010-10-06,-144782.0
2010-10-07,-133419.0
2010-10-08,-140060.0
2010-10-11,-147098.0
2010-10-12,-147098.0
2010-10-13,-136208.0
2010-10-14,-111821.0
2010-10-15,-114688.0
2010-10-18,-104897.0
2010-10-19,-96703.0
2010-10-20,-102147.0
2010-10-21,-109007.0
2010-10-22,-96725.0
2010-10-25,-82099.0
2010-10-26,-63660.0
2010-10-27,-63590.0
2010-10-28,-70383.0
2010-10-29,-64797.0
2010-11-01,7828.0
2010-11-02,7828.0
2010-11-03,7828.0
2010-11-04,7828.0
2010-11-05,7828.0
2010-11-08,20570.0
2010-11-09,20570.0
2010-11-10,5265.0
2010-11-11,17508.0
2010-11-12,29091.0
2010-11-15,29091.0
2010-11-16,45417.0
2010-11-17,42584.0
2010-11-18,51050.0
2010-11-19,49860.0
2010-11-22,59112.0
2010-11-23,65693.0
2010-11-24,59887.0
2010-11-25,61448.0
2010-11-26,55450.0
2010-11-29,55450.0
2010-11-30,55450.0
2010-12-01,55450.0
2010-12-02,-41421.0
2010-12-03,-46317.0
2010-12-06,-43738.0
2010-12-07,-30844.0
2010-12-08,-29891.0
2010-12-09,-14220.0
2010-12-10,-38019.0
2010-12-13,-55741.0
2010-12-14,-47600.0
2010-12-15,-51453.0
2010-12-16,-35983.0
2010-12-17,-35855.0
2010-12-20,-43893.0
2010-12-21,-18616.0
2010-12-22,-30262.0
2010-12-23,-30089.0
2010-12-24,-30089.0
2010-12-27,-27639.0
2010-12-28,-28660.0
2010-12-29,-36351.0
2010-12-30,-7972.0
2010-12-31,-7972.0
2011-01-03,-20379.0
2011-01-04,-25631.0
2011-01-05,-25827.0
2011-01-06,-13606.0
2011-01-07,-28361.0
2011-01-10,-30195.0
2011-01-11,-32170.0
2011-01-12,-47354.0
2011-01-13,-39340.0
2011-01-14,-40864.0
2011-01-17,-46748.0
2011-01-18,-45746.0
2011-01-19,-50161.0
2011-01-20,-38163.0
2011-01-21,-22269.0
2011-01-24,-6458.0
2011-01-25,-6458.0
2011-01-26,-13401.0
2011-01-27,-25784.0
2011-01-28,-18317.0
2011-01-31,-18483.0
2011-02-01,2997.0
2011-02-02,2268.0
2011-02-03,613.0
2011-02-04,6931.0
2011-02-07,7327.0
2011-02-08,-4510.0
2011-02-09,-756.0
2011-02-10,4158.0
2011-02-11,-3290.0
2011-02-14,-9820.0
2011-02-15,-20181.0
2011-02-16,-21557.0
2011-02-17,-30833.0
2011-02-18,-24918.0
2011-02-21,-23889.0
2011-02-22,-19335.0
2011-02-23,-16564.0
2011-02-24,-35104.0
2011-02-25,-21063.0
2011-02-28,3097.0
2011-03-01,-21587.0
2011-03-02,-30173.0
2011-03-03,-20270.0
2011-03-04,-21117.0
2011-03-07,-21117.0
2011-03-08,-21117.0
2011-03-09,-19539.0
2011-03-10,-14995.0
2011-03-11,-15998.0
2011-03-14,-17630.0
2011-03-15,-5376.0
2011-03-16,2143.0
2011-03-17,-6887.0
2011-03-18,-4592.0
2011-03-21,-5067.0
2011-03-22,-9016.0
2011-03-23,-13213.0
2011-03-24,-2562.0
2011-03-25,-13068.0
2011-03-28,-23348.0
2011-03-29,-26344.0
2011-03-30,-28104.0
2011-03-31,-15216.0
2011-04-01,-30137.0
2011-04-04,-17802.0
2011-04-05,-21134.0
2011-04-06,-23992.0
2011-04-07,-27158.0
2011-04-08,-21349.0
2011-04-11,-26753.0
2011-04-12,-27892.0
2011-04-13,-40357.0
2011-04-14,-48897.0
2011-04-15,-62738.0
2011-04-18,-61939.0
2011-04-19,-63964.0
2011-04-20,-50396.0
2011-04-21,-50396.0
2011-04-22,-50396.0
2011-04-25,-50867.0
2011-04-26,-58309.0
2011-04-27,-62170.0
2011-04-28,-28960.0
2011-04-29,-21963.0
2011-05-02,-54224.0
2011-05-03,-47880.0
2011-05-04,-59271.0
2011-05-05,-69123.0
2011-05-06,-70010.0
2011-05-09,-55808.0
2011-05-10,-62280.0
2011-05-11,-50782.0
2011-05-12,-50782.0
2011-05-13,-36713.0
2011-05-16,-30535.0
2011-05-17,-43180.0
2011-05-18,-43612.0
2011-05-19,-39059.0
2011-05-20,-45259.0
2011-05-23,-43425.0
2011-05-24,-41402.0
2011-05-25,-31864.0
2011-05-26,-27004.0
2011-05-27,-45973.0
2011-05-30,-52237.0
2011-05-31,-61759.0
2011-06-01,-74702.0
2011-06-02,-76756.0
2011-06-03,-92675.0
2011-06-06,-78524.0
2011-06-07,-95330.0
2011-06-08,-91206.0
2011-06-09,-97955.0
2011-06-10,-99188.0
2011-06-13,-98349.0
2011-06-14,-101527.0
2011-06-15,-101492.0
2011-06-16,-88309.0
2011-06-17,-88433.0
2011-06-20,-95432.0
2011-06-21,-91050.0
2011-06-22,-85677.0
2011-06-23,-85677.0
2011-06-24,-83361.0
2011-06-27,-105655.0
2011-06-28,-96671.0
2011-06-29,-99657.0
2011-06-30,-77996.0
2011-07-01,-36630.0
2011-07-04,-35151.0
2011-07-05,-29870.0
2011-07-06,-29739.0
2011-07-07,-30232.0
2011-07-08,-28800.0
2011-07-11,-27686.0
2011-07-12,-31227.0
2011-07-13,-29184.0
2011-07-14,-28975.0
2011-07-15,-35348.0
2011-07-18,-41958.0
2011-07-19,-51755.0
2011-07-20,-56463.0
2011-07-21,-78491.0
2011-07-22,-74719.0
2011-07-25,-99980.0
2011-07-26,-86649.0
2011-07-27,-73853.0
2011-07-28,-85514.0
2011-07-29,-89837.0
2011-08-01,-66941.0
2011-08-02,-61262.0
2011-08-03,-75866.0
2011-08-04,-71032.0
2011-08-05,-72902.0
2011-08-08,-74538.0
2011-08-09,-47321.0
2011-08-10,-47170.0
2011-08-11,-49975.0
2011-08-12,-49779.0
2011-08-15,-55238.0
2011-08-16,-55390.0
2011-08-17,-50958.0
2011-08-18,-34707.0
2011-08-19,-34814.0
2011-08-22,-33587.0
2011-08-23,-27539.0
2011-08-24,-17630.0
2011-08-25,-16302.0
2011-08-26,-12086.0
2011-08-29,-12652.0
2011-08-30,-19018.0
2011-08-31,-35195.0
2011-09-01,-37004.0
2011-09-02,-32493.0
2011-09-05,-36098.0
2011-09-06,-37373.0
2011-09-07,-37373.0
2011-09-08,-36595.0
2011-09-09,-30936.0
2011-09-12,-30559.0
2011-09-13,-32725.0
2011-09-14,-33259.0
2011-09-15,-33467.0
2011-09-16,-39028.0
2011-09-19,-55031.0
2011-09-20,-47278.0
2011-09-21,-44746.0
2011-09-22,-55062.0
2011-09-23,-41869.0
2011-09-26,-40354.0
2011-09-27,-26620.0
2011-09-28,-18608.0
2011-09-29,-25440.0
2011-09-30,-71604.0
2011-10-03,-92507.0
2011-10-04,-86351.6
2011-10-05,-90151.8
2011-10-06,-84644.2
2011-10-07,-87716.4
2011-10-10,-87947.4
2011-10-11,-89856.6
2011-10-12,-89856.6
2011-10-13,-85874.6
2011-10-14,-85097.2
2011-10-17,-77108.0
2011-10-18,-78997.2
2011-10-19,-71821.0
2011-10-20,-74528.6
2011-10-21,-79162.0
2011-10-24,-84614.0
2011-10-25,-84259.0
2011-10-26,-77652.2
2011-10-27,-61474.0
2011-10-28,-67873.8
2011-10-31,-79504.0
2011-11-01,-89988.2
2011-11-02,-89988.2
2011-11-03,-90455.0
2011-11-04,-84540.0
2011-11-07,-80163.8
2011-11-08,-82769.2
2011-11-09,-73058.4
2011-11-10,-80429.8
2011-11-11,-61930.0
2011-11-14,-62108.6
2011-11-15,-62108.6
2011-11-16,-62099.4
2011-11-17,-70256.6
2011-11-18,-66526.8
2011-11-21,-66287.4
2011-11-22,-61370.4
2011-11-23,-61408.0
2011-11-24,-41337.6
2011-11-25,-51851.2
2011-11-28,-53426.0
2011-11-29,-47768.4
2011-11-30,-55862.6
2011-12-01,-57877.2
2011-12-02,-67407.4
2011-12-05,-76295.2
2011-12-06,-74663.2
2011-12-07,-59368.6
2011-12-08,-56349.4
2011-12-09,-58181.2
2011-12-12,-53273.2
2011-12-13,-54893.6
2011-12-14,-43133.6
2011-12-15,-39421.8
2011-12-16,-27882.8
2011-12-19,-25416.0
2011-12-20,-20595.0
2011-12-21,-33682.4
2011-12-22,-38867.0
2011-12-23,-38776.4
2011-12-26,-39390.4
2011-12-27,-36677.6
2011-12-28,-25528.6
2011-12-29,-34598.0
2011-12-30,-34598.0
2012-01-02,-9922.8
2012-01-03,1010.8
2012-01-04,-20302.0
2012-01-05,-27584.0
2012-01-06,-25757.6
2012-01-09,-16752.4
2012-01-10,-13504.6
2012-01-11,-9182.6
2012-01-12,-2613.4
2012-01-13,2205.6
2012-01-16,-11964.4
2012-01-17,-21314.8
2012-01-18,-16220.6
2012-01-19,-594.2
2012-01-20,-3181.6
2012-01-23,-11399.0
2012-01-24,-8017.2
2012-01-25,-8017.2
2012-01-26,-6322.6
2012-01-27,-13938.0
2012-01-30,-15968.4
2012-01-31,-22175.4
2012-02-01,-46875.8
2012-02-02,-56064.6
2012-02-03,-59379.6
2012-02-06,-49727.6
2012-02-07,-46550.0
2012-02-08,-37072.2
2012-02-09,-21371.0
2012-02-10,-23924.2
2012-02-13,-33045.2
2012-02-14,-30611.4
2012-02-15,-37085.8
2012-02-16,-37039.8
2012-02-17,-30347.8
2012-02-20,-30347.8
2012-02-21,-30347.8
2012-02-22,-21155.8
2012-02-23,-6712.2
2012-02-24,-6855.2
2012-02-27,-22575.2
2012-02-28,-15637.2
2012-02-29,-1814.0
2012-03-01,-15949.2
2012-03-02,-8346.6
2012-03-05,-11998.2
2012-03-06,-2418.8
2012-03-07,26511.6
2012-03-08,55455.8
2012-03-09,76930.6
2012-03-12,91473.6
2012-03-13,103760.4
2012-03-14,113763.0
2012-03-15,112988.2
2012-03-16,127550.6
2012-03-19,136905.6
2012-03-20,141926.2
2012-03-21,148109.8
2012-03-22,141903.2
2012-03-23,137129.0
2012-03-26,133743.2
2012-03-27,140941.4
2012-03-28,129238.0
2012-03-29,105744.4
2012-03-30,104446.2
2012-04-02,-13013.2
2012-04-03,-15022.8
2012-04-04,-2309.8
2012-04-05,-7155.8
2012-04-06,-7155.8
2012-04-09,-5080.4
2012-04-10,849.4
2012-04-11,6189.0
2012-04-12,10401.4
2012-04-13,11205.4
2012-04-16,21633.4
2012-04-17,31908.8
2012-04-18,36273.2
2012-04-19,37490.4
2012-04-20,40282.2
2012-04-23,46406.4
2012-04-24,61721.8
2012-04-25,76645.8
2012-04-26,64374.4
2012-04-27,57944.8
2012-04-30,78760.6
2012-05-01,78760.6
2012-05-02,83337.0
2012-05-03,59519.2
2012-05-04,50552.8
2012-05-07,58325.0
2012-05-08,65105.6
2012-05-09,78010.4
2012-05-10,71622.2
2012-05-11,64840.8
2012-05-14,76531.6
2012-05-15,93020.0
2012-05-16,97147.2
2012-05-17,101875.8
2012-05-18,97533.4
2012-05-21,113359.8
2012-05-22,143071.4
2012-05-23,126816.0
2012-05-24,131477.6
2012-05-25,130209.6
2012-05-28,122729.0
2012-05-29,114128.2
2012-05-30,117512.6
2012-05-31,112441.2
2012-06-01,102033.8
2012-06-04,105003.0
2012-06-05,97598.0
2012-06-06,93663.8
2012-06-07,93663.8
2012-06-08,98334.4
2012-06-11,109896.8
2012-06-12,114222.0
2012-06-13,114685.6
2012-06-14,103754.2
2012-06-15,106950.0
2012-06-18,106559.0
2012-06-19,106800.4
2012-06-20,106045.8
2012-06-21,97379.4
2012-06-22,92875.8
2012-06-25,100449.4
2012-06-26,95855.2
2012-06-27,115241.4
2012-06-28,107408.4
2012-06-29,84890.6
2012-07-02,62882.2
2012-07-03,75773.0
2012-07-04,85097.6
2012-07-05,87553.8
2012-07-06,89028.0
2012-07-09,89028.0
2012-07-10,84937.6
2012-07-11,81634.6
2012-07-12,83851.8
2012-07-13,87316.6
2012-07-16,92083.4
2012-07-17,90414.2
2012-07-18,92649.4
2012-07-19,91790.2
2012-07-20,90268.0
2012-07-23,91350.6
2012-07-24,91096.0
2012-07-25,89575.8
2012-07-26,84015.0
2012-07-27,75475.8
2012-07-30,71984.8
2012-07-31,5100.2
2012-08-01,-47228.0
2012-08-02,-51196.0
2012-08-03,-39964.6
2012-08-06,-42822.4
2012-08-07,-42609.0
2012-08-08,-43761.2
2012-08-09,-50301.6
2012-08-10,-51727.8
2012-08-13,-60323.4
2012-08-14,-50776.2
2012-08-15,-52023.8
2012-08-16,-46459.0
2012-08-17,-53219.2
2012-08-20,-53703.0
2012-08-21,-54891.2
2012-08-22,-53106.4
2012-08-23,-57551.2
2012-08-24,-50488.2
2012-08-27,-60595.2
2012-08-28,-56796.2
2012-08-29,8927.6
2012-08-30,-7429.4
2012-08-31,37616.0
2012-09-03,31071.4
2012-09-04,28580.4
2012-09-05,15819.8
2012-09-06,15976.2
2012-09-07,15976.2
2012-09-10,38526.2
2012-09-11,30920.8
2012-09-12,32273.0
2012-09-13,43876.8
2012-09-14,23736.2
2012-09-17,42416.8
2012-09-18,38391.2
2012-09-19,21982.2
2012-09-20,29343.4
2012-09-21,30938.8
2012-09-24,23718.8
2012-09-25,9886.6
2012-09-26,-140.39999999999998
2012-09-27,17151.4
2012-09-28,28772.6
2012-10-01,54518.6
2012-10-02,58758.4
2012-10-03,61925.2
2012-10-04,64418.2
2012-10-05,65425.6
2012-10-08,58707.6
2012-10-09,63975.0
2012-10-10,63534.6
2012-10-11,73305.8
2012-10-12,73305.8
2012-10-15,68113.2
2012-10-16,65140.2
2012-10-17,76392.2
2012-10-18,80610.6
2012-10-19,83198.4
2012-10-22,82218.4
2012-10-23,78733.8
2012-10-24,79157.0
2012-10-25,78267.8
2012-10-26,77530.6
2012-10-29,73359.0
2012-10-30,74960.0
2012-10-31,128406.0
2012-11-01,69435.4
2012-11-02,69435.4
2012-11-05,62649.0
2012-11-06,60427.6
2012-11-07,64418.4
2012-11-08,65247.0
2012-11-09,70497.6
2012-11-12,77630.2
2012-11-13,96781.8
2012-11-14,88046.6
2012-11-15,88046.6
2012-11-16,78441.6
2012-11-19,89319.4
2012-11-20,89319.4
2012-11-21,85800.2
2012-11-22,89876.8
2012-11-23,105685.2
2012-11-26,112655.6
2012-11-27,106104.4
2012-11-28,100612.2
2012-11-29,99541.8
2012-11-30,169655.2
2012-12-03,108878.2
2012-12-04,101305.0
2012-12-05,101896.8
2012-12-06,107554.2
2012-12-07,104027.6
2012-12-10,101091.4
2012-12-11,101522.8
2012-12-12,108023.6
2012-12-13,107216.0
2012-12-14,107447.6
2012-12-17,102767.0
2012-12-18,98614.4
2012-12-19,95773.0
2012-12-20,92604.8
2012-12-21,88009.8
2012-12-24,88009.8
2012-12-25,88009.8
2012-12-26,79722.2
2012-12-27,91654.8
2012-12-28,101910.6
2012-12-31,101910.6
2013-01-01,101910.6
2013-01-02,18794.2
2013-01-03,7837.0
2013-01-04,12631.6
2013-01-07,33836.8
2013-01-08,41549.0
2013-01-09,38680.0
2013-01-10,27636.4
2013-01-11,28195.8
2013-01-14,39399.4
2013-01-15,34454.4
2013-01-16,22028.8
2013-01-17,4798.8
2013-01-18,14328.4
2013-01-21,13828.2
2013-01-22,14465.2
2013-01-23,2272.4
2013-01-24,16753.8
2013-01-25,16753.8
2013-01-28,8894.4
2013-01-29,-8627.0
2013-01-30,-10131.8
2013-01-31,4855.0
2013-02-01,40289.0
2013-02-04,36767.4
2013-02-05,48158.8
2013-02-06,48631.4
2013-02-07,37911.0
2013-02-08,34589.2
2013-02-11,34589.2
2013-02-12,34589.2
2013-02-13,36619.6
2013-02-14,34695.6
2013-02-15,39803.0
2013-02-18,34570.0
2013-02-19,25938.0
2013-02-20,42422.6
2013-02-21,39806.0
2013-02-22,22801.6
2013-02-25,20303.8
2013-02-26,20893.6
2013-02-27,838.4
2013-02-28,15764.0
2013-03-01,-40194.2
2013-03-04,-32136.2
2013-03-05,-27479.2
2013-03-06,-40608.8
2013-03-07,-36378.2
2013-03-08,-41210.8
2013-03-11,-27078.6
2013-03-12,-20749.6
2013-03-13,-29932.6
2013-03-14,-27473.2
2013-03-15,-25746.4
2013-03-18,-23588.2
2013-03-19,-21868.2
2013-03-20,-658.2
2013-03-21,3466.8
2013-03-22,7441.6
2013-03-25,10201.0
2013-03-26,17785.2
2013-03-27,25432.2
2013-03-28,44514.0
2013-03-29,44514.0
2013-04-01,24677.2
2013-04-02,22677.6
2013-04-03,19452.4
2013-04-04,15265.0
2013-04-05,4933.8
2013-04-08,599.8
2013-04-09,21088.8
2013-04-10,13418.2
2013-04-11,22820.8
2013-04-12,23001.6
2013-04-15,43136.4
2013-04-16,66113.8
2013-04-17,56697.4
2013-04-18,85048.0
2013-04-19,69620.8
2013-04-22,77895.0
2013-04-23,81304.6
2013-04-24,76407.4
2013-04-25,58701.8
2013-04-26,67127.6
2013-04-29,64683.0
2013-04-30,117082.0
2013-05-01,117082.0
2013-05-02,89710.2
2013-05-03,88984.0
2013-05-06,92947.4
2013-05-07,96007.2
2013-05-08,91361.4
2013-05-09,98395.2
2013-05-10,110538.4
2013-05-13,125433.6
2013-05-14,144378.4
2013-05-15,149346.2
2013-05-16,159051.0
2013-05-17,181530.4
2013-05-20,184176.0
2013-05-21,189998.2
2013-05-22,174715.2
2013-05-23,158342.4
2013-05-24,162463.6
2013-05-27,164283.4
2013-05-28,183516.6
2013-05-29,207519.2
2013-05-30,207519.2
2013-05-31,197167.0
2013-06-03,197137.4
2013-06-04,117570.8
2013-06-05,130604.4
2013-06-06,129712.8
2013-06-07,132885.0
2013-06-10,129543.6
2013-06-11,113268.0
2013-06-12,131447.8
2013-06-13,133597.8
2013-06-14,124764.4
2013-06-17,168932.2
2013-06-18,220990.8
2013-06-19,221255.6
2013-06-20,253954.8
2013-06-21,273373.6
2013-06-24,268754.4
2013-06-25,239303.0
2013-06-26,235959.4
2013-06-27,222698.4
2013-06-28,290920.0
2013-07-01,137171.2
2013-07-02,148998.0
2013-07-03,150433.8
2013-07-04,161605.8
2013-07-05,169937.0
2013-07-08,167205.2
2013-07-09,167205.2
2013-07-10,169343.2
2013-07-11,167345.0
2013-07-12,184193.2
2013-07-15,162326.4
2013-07-16,154446.6
2013-07-17,152701.2
2013-07-18,160258.8
2013-07-19,157026.0
2013-07-22,157759.8
2013-07-23,152662.0
2013-07-24,146885.4
2013-07-25,159077.4
2013-07-26,167343.6
2013-07-29,165844.4
2013-07-30,161244.4
2013-07-31,282168.4
2013-08-01,181708.6
2013-08-02,176744.0
2013-08-05,182357.6
2013-08-06,179744.6
2013-08-07,175897.8
2013-08-08,183217.2
2013-08-09,81594.8
2013-08-12,80663.4
2013-08-13,80496.0
2013-08-14,81195.0
2013-08-15,116443.2
2013-08-16,127398.2
2013-08-19,109611.2
2013-08-20,102317.6
2013-08-21,116246.8
2013-08-22,60038.0
2013-08-23,24111.0
2013-08-26,31290.4
2013-08-27,41401.4
2013-08-28,58675.6
2013-08-29,67359.4
2013-08-30,58544.2
2013-09-02,18026.2
2013-09-03,17044.4
2013-09-04,12619.4
2013-09-05,475.0
2013-09-06,-12291.6
2013-09-09,-15902.4
2013-09-10,-22194.0
2013-09-11,-32467.0
2013-09-12,-31210.2
2013-09-13,-27069.6
2013-09-16,-24402.2
2013-09-17,-16589.6
2013-09-18,-49369.6
2013-09-19,-54606.6
2013-09-20,-40193.2
2013-09-23,-48330.2
2013-09-24,-52948.6
2013-09-25,-33089.6
2013-09-26,-17715.4
2013-09-27,-24048.0
2013-09-30,-6241.6
2013-10-01,25356.8
2013-10-02,21381.0
2013-10-03,16671.8
2013-10-04,17661.4
2013-10-07,19023.2
2013-10-08,19183.4
2013-10-09,15747.4
2013-10-10,9837.6
2013-10-11,4807.2
2013-10-14,1382.8
2013-10-15,5193.8
2013-10-16,15910.4
2013-10-17,18525.4
2013-10-18,16810.0
2013-10-21,20895.6
2013-10-22,20015.2
2013-10-23,19476.6
2013-10-24,25542.0
2013-10-25,4190.4
2013-10-28,-3953.6
2013-10-29,-20461.2
2013-10-30,-18398.2
2013-10-31,-25707.6
2013-11-01,-73922.2
2013-11-04,-68496.0
2013-11-05,-63286.8
2013-11-06,-59629.8
2013-11-07,-55373.8
2013-11-08,-43750.2
2013-11-11,-55401.4
2013-11-12,-62594.2
2013-11-13,-62942.2
2013-11-14,-72823.6
2013-11-15,-72823.6
2013-11-18,-66149.6
2013-11-19,-75144.2
2013-11-20,-75144.2
2013-11-21,-68861.8
2013-11-22,-38954.4
2013-11-25,-26408.6
2013-11-26,-32223.8
2013-11-27,-35173.8
2013-11-28,-70006.0
2013-11-29,-64164.2
2013-12-02,-5381.6
2013-12-03,-25596.0
2013-12-04,-33964.6
2013-12-05,-57259.0
2013-12-06,-52941.4
2013-12-09,-50338.8
2013-12-10,-46200.4
2013-12-11,-43270.8
2013-12-12,-35238.8
2013-12-13,-38752.4
2013-12-16,-42939.2
2013-12-17,-27558.8
2013-12-18,-29362.2
2013-12-19,-39718.0
2013-12-20,-32686.4
2013-12-23,-36377.2
2013-12-24,-36377.2
2013-12-25,-36377.2
2013-12-26,-45281.0
2013-12-27,-42544.8
2013-12-30,-23856.8
2013-12-31,-23856.8
2014-01-01,-23856.8
2014-01-02,12863.0
2014-01-03,22269.2
2014-01-06,7712.6
2014-01-07,4954.2
2014-01-08,3880.6
2014-01-09,11701.2
2014-01-10,15895.4
2014-01-13,26837.6
2014-01-14,30022.6
2014-01-15,44284.2
2014-01-16,56100.8
2014-01-17,57927.2
2014-01-20,55295.2
2014-01-21,52955.6
2014-01-22,57732.0
2014-01-23,40173.4
2014-01-24,51834.0
2014-01-27,28357.2
2014-01-28,34578.8
2014-01-29,46801.4
2014-01-30,51476.2
2014-01-31,73229.6
2014-02-03,108011.8
2014-02-04,110607.0
2014-02-05,112836.0
2014-02-06,113298.8
2014-02-07,118292.6
2014-02-10,122158.2
2014-02-11,116752.6
2014-02-12,139913.0
2014-02-13,135029.8
2014-02-14,130626.2
2014-02-17,121236.4
2014-02-18,139396.0
2014-02-19,142502.4
2014-02-20,123755.2
2014-02-21,113788.2
2014-02-24,107502.8
2014-02-25,111272.6
2014-02-26,120940.2
2014-02-27,136413.6
2014-02-28,136265.0
2014-03-03,136265.0
2014-03-04,136265.0
2014-03-05,79152.8
2014-03-06,68309.2
2014-03-07,75219.4
2014-03-10,81226.4
2014-03-11,70645.6
2014-03-12,66806.2
2014-03-13,66169.2
2014-03-14,66065.4
2014-03-17,57449.8
2014-03-18,67951.8
2014-03-19,69420.6
2014-03-20,62050.0
2014-03-21,46722.2
2014-03-24,61968.4
2014-03-25,64076.6
2014-03-26,49737.0
2014-03-27,31397.2
2014-03-28,29793.0
2014-03-31,20994.2
2014-04-01,26064.0
2014-04-02,35971.2
2014-04-03,46747.8
2014-04-04,33000.6
2014-04-07,21952.8
2014-04-08,14186.6
2014-04-09,3999.2
2014-04-10,-28261.6
2014-04-11,-16934.2
2014-04-14,-14112.6
2014-04-15,-21055.4
2014-04-16,-19281.0
2014-04-17,-27119.4
2014-04-18,-27119.4
2014-04-21,-27119.4
2014-04-22,-8182.2
2014-04-23,-7974.4
2014-04-24,-14512.8
2014-04-25,-15172.6
2014-04-28,-13103.4
2014-04-29,-27049.4
2014-04-30,-21777.0
2014-05-01,-21777.0
2014-05-02,-10863.8
2014-05-05,-14015.0
2014-05-06,-17495.8
2014-05-07,-28542.2
2014-05-08,-27672.4
2014-05-09,-25876.8
2014-05-12,-28909.8
2014-05-13,-7940.0
2014-05-14,-4516.8
2014-05-15,21582.4
2014-05-16,11138.6
2014-05-19,8445.0
2014-05-20,24470.2
2014-05-21,28885.4
2014-05-22,30487.6
2014-05-23,31460.6
2014-05-26,30608.4
2014-05-27,40277.2
2014-05-28,33784.0
2014-05-29,49504.0
2014-05-30,59236.8
2014-06-02,12160.2
2014-06-03,19547.0
2014-06-04,23744.8
2014-06-05,18408.2
2014-06-06,15843.0
2014-06-09,7995.2
2014-06-10,5697.4
2014-06-11,3744.6
2014-06-12,3744.6
2014-06-13,-4976.4
2014-06-16,-1402.8
2014-06-17,5786.8
2014-06-18,19355.6
2014-06-19,19355.6
2014-06-20,17745.6
2014-06-23,13244.4
2014-06-24,24259.8
2014-06-25,22916.6
2014-06-26,26448.8
2014-06-27,16305.4
2014-06-30,21965.0
2014-07-01,-24520.6
2014-07-02,-36629.8
2014-07-03,-51343.4
2014-07-04,-51291.8
2014-07-07,-53446.6
2014-07-08,-50558.0
2014-07-09,-50558.0
2014-07-10,-57183.8
2014-07-11,-55606.6
2014-07-14,-65321.0
2014-07-15,-68179.8
2014-07-16,-78962.6
2014-07-17,-83402.2
2014-07-18,-98035.6
2014-07-21,-100824.8
2014-07-22,-104356.4
2014-07-23,-116845.8
2014-07-24,-117377.6
2014-07-25,-113659.0
2014-07-28,-97742.0
2014-07-29,-89857.2
2014-07-30,-81739.2
2014-07-31,-114672.6
2014-08-01,-125623.6
2014-08-04,-132525.0
2014-08-05,-118561.2
2014-08-06,-127245.2
2014-08-07,-121962.8
2014-08-08,-113340.4
2014-08-11,-117121.0
2014-08-12,-116508.4
2014-08-13,-122295.2
2014-08-14,-107387.8
2014-08-15,-110452.2
2014-08-18,-113558.8
2014-08-19,-106397.4
2014-08-20,-110121.2
2014-08-21,-121069.8
2014-08-22,-129381.6
2014-08-25,-120342.8
2014-08-26,-102287.4
2014-08-27,-128957.0
2014-08-28,-143939.2
2014-08-29,-153048.6
2014-09-01,-68212.4
2014-09-02,-57405.8
2014-09-03,-61129.2
2014-09-04,-67718.6
2014-09-05,-71849.0
2014-09-08,-61913.0
2014-09-09,-67532.0
2014-09-10,-65159.6
2014-09-11,-60419.6
2014-09-12,-75132.2
2014-09-15,-74478.8
2014-09-16,-79287.0
2014-09-17,-78687.8
2014-09-18,-78484.0
2014-09-19,-49932.6
2014-09-22,-46307.8
2014-09-23,-55416.4
2014-09-24,-62937.6
2014-09-25,-61446.4
2014-09-26,-34235.2
2014-09-29,501.8
2014-09-30,-39180.8
2014-10-01,-48140.8
2014-10-02,-48478.8
2014-10-03,-39210.8
2014-10-06,-66443.4
2014-10-07,-61926.0
2014-10-08,-66596.8
2014-10-09,-75577.6
2014-10-10,-69804.6
2014-10-13,-81631.4
2014-10-14,-88247.6
2014-10-15,-76831.4
2014-10-16,-71846.2
2014-10-17,-72506.6
2014-10-20,-73937.8
2014-10-21,-65789.2
2014-10-22,-73462.4
2014-10-23,-33788.0
2014-10-24,-35075.4
2014-10-27,-28574.8
2014-10-28,-39115.0
2014-10-29,-33706.6
2014-10-30,-40671.6
2014-10-31,-79267.6
2014-11-03,-12845.6
2014-11-04,-30578.8
2014-11-05,-28623.0
2014-11-06,-40882.6
2014-11-07,-46589.2
2014-11-10,-48385.8
2014-11-11,-45184.6
2014-11-12,-35944.8
2014-11-13,-52635.4
2014-11-14,-57231.6
2014-11-17,-53627.4
2014-11-18,-43268.8
2014-11-19,-47292.6
2014-11-20,-47292.6
2014-11-21,-50447.4
2014-11-24,-55352.8
2014-11-25,-56694.4
2014-11-26,-70332.8
2014-11-27,-64199.2
2014-11-28,-68621.2
2014-12-01,5756.8
2014-12-02,10103.0
2014-12-03,16615.0
2014-12-04,7036.6
2014-12-05,18758.2
2014-12-08,8898.4
2014-12-09,6619.8
2014-12-10,12285.4
2014-12-11,5067.6
2014-12-12,-3720.4
2014-12-15,-16789.6
2014-12-16,-26424.8
2014-12-17,-13432.2
2014-12-18,-29138.8
2014-12-19,-27149.2
2014-12-22,-23707.8
2014-12-23,-28527.8
2014-12-24,-28527.8
2014-12-25,-28527.8
2014-12-26,-34210.0
2014-12-29,-37916.4
2014-12-30,-2391.2
2014-12-31,-2391.2
2015-01-01,-2391.2
2015-01-02,71999.2
2015-01-05,62591.8
2015-01-06,72080.2
2015-01-07,62325.2
2015-01-08,63428.4
2015-01-09,76222.0
2015-01-12,83076.4
2015-01-13,102298.8
2015-01-14,93751.4
2015-01-15,89805.0
2015-01-16,95884.2
2015-01-19,101895.8
2015-01-20,104827.4
2015-01-21,86270.0
2015-01-22,69096.4
2015-01-23,58011.6
2015-01-26,58793.6
2015-01-27,67388.2
2015-01-28,65500.8
2015-01-29,60131.4
2015-01-30,57756.2
2015-02-02,12844.2
2015-02-03,13905.8
2015-02-04,17143.8
2015-02-05,20701.0
2015-02-06,25772.6
2015-02-09,34320.8
2015-02-10,26453.8
2015-02-11,21274.6
2015-02-12,22609.4
2015-02-13,28134.2
2015-02-16,28134.2
2015-02-17,28134.2
2015-02-18,30413.8
2015-02-19,22029.0
2015-02-20,15193.6
2015-02-23,16436.4
2015-02-24,-8479.0
2015-02-25,-30634.6
2015-02-26,-31642.4
2015-02-27,-27086.2
2015-03-02,-15194.4
2015-03-03,10220.0
2015-03-04,27261.6
2015-03-05,32647.4
2015-03-06,27878.0
2015-03-09,55233.8
2015-03-10,57271.8
2015-03-11,51451.4
2015-03-12,30478.4
2015-03-13,35587.6
2015-03-16,56248.0
2015-03-17,53614.0
2015-03-18,56449.6
2015-03-19,65148.4
2015-03-20,63946.2
2015-03-23,48926.2
2015-03-24,17318.4
2015-03-25,256.6
2015-03-26,5448.6
2015-03-27,12113.8
2015-03-30,14285.2
2015-03-31,-3730.4
2015-04-01,18384.2
2015-04-02,15906.4
2015-04-03,15906.4
2015-04-06,22574.6
2015-04-07,22862.6
2015-04-08,28376.0
2015-04-09,44106.8
2015-04-10,46811.6
2015-04-13,42909.6
2015-04-14,54316.2
2015-04-15,60416.4
2015-04-16,58206.4
2015-04-17,59237.8
2015-04-20,59565.8
2015-04-21,59565.8
2015-04-22,48878.8
2015-04-23,57446.6
2015-04-24,52090.8
2015-04-27,65903.0
2015-04-28,56357.6
2015-04-29,49530.8
2015-04-30,78031.8
2015-05-01,78031.8
2015-05-04,11590.2
2015-05-05,14942.4
2015-05-06,21152.0
2015-05-07,22420.0
2015-05-08,17274.6
2015-05-11,-1366.2
2015-05-12,-1166.0
2015-05-13,-9819.8
2015-05-14,-5689.0
2015-05-15,-20064.8
2015-05-18,-8318.0
2015-05-19,-3251.4
2015-05-20,7110.4
2015-05-21,1456.6
2015-05-22,-1549.8
2015-05-25,-3367.2
2015-05-26,-16390.0
2015-05-27,-17247.8
2015-05-28,-26614.2
2015-05-29,-37809.0
2015-06-01,-100329.2
2015-06-02,-88487.4
2015-06-03,-81215.4
2015-06-04,-81215.4
2015-06-05,-77409.8
2015-06-08,-69714.6
2015-06-09,-79749.8
2015-06-10,-85989.4
2015-06-11,-88422.0
2015-06-12,-92425.0
2015-06-15,-92046.8
2015-06-16,-85604.0
2015-06-17,-84028.8
2015-06-18,-108090.8
2015-06-19,-112929.2
2015-06-22,-130155.8
2015-06-23,-125619.2
2015-06-24,-131222.2
2015-06-25,-137151.8
2015-06-26,-144065.4
2015-06-29,-142649.4
2015-06-30,-195241.2
2015-07-01,-138037.6
2015-07-02,-115186.0
2015-07-03,-109260.4
2015-07-06,-101865.4
2015-07-07,-109241.8
2015-07-08,-117524.2
2015-07-09,-117524.2
2015-07-10,-109550.0
2015-07-13,-103790.6
2015-07-14,-103104.6
2015-07-15,-103395.0
2015-07-16,-105115.8
2015-07-17,-99074.6
2015-07-20,-105382.8
2015-07-21,-108446.4
2015-07-22,-113262.2
2015-07-23,-111867.2
2015-07-24,-98244.2
2015-07-27,-102640.4
2015-07-28,-107442.0
2015-07-29,-113067.6
2015-07-30,-120094.2
2015-07-31,-184918.8
2015-08-03,-56940.2
2015-08-04,-63155.0
2015-08-05,-55406.4
2015-08-06,-58600.2
2015-08-07,-54012.2
2015-08-10,-56481.2
2015-08-11,-63033.8
2015-08-12,-44265.8
2015-08-13,-50217.2
2015-08-14,-53260.4
2015-08-17,-64209.6
2015-08-18,-57863.4
2015-08-19,-61592.2
2015-08-20,-49977.0
2015-08-21,-49005.6
2015-08-24,-45528.4
2015-08-25,-33811.6
2015-08-26,-37773.8
2015-08-27,-48114.6
2015-08-28,-56802.4
2015-08-31,-62214.2
2015-09-01,-47196.6
2015-09-02,-49389.2
2015-09-03,-56248.8
2015-09-04,-58269.0
2015-09-07,-58269.0
2015-09-08,-57102.0
2015-09-09,-53752.2
2015-09-10,-56287.6
2015-09-11,-55178.2
2015-09-14,-61248.4
2015-09-15,-63783.4
2015-09-16,-64967.8
2015-09-17,-72250.8
2015-09-18,-75882.8
2015-09-21,-69205.2
2015-09-22,-61917.0
2015-09-23,-32935.2
2015-09-24,-21587.0
2015-09-25,-30174.4
2015-09-28,-38698.8
2015-09-29,-33033.2
2015-09-30,-46307.0
2015-10-01,-12401.6
2015-10-02,-14158.8
2015-10-05,-8706.0
2015-10-06,-10367.8
2015-10-07,-18412.6
2015-10-08,-11172.0
2015-10-09,-17900.4
2015-10-12,-17900.4
2015-10-13,-24946.0
2015-10-14,-19610.8
2015-10-15,-19640.8
2015-10-16,-21828.6
2015-10-19,-13878.4
2015-10-20,-25212.6
2015-10-21,-16150.4
2015-10-22,-18089.2
2015-10-23,-21758.2
2015-10-26,-15293.2
2015-10-27,-11244.0
2015-10-28,-22998.8
2015-10-29,-13705.8
2015-10-30,-6013.8
2015-11-02,-6013.8
2015-11-03,52635.2
2015-11-04,51208.2
2015-11-05,50249.4
2015-11-06,51430.6
2015-11-09,54669.8
2015-11-10,55973.6
2015-11-11,63749.4
2015-11-12,66254.6
2015-11-13,67647.6
2015-11-16,70761.2
2015-11-17,66409.4
2015-11-18,71612.4
2015-11-19,77117.4
2015-11-20,77117.4
2015-11-23,77701.0
2015-11-24,103776.8
2015-11-25,106089.6
2015-11-26,102476.2
2015-11-27,97706.6
2015-11-30,97045.2
2015-12-01,32885.0
2015-12-02,41700.4
2015-12-03,46265.8
2015-12-04,47918.0
2015-12-07,63836.2
2015-12-08,28438.6
2015-12-09,20848.0
2015-12-10,17344.0
2015-12-11,10778.8
2015-12-14,23859.2
2015-12-15,16589.0
2015-12-16,25549.8
2015-12-17,57571.0
2015-12-18,98537.0
2015-12-21,114236.0
2015-12-22,130609.0
2015-12-23,138841.4
2015-12-24,138841.4
2015-12-25,138841.4
2015-12-28,154518.6
2015-12-29,159832.2
2015-12-30,137750.4
2015-12-31,137750.4
2016-01-01,137750.4
2016-01-04,66065.6
2016-01-05,73263.6
2016-01-06,88588.6
2016-01-07,94755.6
2016-01-08,98293.2
2016-01-11,105899.0
2016-01-12,113355.8
2016-01-13,113343.8
2016-01-14,118859.4
2016-01-15,129407.4
2016-01-18,130929.6
2016-01-19,130351.0
2016-01-20,131898.0
2016-01-21,127854.0
2016-01-22,129604.0
2016-01-25,129604.0
2016-01-26,132858.0
2016-01-27,130155.0
2016-01-28,131717.2
2016-01-29,108993.0
2016-02-01,56777.8
2016-02-02,49475.0
2016-02-03,44121.4
2016-02-04,35493.8
2016-02-05,29247.4
2016-02-08,29247.4
2016-02-09,29247.4
2016-02-10,27541.0
2016-02-11,15679.0
2016-02-12,22267.0
2016-02-15,21954.2
2016-02-16,14351.0
2016-02-17,20832.0
2016-02-18,22882.2
2016-02-19,20001.4
2016-02-22,3103.6
2016-02-23,-509.2
2016-02-24,-12252.4
2016-02-25,-38202.6
2016-02-26,-48049.4
2016-02-29,-67730.2
2016-03-01,55708.0
2016-03-02,54693.4
2016-03-03,39504.0
2016-03-04,30917.0
2016-03-07,27288.6
2016-03-08,37485.0
2016-03-09,45809.2
2016-03-10,42196.6
2016-03-11,42775.2
2016-03-14,46705.0
2016-03-15,38915.8
2016-03-16,33849.2
2016-03-17,6820.2
2016-03-18,-4820.8
2016-03-21,-3512.0
2016-03-22,2911.8
2016-03-23,-8297.6
2016-03-24,-11303.6
2016-03-25,-11303.6
2016-03-28,7172.4
2016-03-29,25651.2
2016-03-30,30560.4
2016-03-31,32192.4
2016-04-01,-38800.8
2016-04-04,-38966.8
2016-04-05,-23899.8
2016-04-06,-17710.8
2016-04-07,-22645.4
2016-04-08,-39124.6
2016-04-11,-56420.8
2016-04-12,-44305.0
2016-04-13,-22818.0
2016-04-14,14283.2
2016-04-15,46825.0
2016-04-18,69871.6
2016-04-19,66619.4
2016-04-20,77786.0
2016-04-21,77786.0
2016-04-22,88563.4
2016-04-25,88723.4
2016-04-26,87356.0
2016-04-27,87330.0
2016-04-28,92853.4
2016-04-29,71441.0
2016-05-02,-87156.2
2016-05-03,-68925.4
2016-05-04,-74529.6
2016-05-05,-77242.0
2016-05-06,-88682.4
2016-05-09,-80287.8
2016-05-10,-89831.4
2016-05-11,-95614.8
2016-05-12,-85742.0
2016-05-13,-91216.0
2016-05-16,-90007.6
2016-05-17,-100003.8
2016-05-18,-68718.2
2016-05-19,-85681.0
2016-05-20,-89858.6
2016-05-23,-79577.6
2016-05-24,-65090.8
2016-05-25,-61500.2
2016-05-26,-61500.2
2016-05-27,-54368.0
2016-05-30,-53650.4
2016-05-31,-59231.6
2016-06-01,-77645.2
2016-06-02,-81993.4
2016-06-03,-84773.8
2016-06-06,-88148.4
2016-06-07,-86307.6
2016-06-08,-102390.0
2016-06-09,-99874.8
2016-06-10,-105155.8
2016-06-13,-108792.2
2016-06-14,-113361.0
2016-06-15,-110951.0
2016-06-16,-111071.4
2016-06-17,-118652.0
2016-06-20,-130192.4
2016-06-21,-120679.6
2016-06-22,-123491.4
2016-06-23,-111236.0
2016-06-24,-114741.8
2016-06-27,-97120.8
2016-06-28,-88471.6
2016-06-29,-81482.6
2016-06-30,-104548.0
2016-07-01,-135533.0
2016-07-04,-142230.6
2016-07-05,-140604.8
2016-07-06,-152354.8
2016-07-07,-139308.4
2016-07-08,-152670.6
2016-07-11,-147910.8
2016-07-12,-143829.8
2016-07-13,-155779.6
2016-07-14,-169547.6
2016-07-15,-168403.4
2016-07-18,-171639.6
2016-07-19,-160425.4
2016-07-20,-159127.2
2016-07-21,-154843.8
2016-07-22,-154627.8
2016-07-25,-144112.4
2016-07-26,-124450.6
2016-07-27,-120548.4
2016-07-28,-126412.2
2016-07-29,-136674.8
2016-08-01,-190653.2
2016-08-02,-187489.6
2016-08-03,-190533.0
2016-08-04,-197566.0
2016-08-05,-214845.8
2016-08-08,-216806.4
2016-08-09,-227222.4
2016-08-10,-227564.8
2016-08-11,-232684.4
2016-08-12,-231639.6
2016-08-15,-233203.6
2016-08-16,-236029.4
2016-08-17,-230950.6
2016-08-18,-233611.0
2016-08-19,-230723.2
2016-08-22,-227095.8
2016-08-23,-243809.2
2016-08-24,-248903.6
2016-08-25,-250305.2
2016-08-26,-248469.0
2016-08-29,-245357.2
2016-08-30,-240906.2
2016-08-31,-216068.4
2016-09-01,-188770.6
2016-09-02,-187286.2
2016-09-05,-184359.0
2016-09-06,-187242.6
2016-09-07,-187242.6
2016-09-08,-181058.6
2016-09-09,-183593.6
2016-09-12,-189040.4
2016-09-13,-189205.4
2016-09-14,-190773.8
2016-09-15,-189375.6
2016-09-16,-181558.0
2016-09-19,-190755.0
2016-09-20,-191262.8
2016-09-21,-200618.8
2016-09-22,-190774.2
2016-09-23,-191904.8
2016-09-26,-192633.8
2016-09-27,-185184.8
2016-09-28,-160568.8
2016-09-29,-152511.8
2016-09-30,-153061.4
2016-10-03,-97054.4
2016-10-04,-105437.4
2016-10-05,-103689.8
2016-10-06,-102582.0
2016-10-07,-112074.8
2016-10-10,-107371.2
2016-10-11,-106278.8
2016-10-12,-106278.8
2016-10-13,-111155.0
2016-10-14,-124143.8
2016-10-17,-122285.8
2016-10-18,-128097.0
2016-10-19,-118402.8
2016-10-20,-107939.4
2016-10-21,-113118.6
2016-10-24,-102246.8
2016-10-25,-92057.2
2016-10-26,-69968.2
2016-10-27,-58750.8
2016-10-28,-52053.4
2016-10-31,-47722.6
2016-11-01,-179067.6
2016-11-02,-179067.6
2016-11-03,-182061.6
2016-11-04,-178023.8
2016-11-07,-177844.6
2016-11-08,-162117.0
2016-11-09,-161748.8
2016-11-10,-146474.4
2016-11-11,-135781.6
2016-11-14,-132348.0
2016-11-15,-132348.0
2016-11-16,-132679.8
2016-11-17,-129895.0
2016-11-18,-105706.6
2016-11-21,-103540.6
2016-11-22,-113082.4
2016-11-23,-106824.2
2016-11-24,-106110.6
2016-11-25,-95118.8
2016-11-28,-98521.6
2016-11-29,-99912.2
2016-11-30,-108546.8
2016-12-01,-152431.0
2016-12-02,-149362.2
2016-12-05,-138698.8
2016-12-06,-143213.6
2016-12-07,-154503.2
2016-12-08,-147828.4
2016-12-09,-155715.4
2016-12-12,-145163.6
2016-12-13,-163834.6
2016-12-14,-153722.6
2016-12-15,-155589.6
2016-12-16,-143654.0
2016-12-19,-128423.6
2016-12-20,-134205.2
2016-12-21,-141323.6
2016-12-22,-145148.2
2016-12-23,-150142.0
2016-12-26,-152132.6
2016-12-27,-166518.0
2016-12-28,-170623.8
2016-12-29,-169208.4
2016-12-30,-169208.4
2017-01-02,-128537.6
2017-01-03,-148163.0
2017-01-04,-155459.8
2017-01-05,-147271.4
2017-01-06,-146970.4
2017-01-09,-147939.0
2017-01-10,-147412.0
2017-01-11,-137691.8
2017-01-12,-130083.6
2017-01-13,-111941.8
2017-01-16,-110109.2
2017-01-17,-126287.4
2017-01-18,-131985.4
2017-01-19,-130597.4
2017-01-20,-130916.8
2017-01-23,-139840.4
2017-01-24,-142385.2
2017-01-25,-142385.2
2017-01-26,-147173.0
2017-01-27,-149096.8
2017-01-30,-171453.8
2017-01-31,-167254.0
2017-02-01,-69055.0
2017-02-02,-68907.4
2017-02-03,-60471.2
2017-02-06,-60584.2
2017-02-07,-60567.6
2017-02-08,-58490.0
2017-02-09,-65653.0
2017-02-10,-71118.8
2017-02-13,-67173.2
2017-02-14,-75720.2
2017-02-15,-81374.0
2017-02-16,-67790.2
2017-02-17,-69888.6
2017-02-20,-70620.2
2017-02-21,-70129.0
2017-02-22,-64471.6
2017-02-23,-97340.6
2017-02-24,-108890.2
2017-02-27,-108890.2
2017-02-28,-108890.2
2017-03-01,-138809.6
2017-03-02,-140956.6
2017-03-03,-150268.2
2017-03-06,-148153.4
2017-03-07,-144948.8
2017-03-08,-141049.6
2017-03-09,-131523.2
2017-03-10,-125031.4
2017-03-13,-118208.0
2017-03-14,-103471.4
2017-03-15,-113596.2
2017-03-16,-115971.6
2017-03-17,-107171.6
2017-03-20,-113419.8
2017-03-21,-98122.8
2017-03-22,-100197.2
2017-03-23,-97207.6
2017-03-24,-95920.0
2017-03-27,-98053.8
2017-03-28,-110645.2
2017-03-29,-109948.4
2017-03-30,-123004.2
2017-03-31,-112554.8
2017-04-03,-118481.6
2017-04-04,-114184.6
2017-04-05,-113649.2
2017-04-06,-109685.0
2017-04-07,-100818.4
2017-04-10,-103201.4
2017-04-11,-106171.2
2017-04-12,-97535.0
2017-04-13,-94783.8
2017-04-14,-94783.8
2017-04-17,-105496.6
2017-04-18,-104708.8
2017-04-19,-96418.8
2017-04-20,-103717.8
2017-04-21,-103717.8
2017-04-24,-89074.0
2017-04-25,-67819.6
2017-04-26,-62744.6
2017-04-27,-84485.0
2017-04-28,-110359.2
2017-05-01,-110359.2
2017-05-02,-117869.4
2017-05-03,-121266.4
2017-05-04,-121050.2
2017-05-05,-125405.8
2017-05-08,-123867.6
2017-05-09,-116590.4
2017-05-10,-109396.0
2017-05-11,-116125.8
2017-05-12,-127697.0
2017-05-15,-127390.0
2017-05-16,-134445.4
2017-05-17,-153586.6
2017-05-18,-93489.6
2017-05-19,-100321.2
2017-05-22,-98725.4
2017-05-23,-72896.6
2017-05-24,-81687.8
2017-05-25,-71863.6
2017-05-26,-77709.2
2017-05-29,-77366.2
2017-05-30,-111987.4
2017-05-31,-123825.6
2017-06-01,13576.4
2017-06-02,16966.2
2017-06-05,26137.8
2017-06-06,18818.8
2017-06-07,15142.0
2017-06-08,4764.6
2017-06-09,18412.8
2017-06-12,22790.4
2017-06-13,14685.2
2017-06-14,1571.2
2017-06-15,1571.2
2017-06-16,4560.4
2017-06-19,3450.6
2017-06-20,4997.0
2017-06-21,6558.8
2017-06-22,2059.8
2017-06-23,-16207.6
2017-06-26,-20166.0
2017-06-27,-22554.4
2017-06-28,-32017.2
2017-06-29,-55115.8
2017-06-30,-15627.8
2017-07-03,62242.6
2017-07-04,60566.2
2017-07-05,53759.0
2017-07-06,53333.0
2017-07-07,49729.2
2017-07-10,55900.2
2017-07-11,52255.2
2017-07-12,43482.2
2017-07-13,31120.0
2017-07-14,29013.8
2017-07-17,29592.8
2017-07-18,18316.6
2017-07-19,22518.4
2017-07-20,19428.8
2017-07-21,33866.6
2017-07-24,30489.2
2017-07-25,35464.0
2017-07-26,12966.0
2017-07-27,13539.6
2017-07-28,-4963.4
2017-07-31,-16652.2
2017-08-01,-48970.2
2017-08-02,-41485.8
2017-08-03,-44086.6
2017-08-04,-31511.0
2017-08-07,-28409.2
2017-08-08,-26237.2
2017-08-09,-34496.4
2017-08-10,-29881.8
2017-08-11,-34742.6
2017-08-14,-27322.0
2017-08-15,-25662.4
2017-08-16,-31721.0
2017-08-17,-18241.0
2017-08-18,-23632.2
2017-08-21,-17284.6
2017-08-22,-15244.0
2017-08-23,-16039.6
2017-08-24,-30297.2
2017-08-25,-32728.8
2017-08-28,-34488.0
2017-08-29,-42845.2
2017-08-30,-53559.2
2017-08-31,-57929.8
2017-09-01,-101815.6
2017-09-04,-98027.2
2017-09-05,-105262.8
2017-09-06,-118372.8
2017-09-07,-118372.8
2017-09-08,-127895.4
2017-09-11,-162227.6
2017-09-12,-159025.6
2017-09-13,-144829.0
2017-09-14,-117413.0
2017-09-15,-79793.8
2017-09-18,-89066.4
2017-09-19,-95503.0
2017-09-20,-69833.2
2017-09-21,-59409.6
2017-09-22,-67406.6
2017-09-25,-47016.2
2017-09-26,-39456.2
2017-09-27,-35470.4
2017-09-28,-68223.2
2017-09-29,-65258.8
2017-10-02,-184900.8
2017-10-03,-194781.6
2017-10-04,-184565.6
2017-10-05,-185771.6
2017-10-06,-176840.0
2017-10-09,-179577.6
2017-10-10,-188671.6
2017-10-11,-193371.6
2017-10-12,-193371.6
2017-10-13,-202686.8
2017-10-16,-197308.2
2017-10-17,-195553.0
2017-10-18,-202975.2
2017-10-19,-212238.0
2017-10-20,-214646.8
2017-10-23,-213620.6
2017-10-24,-206958.0
2017-10-25,-201743.4
2017-10-26,-200877.4
2017-10-27,-197428.0
2017-10-30,-215255.0
2017-10-31,-237517.4
2017-11-01,-203070.6
2017-11-02,-203070.6
2017-11-03,-184105.0
2017-11-06,-175123.8
2017-11-07,-169994.8
2017-11-08,-176575.2
2017-11-09,-179953.8
2017-11-10,-180069.2
2017-11-13,-179898.4
2017-11-14,-182537.4
2017-11-15,-182537.4
2017-11-16,-165176.6
2017-11-17,-170741.6
2017-11-20,-170741.6
2017-11-21,-184214.6
2017-11-22,-175572.8
2017-11-23,-171946.2
2017-11-24,-178943.2
2017-11-27,-189498.0
2017-11-28,-188869.2
2017-11-29,-177179.8
2017-11-30,-133455.2
2017-12-01,-115403.2
2017-12-04,-116838.2
2017-12-05,-113684.2
2017-12-06,-107359.8
2017-12-07,-117580.2
2017-12-08,-113411.8
2017-12-11,-106603.8
2017-12-12,-114271.4
2017-12-13,-142638.6
2017-12-14,-155128.0
2017-12-15,-137217.8
2017-12-18,-139191.8
2017-12-19,-143457.2
2017-12-20,-141519.0
2017-12-21,-149468.2
2017-12-22,-141211.0
2017-12-25,-141211.0
2017-12-26,-157555.8
2017-12-27,-150260.8
2017-12-28,-143162.4
2017-12-29,-143162.4
2018-01-01,-143162.4
2018-01-02,-41684.0
2018-01-03,-44581.8
2018-01-04,-66290.4
2018-01-05,-74216.4
2018-01-08,-83542.4
2018-01-09,-92852.0
2018-01-10,-81971.2
2018-01-11,-81474.2
2018-01-12,-107045.2
2018-01-15,-117186.2
2018-01-16,-130076.6
2018-01-17,-113437.2
2018-01-18,-112085.4
2018-01-19,-113532.4
2018-01-22,-112528.8
2018-01-23,-98813.2
2018-01-24,-106923.6
2018-01-25,-106923.6
2018-01-26,-112463.4
2018-01-29,-116657.6
2018-01-30,-112294.6
2018-01-31,-165430.2
2018-02-01,-164483.4
2018-02-02,-170224.8
2018-02-05,-157336.8
2018-02-06,-158771.4
2018-02-07,-161007.6
2018-02-08,-147294.4
2018-02-09,-132948.4
2018-02-12,-132948.4
2018-02-13,-132948.4
2018-02-14,-129035.8
2018-02-15,-130190.2
2018-02-16,-131926.2
2018-02-19,-131033.8
2018-02-20,-135327.6
2018-02-21,-145159.2
2018-02-22,-148341.4
2018-02-23,-153631.4
2018-02-26,-164367.8
2018-02-27,-196683.8
2018-02-28,-220000.0
2018-03-01,-173610.4
2018-03-02,-179186.0
2018-03-05,-172738.2
2018-03-06,-167839.2
2018-03-07,-185188.6
2018-03-08,-191153.0
2018-03-09,-188164.4
2018-03-12,-199264.8
2018-03-13,-205710.4
2018-03-14,-204293.8
2018-03-15,-219368.8
2018-03-16,-221729.8
2018-03-19,-208735.4
2018-03-20,-212770.2
2018-03-21,-219243.4
2018-03-22,-221712.6
2018-03-23,-226448.6
2018-03-26,-201863.8
2018-03-27,-190660.8
2018-03-28,-166019.0
2018-03-29,-160338.2
2018-03-30,-160338.2
2018-04-02,-118078.6
2018-04-03,-117944.4
2018-04-04,-104663.6
2018-04-05,-96990.6
2018-04-06,-90432.0
2018-04-09,-89119.4
2018-04-10,-80467.4
2018-04-11,-73613.0
2018-04-12,-68674.4
2018-04-13,-67184.6
2018-04-16,-67564.6
2018-04-17,-71233.6
2018-04-18,-70338.6
2018-04-19,-73154.6
2018-04-20,-77148.8
2018-04-23,-56838.8
2018-04-24,-88789.0
2018-04-25,-65199.2
2018-04-26,-81198.8
2018-04-27,-92089.4
2018-04-30,-81689.4
2018-05-01,-81689.4
2018-05-02,-121506.6
2018-05-03,-113542.4
2018-05-04,-112745.2
2018-05-07,-117501.8
2018-05-08,-106488.0
2018-05-09,-117689.8
2018-05-10,-109221.8
2018-05-11,-106150.6
2018-05-14,-103182.4
2018-05-15,-102173.0
2018-05-16,-117758.2
2018-05-17,-129566.4
2018-05-18,-113276.2
2018-05-21,-129337.2
2018-05-22,-129368.2
2018-05-23,-110528.6
2018-05-24,-115023.6
2018-05-25,-115863.0
2018-05-28,-104427.4
2018-05-29,-104582.6
2018-05-30,-107594.0
2018-05-31,-107594.0
2018-06-01,-124181.8
2018-06-04,-116919.2
2018-06-05,-129732.2
2018-06-06,-117766.8
2018-06-07,-98317.0
2018-06-08,-158946.2
2018-06-11,-187871.4
2018-06-12,-180902.0
2018-06-13,-212380.4
2018-06-14,-183119.8
2018-06-15,-187107.6
2018-06-18,-196818.2
2018-06-19,-201179.6
2018-06-20,-209952.6
2018-06-21,-211461.2
2018-06-22,-212794.6
2018-06-25,-217357.2
2018-06-26,-223315.6
2018-06-27,-224005.0
2018-06-28,-210908.4
2018-06-29,-210835.0
2018-07-02,-63801.2
2018-07-03,-67635.6
2018-07-04,-63296.4
2018-07-05,-67024.2
2018-07-06,-62996.2
2018-07-09,-62996.2
2018-07-10,-59036.8
2018-07-11,-64240.8
2018-07-12,-57883.0
2018-07-13,-63169.6
2018-07-16,-73438.8
2018-07-17,-70423.8
2018-07-18,-63491.4
2018-07-19,-68380.8
2018-07-20,-68927.0
2018-07-23,-66824.0
2018-07-24,-74841.0
2018-07-25,-82332.0
2018-07-26,-82134.2
2018-07-27,-94751.8
2018-07-30,-120569.0
2018-07-31,-66566.0
2018-08-01,101645.8
2018-08-02,99591.8
2018-08-03,85117.8
2018-08-06,84231.0
2018-08-07,80901.0
2018-08-08,85644.8
2018-08-09,88368.4
2018-08-10,88220.8
2018-08-13,102171.6
2018-08-14,93515.2
2018-08-15,89459.6
2018-08-16,92020.2
2018-08-17,110483.2
2018-08-20,116172.0
2018-08-21,131174.2
2018-08-22,101015.6
2018-08-23,94338.8
2018-08-24,100977.0
2018-08-27,88094.8
2018-08-28,82784.4
2018-08-29,93723.8
2018-08-30,81231.8
2018-08-31,61376.6
2018-09-03,-63507.8
2018-09-04,-54264.8
2018-09-05,-64548.2
2018-09-06,-92794.2
2018-09-07,-92794.2
2018-09-10,-104200.4
2018-09-11,-83665.2
2018-09-12,-85555.6
2018-09-13,-70004.2
2018-09-14,-67880.0
2018-09-17,-71021.8
2018-09-18,-71504.6
2018-09-19,-61759.4
2018-09-20,-58135.2
2018-09-21,-50814.8
2018-09-24,-44238.8
2018-09-25,-16579.4
2018-09-26,-19736.4
2018-09-27,-39676.2
2018-09-28,-726.0
2018-10-01,86206.0
2018-10-02,65058.8
2018-10-03,13818.0
2018-10-04,1397.2
2018-10-05,-3243.4
2018-10-08,-20151.2
2018-10-09,-30925.8
2018-10-10,-35352.4
2018-10-11,-51715.4
2018-10-12,-51715.4
2018-10-15,-43720.6
2018-10-16,-45702.2
2018-10-17,-33071.0
2018-10-18,-38509.0
2018-10-19,-35005.0
2018-10-22,-53669.0
2018-10-23,-64753.4
2018-10-24,-51684.0
2018-10-25,-22769.6
2018-10-26,-21687.8
2018-10-29,-47555.0
2018-10-30,-72264.6
2018-10-31,-80604.6
2018-11-01,-175756.0
2018-11-02,-175756.0
2018-11-05,-178498.8
2018-11-06,-171121.8
2018-11-07,-173679.8
2018-11-08,-182944.0
2018-11-09,-188287.8
2018-11-12,-194082.4
2018-11-13,-200207.4
2018-11-14,-183885.6
2018-11-15,-183885.6
2018-11-16,-194851.2
2018-11-19,-192015.8
2018-11-20,-192015.8
2018-11-21,-198840.0
2018-11-22,-208223.2
2018-11-23,-215307.0
2018-11-26,-221803.6
2018-11-27,-228993.2
2018-11-28,-259165.2
2018-11-29,-269394.2
2018-11-30,-297017.4
2018-12-03,-182597.0
2018-12-04,-196763.6
2018-12-05,-202729.4
2018-12-06,-196807.4
2018-12-07,-194577.6
2018-12-10,-200664.4
2018-12-11,-207409.0
2018-12-12,-211138.6
2018-12-13,-228911.8
2018-12-14,-234055.0
2018-12-17,-221851.4
2018-12-18,-214449.0
2018-12-19,-213592.2
2018-12-20,-208260.8
2018-12-21,-209802.6
2018-12-24,-209802.6
2018-12-25,-209802.6
2018-12-26,-221912.0
2018-12-27,-233701.2
2018-12-28,-215110.4
2018-12-31,-215110.4
2019-01-01,-215110.4
2019-01-02,-140054.6
2019-01-03,-177750.2
2019-01-04,-196478.6
2019-01-07,-210109.0
2019-01-08,-212237.6
2019-01-09,-223582.0
2019-01-10,-230162.0
2019-01-11,-241566.4
2019-01-14,-251985.8
2019-01-15,-242548.0
2019-01-16,-237006.4
2019-01-17,-246646.2
2019-01-18,-247637.8
2019-01-21,-244175.4
2019-01-22,-237375.6
2019-01-23,-234320.2
2019-01-24,-240174.0
2019-01-25,-240174.0
2019-01-28,-239032.4
2019-01-29,-247413.4
2019-01-30,-251127.4
2019-01-31,-251383.2
2019-02-01,-179988.4
2019-02-04,-186153.2
2019-02-05,-173697.4
2019-02-06,-162225.4
2019-02-07,-176082.0
2019-02-08,-190787.8
2019-02-11,-174555.8
2019-02-12,-165814.4
2019-02-13,-157119.2
2019-02-14,-167324.0
2019-02-15,-164997.6
2019-02-18,-163730.6
2019-02-19,-157747.6
2019-02-20,-154582.2
2019-02-21,-158286.8
2019-02-22,-159711.4
2019-02-25,-158864.6
2019-02-26,-149909.0
2019-02-27,-145522.2
2019-02-28,-131021.8
2019-03-01,-150063.4
2019-03-04,-150063.4
2019-03-05,-150063.4
2019-03-06,-140506.4
2019-03-07,-120666.2
2019-03-08,-118830.2
2019-03-11,-118047.2
2019-03-12,-116057.2
2019-03-13,-111675.2
2019-03-14,-110693.8
2019-03-15,-107669.2
2019-03-18,-121970.0
2019-03-19,-125559.6
2019-03-20,-111382.8
2019-03-21,-111446.6
2019-03-22,-74470.6
2019-03-25,-70564.2
2019-03-26,-67405.6
2019-03-27,-26465.4
2019-03-28,-31250.6
2019-03-29,-51680.2
2019-04-01,-37830.2
2019-04-02,-53491.0
2019-04-03,-61230.6
2019-04-04,-63118.4
2019-04-05,-75436.4
2019-04-08,-78270.4
2019-04-09,-72668.4
2019-04-10,-77423.0
2019-04-11,-79436.6
2019-04-12,-59986.4
2019-04-15,-51788.6
2019-04-16,-58446.2
2019-04-17,-47049.2
2019-04-18,-47324.0
2019-04-19,-47324.0
2019-04-22,-48815.8
2019-04-23,-39674.0
2019-04-24,-18612.8
2019-04-25,-19059.6
2019-04-26,837.2
2019-04-29,-8424.0
2019-04-30,-25367.8
2019-05-01,-25367.8
2019-05-02,-74491.2
2019-05-03,-83520.6
2019-05-06,-76843.4
2019-05-07,-60663.4
2019-05-08,-66529.6
2019-05-09,-65596.6
2019-05-10,-71531.8
2019-05-13,-53362.4
2019-05-14,-45522.0
2019-05-15,-25254.6
2019-05-16,-21418.4
2019-05-17,-13268.6
2019-05-20,-6092.4
2019-05-21,-2248.2
2019-05-22,4403.4
2019-05-23,5670.4
2019-05-24,-5984.0
2019-05-27,-5480.6
2019-05-28,3152.2
2019-05-29,4569.2
2019-05-30,9324.2
2019-05-31,21315.4
2019-06-03,-48076.0
2019-06-04,-56215.2
2019-06-05,-49744.2
2019-06-06,-50969.0
2019-06-07,-63903.0
2019-06-10,-60896.4
2019-06-11,-67932.4
2019-06-12,-66175.8
2019-06-13,-85457.6
2019-06-14,-72688.6
2019-06-17,-62830.0
2019-06-18,-78866.8
2019-06-19,-92855.6
2019-06-20,-92855.6
2019-06-21,-89184.6
2019-06-24,-87518.4
2019-06-25,-75372.8
2019-06-26,-80751.8
2019-06-27,-75388.2
2019-06-28,-21222.0
2019-07-01,96303.2
2019-07-02,103978.0
2019-07-03,86700.2
2019-07-04,74372.6
2019-07-05,62951.2
2019-07-08,60060.6
2019-07-09,60060.6
2019-07-10,49041.8
2019-07-11,32968.0
2019-07-12,23778.0
2019-07-15,24186.8
2019-07-16,19427.0
2019-07-17,3978.6
2019-07-18,-6617.8
2019-07-19,-6914.8
2019-07-22,-2354.4
2019-07-23,-14815.2
2019-07-24,-20990.8
2019-07-25,-5460.8
2019-07-26,-13995.2
2019-07-29,-14387.6
2019-07-30,-16251.4
2019-07-31,49219.8
2019-08-01,-74508.0
2019-08-02,-105531.6
2019-08-05,-80943.4
2019-08-06,-81324.6
2019-08-07,-82197.2
2019-08-08,-96205.8
2019-08-09,-79504.6
2019-08-12,-66127.0
2019-08-13,-87170.4
2019-08-14,-62048.6
2019-08-15,-65874.4
2019-08-16,-61986.6
2019-08-19,-49671.0
2019-08-20,-53120.4
2019-08-21,-66496.4
2019-08-22,-51957.2
2019-08-23,-49322.6
2019-08-26,-34505.6
2019-08-27,-52328.2
2019-08-28,-47708.6
2019-08-29,-80558.2
2019-08-30,-140314.8
2019-09-02,-194398.4
2019-09-03,-200258.6
2019-09-04,-225096.0
2019-09-05,-240717.4
2019-09-06,-256353.6
2019-09-09,-268985.6
2019-09-10,-272654.0
2019-09-11,-285773.0
2019-09-12,-282027.8
2019-09-13,-293746.2
2019-09-16,-281729.6
2019-09-17,-280434.2
2019-09-18,-285469.0
2019-09-19,-255316.8
2019-09-20,-239142.4
2019-09-23,-219651.2
2019-09-24,-213705.0
2019-09-25,-218921.4
2019-09-26,-235195.2
2019-09-27,-269611.2
2019-09-30,-272740.4
2019-10-01,-181844.2
2019-10-02,-169249.6
2019-10-03,-182895.0
2019-10-04,-196982.6
2019-10-07,-206295.8
2019-10-08,-198028.4
2019-10-09,-198661.8
2019-10-10,-204995.4
2019-10-11,-216083.2
2019-10-14,-209407.2
2019-10-15,-209126.2
2019-10-16,-208136.4
2019-10-17,-187812.2
2019-10-18,-195544.0
2019-10-21,-187478.2
2019-10-22,-180408.6
2019-10-23,-206608.2
2019-10-24,-217312.4
2019-10-25,-217934.4
2019-10-28,-223560.8
2019-10-29,-215940.6
2019-10-30,-204310.6
2019-10-31,-212259.6
2019-11-01,-191264.6
2019-11-04,-186007.4
2019-11-05,-203053.8
2019-11-06,-188804.4
2019-11-07,-184185.4
2019-11-08,-173315.0
2019-11-11,-179216.2
2019-11-12,-171457.6
2019-11-13,-169306.8
2019-11-14,-166959.4
2019-11-15,-166959.4
2019-11-18,-152905.0
2019-11-19,-143277.2
2019-11-20,-143277.2
2019-11-21,-147447.0
2019-11-22,-160854.8
2019-11-25,-149751.4
2019-11-26,-114631.0
2019-11-27,-115252.2
2019-11-28,-138361.6
2019-11-29,-86146.0
2019-12-02,-157575.2
2019-12-03,-165080.8
2019-12-04,-193066.8
2019-12-05,-191007.0
2019-12-06,-177449.6
2019-12-09,-174357.0
2019-12-10,-169694.2
2019-12-11,-169579.4
2019-12-12,-181218.0
2019-12-13,-182476.6
2019-12-16,-179450.4
2019-12-17,-202377.8
2019-12-18,-215482.2
2019-12-19,-214041.4
2019-12-20,-224626.2
2019-12-23,-233865.6
2019-12-24,-233865.6
2019-12-25,-233865.6
2019-12-26,-244018.0
2019-12-27,-255950.8
2019-12-30,-285488.6
2019-12-31,-285488.6
2020-01-01,-285488.6
2020-01-02,-130185.2
2020-01-03,-139571.6
2020-01-06,-136997.6
2020-01-07,-153570.2
2020-01-08,-168810.0
2020-01-09,-178216.4
2020-01-10,-178823.0
2020-01-13,-176446.8
2020-01-14,-174862.2
2020-01-15,-178758.2
2020-01-16,-174726.0
2020-01-17,-179510.2
2020-01-20,-185023.8
2020-01-21,-190842.6
2020-01-22,-193255.4
2020-01-23,-185344.2
2020-01-24,-181398.8
2020-01-27,-166899.8
2020-01-28,-159652.4
2020-01-29,-154144.2
2020-01-30,-159657.8
2020-01-31,-162522.6
2020-02-03,-151748.4
2020-02-04,-160403.2
2020-02-05,-164340.4
2020-02-06,-152473.2
2020-02-07,-108558.4
2020-02-10,-110926.8
2020-02-11,-104167.8
2020-02-12,-107352.8
2020-02-13,-126197.4
2020-02-14,-135907.8
2020-02-17,-130152.0
2020-02-18,-110344.6
2020-02-19,-102529.0
2020-02-20,-107190.0
2020-02-21,-113909.4
2020-02-24,-113909.4
2020-02-25,-113909.4
2020-02-26,-118111.2
2020-02-27,-130729.6
2020-02-28,-172885.6
2020-03-02,-127966.8
2020-03-03,-139577.6
2020-03-04,-151589.2
2020-03-05,-177867.6
2020-03-06,-200498.6
2020-03-09,-215351.6
2020-03-10,-228847.0
2020-03-11,-225102.8
2020-03-12,-200230.2
2020-03-13,-212230.8
2020-03-16,-208679.8
2020-03-17,-202396.6
2020-03-18,-185730.0
2020-03-19,-161550.2
2020-03-20,-158855.8
2020-03-23,-143089.2
2020-03-24,-150380.2
2020-03-25,-135769.4
2020-03-26,-133074.6
2020-03-27,-116810.4
2020-03-30,-113327.8
2020-03-31,-74637.4
2020-04-01,97322.6
2020-04-02,99752.6
2020-04-03,101966.8
2020-04-06,93648.0
2020-04-07,84751.4
2020-04-08,72795.4
2020-04-09,64951.4
2020-04-10,64951.4
2020-04-13,69569.8
2020-04-14,68425.4
2020-04-15,75225.0
2020-04-16,74850.8
2020-04-17,72148.6
2020-04-20,86471.8
2020-04-21,86471.8
2020-04-22,80307.2
2020-04-23,53011.8
2020-04-24,63169.8
2020-04-27,49361.6
2020-04-28,49123.4
2020-04-29,31029.4
2020-04-30,26884.0
2020-05-01,26884.0
2020-05-04,-31395.0
2020-05-05,-33373.4
2020-05-06,-27029.2
2020-05-07,-20850.4
2020-05-08,-21467.4
2020-05-11,-10476.2
2020-05-12,-9691.8
2020-05-13,-18632.0
2020-05-14,-45095.6
2020-05-15,-47087.2
2020-05-18,-55659.4
2020-05-19,-61682.6
2020-05-20,-68076.8
2020-05-21,-77069.8
2020-05-22,-80530.0
2020-05-25,-96309.4
2020-05-26,-101132.0
2020-05-27,-91822.4
2020-05-28,-99215.2
2020-05-29,-89121.0
2020-06-01,-23517.6
2020-06-02,-16111.4
2020-06-03,-11707.6
2020-06-04,-33662.0
2020-06-05,-37146.4
2020-06-08,-39699.0
2020-06-09,-40220.2
2020-06-10,-50374.0
2020-06-11,-50374.0
2020-06-12,-33842.8
2020-06-15,-38574.2
2020-06-16,-40685.0
2020-06-17,-32345.4
2020-06-18,-25275.0
2020-06-19,-20013.8
2020-06-22,-25139.6
2020-06-23,-30190.6
2020-06-24,-38602.2
2020-06-25,-41102.4
2020-06-26,-29347.2
2020-06-29,-29244.4
2020-06-30,-27846.0
2020-07-01,-69192.0
2020-07-02,-77929.6
2020-07-03,-81552.8
2020-07-06,-83016.6
2020-07-07,-73541.0
2020-07-08,-96812.0
2020-07-09,-102105.6
2020-07-10,-98666.0
2020-07-13,-97658.8
2020-07-14,-88291.2
2020-07-15,-100715.6
2020-07-16,-91111.6
2020-07-17,-99593.2
2020-07-20,-103188.8
2020-07-21,-108422.0
2020-07-22,-112992.6
2020-07-23,-111827.2
2020-07-24,-114096.2
2020-07-27,-127506.8
2020-07-28,-139787.2
2020-07-29,-145716.8
2020-07-30,-140252.0
2020-07-31,-154404.8
2020-08-03,-155077.2
2020-08-04,-133650.0
2020-08-05,-125745.8
2020-08-06,-114027.0
2020-08-07,-109002.4
2020-08-10,-105995.6
2020-08-11,-101317.6
2020-08-12,-111159.8
2020-08-13,-122553.0
2020-08-14,-123425.4
2020-08-17,-106090.4
2020-08-18,-129225.4
2020-08-19,-130223.6
2020-08-20,-150190.0
2020-08-21,-143841.6
2020-08-24,-138493.6
2020-08-25,-138121.4
2020-08-26,-147150.2
2020-08-27,-147047.4
2020-08-28,-148830.4
2020-08-31,-151008.6
2020-09-01,-69004.2
2020-09-02,-80611.0
2020-09-03,-98278.6
2020-09-04,-95016.8
2020-09-07,-95016.8
2020-09-08,-89653.0
2020-09-09,-98640.0
2020-09-10,-68782.4
2020-09-11,-75696.2
2020-09-14,-90196.8
2020-09-15,-89842.0
2020-09-16,-92882.2
2020-09-17,-88137.0
2020-09-18,-83093.6
2020-09-21,-79430.4
2020-09-22,-90968.4
2020-09-23,-90257.4
2020-09-24,-92803.6
2020-09-25,-86684.0
2020-09-28,-85527.2
2020-09-29,-113664.2
2020-09-30,-140307.2
2020-10-01,-51787.6
2020-10-02,-53431.6
2020-10-05,-64979.0
2020-10-06,-57094.6
2020-10-07,-53580.6
2020-10-08,-49042.8
2020-10-09,-49460.6
2020-10-12,-49460.6
2020-10-13,-51105.4
2020-10-14,-60491.8
2020-10-15,-62543.4
2020-10-16,-59102.2
2020-10-19,-61188.2
2020-10-20,-65568.2
2020-10-21,-67928.2
2020-10-22,-62994.0
2020-10-23,-66988.4
2020-10-26,-63797.6
2020-10-27,-70024.0
2020-10-28,-60149.6
2020-10-29,-75360.0
2020-10-30,-44871.6
2020-11-02,-44871.6
2020-11-03,-73063.6
2020-11-04,-75837.8
2020-11-05,-75650.4
2020-11-06,-83437.6
2020-11-09,-93443.8
2020-11-10,-95599.6
2020-11-11,-95766.2
2020-11-12,-109270.0
2020-11-13,-128414.6
2020-11-16,-139797.6
2020-11-17,-152260.2
2020-11-18,-138431.4
2020-11-19,-137970.2
2020-11-20,-143283.4
2020-11-23,-128321.4
2020-11-24,-126410.8
2020-11-25,-139486.2
2020-11-26,-136105.6
2020-11-27,-143100.8
2020-11-30,-198313.6
2020-12-01,-156337.6
2020-12-02,-160584.2
2020-12-03,-182809.6
2020-12-04,-183460.6
2020-12-07,-192501.0
2020-12-08,-132985.0
2020-12-09,-69517.0
2020-12-10,-85464.4
2020-12-11,-42235.8
2020-12-14,-44311.4
2020-12-15,-47518.4
2020-12-16,-63144.6
2020-12-17,-80241.8
2020-12-18,-92357.6
2020-12-21,-79407.6
2020-12-22,-95241.6
2020-12-23,-105944.2
2020-12-24,-105944.2
2020-12-25,-105944.2
2020-12-28,-116622.4
2020-12-29,-160048.4
2020-12-30,-165626.0
2020-12-31,-165626.0
2021-01-01,-165626.0
2021-01-04,-148610.4
2021-01-05,-139071.8
2021-01-06,-140824.2
2021-01-07,-144382.8
2021-01-08,-137477.8
2021-01-11,-121906.6
2021-01-12,-129751.8
2021-01-13,-117990.6
2021-01-14,-117953.2
2021-01-15,-100872.4
2021-01-18,-110515.0
2021-01-19,-110480.6
2021-01-20,-111762.0
2021-01-21,-119233.6
2021-01-22,-111452.6
2021-01-25,-111452.6
2021-01-26,-114649.4
2021-01-27,-121506.2
2021-01-28,-126898.8
2021-01-29,-223364.4
2021-02-01,-241036.4
2021-02-02,-250353.6
2021-02-03,-269002.4
2021-02-04,-268896.8
2021-02-05,-280118.6
2021-02-08,-280671.2
2021-02-09,-285425.8
2021-02-10,-270520.4
2021-02-11,-268050.8
2021-02-12,-259579.8
2021-02-15,-259579.8
2021-02-16,-259579.8
2021-02-17,-260367.0
2021-02-18,-257585.8
2021-02-19,-250446.8
2021-02-22,-213726.6
2021-02-23,-225444.2
2021-02-24,-225840.6
2021-02-25,-228584.8
2021-02-26,-238946.4
2021-03-01,-85212.4
2021-03-02,-71826.8
2021-03-03,-81580.4
2021-03-04,-88528.8
2021-03-05,-78288.4
2021-03-08,-54032.0
2021-03-09,-35703.0
2021-03-10,-30936.6
2021-03-11,-61392.0
2021-03-12,-65363.4
2021-03-15,-64820.0
2021-03-16,-62559.8
2021-03-17,-66118.6
2021-03-18,-77924.6
2021-03-19,-88880.2
2021-03-22,-81063.8
2021-03-23,-77163.2
2021-03-24,-71183.8
2021-03-25,-59740.0
2021-03-26,-60235.0
2021-03-29,-48244.2
2021-03-30,-49523.6
2021-03-31,-20838.0
2021-04-01,-54675.8
2021-04-02,-54675.8
2021-04-05,-55668.2
2021-04-06,-52960.2
2021-04-07,-52458.8
2021-04-08,-53007.8
2021-04-09,-55582.4
2021-04-12,-57943.6
2021-04-13,-61292.6
2021-04-14,-58918.8
2021-04-15,-59086.4
2021-04-16,-62706.8
2021-04-19,-70001.4
2021-04-20,-79649.0
2021-04-21,-79649.0
2021-04-22,-73364.6
2021-04-23,-85844.0
2021-04-26,-92366.2
2021-04-27,-86934.0
2021-04-28,-100868.4
2021-04-29,-107564.2
2021-04-30,-122892.8
2021-05-03,-246884.8
2021-05-04,-234602.8
2021-05-05,-249580.4
2021-05-06,-255052.6
2021-05-07,-252394.4
2021-05-10,-236117.6
2021-05-11,-224588.2
2021-05-12,-222823.0
2021-05-13,-229640.4
2021-05-14,-230206.4
2021-05-17,-236955.2
2021-05-18,-246715.0
2021-05-19,-228922.0
2021-05-20,-242468.2
2021-05-21,-239222.0
2021-05-24,-245970.0
2021-05-25,-236495.8
2021-05-26,-244265.2
2021-05-27,-254763.2
2021-05-28,-264961.8
2021-05-31,-281490.6
2021-06-01,-248882.0
2021-06-02,-264996.8
2021-06-03,-264996.8
2021-06-04,-267956.8
2021-06-07,-260071.6
2021-06-08,-276916.4
2021-06-09,-266379.8
2021-06-10,-263804.0
2021-06-11,-262485.2
2021-06-14,-261289.0
2021-06-15,-259430.0
2021-06-16,-257977.8
2021-06-17,-248773.8
2021-06-18,-266962.4
2021-06-21,-278365.6
2021-06-22,-289105.4
2021-06-23,-294863.6
2021-06-24,-315516.4
2021-06-25,-313696.2
2021-06-28,-311203.4
2021-06-29,-306855.2
2021-06-30,-337981.0
2021-07-01,-363442.2
2021-07-02,-356156.8
2021-07-05,-352829.2
2021-07-06,-350842.8
2021-07-07,-340483.2
2021-07-08,-337623.6
2021-07-09,-337623.6
2021-07-12,-334437.6
2021-07-13,-329598.6
2021-07-14,-339290.8
2021-07-15,-350038.8
2021-07-16,-348686.0
2021-07-19,-343801.6
2021-07-20,-338530.8
2021-07-21,-339267.6
2021-07-22,-347479.6
2021-07-23,-343898.8
2021-07-26,-343447.8
2021-07-27,-341815.6
2021-07-28,-349779.6
2021-07-29,-354910.8
2021-07-30,-383431.4
2021-08-02,-252235.0
2021-08-03,-240491.6
2021-08-04,-229449.2
2021-08-05,-214837.8
2021-08-06,-210856.8
2021-08-09,-202229.4
2021-08-10,-211576.4
2021-08-11,-225191.4
2021-08-12,-204472.2
2021-08-13,-186609.4
2021-08-16,-172529.4
2021-08-17,-166037.8
2021-08-18,-144458.4
2021-08-19,-136026.4
2021-08-20,-133052.8
2021-08-23,-122068.0
2021-08-24,-137467.4
2021-08-25,-149749.2
2021-08-26,-154580.4
2021-08-27,-166449.0
2021-08-30,-168564.0
2021-08-31,-186465.4
2021-09-01,-237031.4
2021-09-02,-221211.4
2021-09-03,-217978.4
2021-09-06,-225482.0
2021-09-07,-225482.0
2021-09-08,-209968.8
2021-09-09,-220775.4
2021-09-10,-229062.2
2021-09-13,-236079.8
2021-09-14,-232086.6
2021-09-15,-227913.0
2021-09-16,-239403.2
2021-09-17,-225281.4
2021-09-20,-215673.8
2021-09-21,-222499.4
2021-09-22,-235513.8
2021-09-23,-239520.0
2021-09-24,-242484.6
2021-09-27,-235907.8
2021-09-28,-215948.0
2021-09-29,-233908.8
2021-09-30,-300828.4
2021-10-01,-336765.8
2021-10-04,-329558.0
2021-10-05,-325613.8
2021-10-06,-322100.0
2021-10-07,-315399.0
2021-10-08,-321388.4
2021-10-11,-320535.6
2021-10-12,-320535.6
2021-10-13,-324819.0
2021-10-14,-331887.8
2021-10-15,-347012.4
2021-10-18,-356580.0
2021-10-19,-329842.2
2021-10-20,-340414.8
2021-10-21,-327976.4
2021-10-22,-310201.6
2021-10-25,-313951.2
2021-10-26,-307775.4
2021-10-27,-310769.2
2021-10-28,-290249.2
2021-10-29,-337724.4
2021-11-01,-168724.6
2021-11-02,-168724.6
2021-11-03,-166935.0
2021-11-04,-165582.0
2021-11-05,-175434.4
2021-11-08,-177353.0
2021-11-09,-178632.6
2021-11-10,-185291.4
2021-11-11,-176797.0
2021-11-12,-178658.0
2021-11-15,-178658.0
2021-11-16,-181338.8
2021-11-17,-187426.2
2021-11-18,-184180.6
2021-11-19,-190944.4
2021-11-22,-181640.4
2021-11-23,-176775.6
2021-11-24,-187763.6
2021-11-25,-192297.0
2021-11-26,-167708.0
2021-11-29,-163594.6
2021-11-30,-226354.8
2021-12-01,-178147.0
2021-12-02,-185096.8
2021-12-03,-192369.2
2021-12-06,-192970.6
2021-12-07,-195701.0
2021-12-08,-204731.0
2021-12-09,-212866.2
2021-12-10,-218028.0
2021-12-13,-226243.0
2021-12-14,-216651.2
2021-12-15,-222940.0
2021-12-16,-214050.4
2021-12-17,-200063.6
2021-12-20,-184510.4
2021-12-21,-192007.4
2021-12-22,-200119.8
2021-12-23,-200421.6
2021-12-24,-200421.6
2021-12-27,-196651.2
2021-12-28,-191379.8
2021-12-29,-175454.6
2021-12-30,-169511.4
2021-12-31,-169511.4
2022-01-03,-110936.8
2022-01-04,-120876.0
2022-01-05,-122064.2
2022-01-06,-128419.8
2022-01-07,-133293.6
2022-01-10,-131022.4
2022-01-11,-144537.4
2022-01-12,-158895.2
2022-01-13,-158199.0
2022-01-14,-161305.2
2022-01-17,-160494.8
2022-01-18,-147032.0
2022-01-19,-156410.2
2022-01-20,-169507.4
2022-01-21,-161205.8
2022-01-24,-155308.0
2022-01-25,-161016.4
2022-01-26,-166678.6
2022-01-27,-170318.2
2022-01-28,-167790.0
2022-01-31,-205672.8
2022-02-01,-233345.8
2022-02-02,-228101.4
2022-02-03,-222436.0
2022-02-04,-213796.0
2022-02-07,-226568.4
2022-02-08,-224840.6
2022-02-09,-236876.0
2022-02-10,-231644.4
2022-02-11,-232687.2
2022-02-14,-249849.8
2022-02-15,-254848.0
2022-02-16,-264922.8
2022-02-17,-259231.4
2022-02-18,-257104.8
2022-02-21,-249582.4
2022-02-22,-256005.4
2022-02-23,-250447.0
2022-02-24,-222835.8
2022-02-25,-239332.4
2022-02-28,-239332.4
2022-03-01,-239332.4
2022-03-02,-224078.6
2022-03-03,-223059.0
2022-03-04,-230884.6
2022-03-07,-233015.8
2022-03-08,-228163.8
2022-03-09,-255556.2
2022-03-10,-253987.2
2022-03-11,-259365.6
2022-03-14,-256228.8
2022-03-15,-253869.6
2022-03-16,-265635.8
2022-03-17,-263288.6
2022-03-18,-261898.6
2022-03-21,-267053.2
2022-03-22,-292872.6
2022-03-23,-294850.2
2022-03-24,-305999.8
2022-03-25,-314273.4
2022-03-28,-308577.0
2022-03-29,-309193.6
2022-03-30,-325583.8
2022-03-31,-363329.0
2022-04-01,-304013.6
2022-04-04,-309605.6
2022-04-05,-309099.6
2022-04-06,-315791.6
2022-04-07,-306827.8
2022-04-08,-302300.4
2022-04-11,-300692.4
2022-04-12,-306033.2
2022-04-13,-298992.6
2022-04-14,-285706.6
2022-04-15,-285706.6
2022-04-18,-273024.2
2022-04-19,-278009.0
2022-04-20,-289997.6
2022-04-21,-289997.6
2022-04-22,-268181.8
2022-04-25,-258054.4
2022-04-26,-253223.4
2022-04-27,-277910.4
2022-04-28,-252321.0
2022-04-29,-241013.6
2022-05-02,-194759.0
2022-05-03,-188671.4
2022-05-04,-181500.2
2022-05-05,-169108.4
2022-05-06,-160485.6
2022-05-09,-146931.4
2022-05-10,-145656.6
2022-05-11,-137863.8
2022-05-12,-164550.0
2022-05-13,-167817.6
2022-05-16,-174146.4
2022-05-17,-196863.0
2022-05-18,-203506.6
2022-05-19,-216310.4
2022-05-20,-226992.8
2022-05-23,-236074.0
2022-05-24,-244640.2
2022-05-25,-257458.8
2022-05-26,-262439.2
2022-05-27,-255786.0
2022-05-30,-259895.0
2022-05-31,-279990.0
2022-06-01,-277584.6
2022-06-02,-283853.6
2022-06-03,-288893.6
2022-06-06,-289833.8
2022-06-07,-259227.0
2022-06-08,-258264.4
2022-06-09,-248270.2
2022-06-10,-234478.2
2022-06-13,-234732.2
2022-06-14,-223055.6
2022-06-15,-241711.0
2022-06-16,-241711.0
2022-06-17,-232359.4
2022-06-20,-235075.0
2022-06-21,-226630.6
2022-06-22,-229735.8
2022-06-23,-235650.6
2022-06-24,-240096.2
2022-06-27,-241065.2
2022-06-28,-234025.8
2022-06-29,-240345.0
2022-06-30,-261077.8
2022-07-01,-179914.4
2022-07-04,-171778.6
2022-07-05,-167339.0
2022-07-06,-164797.6
2022-07-07,-170137.6
2022-07-08,-172443.8
2022-07-11,-166998.4
2022-07-12,-166963.2
2022-07-13,-160850.0
2022-07-14,-166023.2
2022-07-15,-172200.0
2022-07-18,-165779.8
2022-07-19,-170732.6
2022-07-20,-170240.0
2022-07-21,-172692.4
2022-07-22,-172347.2
2022-07-25,-168862.4
2022-07-26,-207347.8
2022-07-27,-205493.4
2022-07-28,-220632.0
2022-07-29,-241708.2
2022-08-01,-216775.4
2022-08-02,-216280.6
2022-08-03,-216806.6
2022-08-04,-216738.6
2022-08-05,-213425.8
2022-08-08,-219667.8
2022-08-09,-216891.4
2022-08-10,-224006.6
2022-08-11,-215850.8
2022-08-12,-209051.0
2022-08-15,-207466.4
2022-08-16,-212373.6
2022-08-17,-213273.8
2022-08-18,-221255.0
2022-08-19,-215247.4
2022-08-22,-219041.4
2022-08-23,-228740.4
2022-08-24,-235682.2
2022-08-25,-232633.0
2022-08-26,-232156.0
2022-08-29,-240876.6
2022-08-30,-246951.6
2022-08-31,-272838.8
2022-09-01,-214913.6
2022-09-02,-225571.0
2022-09-05,-235248.0
2022-09-06,-245315.6
2022-09-07,-245315.6
2022-09-08,-248675.2
2022-09-09,-260958.2
2022-09-12,-272462.0
2022-09-13,-260233.6
2022-09-14,-263329.4
2022-09-15,-254476.8
2022-09-16,-257883.4
2022-09-19,-250505.8
2022-09-20,-261491.8
2022-09-21,-277172.8
2022-09-22,-301142.2
2022-09-23,-291412.6
2022-09-26,-271183.2
2022-09-27,-261741.2
2022-09-28,-261589.2
2022-09-29,-251037.0
2022-09-30,-223425.2
2022-10-03,-36857.4
2022-10-04,-32880.2
2022-10-05,-35425.4
2022-10-06,-38767.6
2022-10-07,-31489.6
2022-10-10,-33561.4
2022-10-11,-31918.4
2022-10-12,-31918.4
2022-10-13,-22200.0
2022-10-14,-16177.8
2022-10-17,-12413.0
2022-10-18,-16454.2
2022-10-19,-19099.4
2022-10-20,-19497.2
2022-10-21,-22504.8
2022-10-24,-17725.6
2022-10-25,4767.0
2022-10-26,14559.0
2022-10-27,13292.4
2022-10-28,-86216.2
2022-10-31,-96760.2
2022-11-01,-149011.6
2022-11-02,-149011.6
2022-11-03,-156719.8
2022-11-04,-163734.4
2022-11-07,-143996.2
2022-11-08,-132021.4
2022-11-09,-125515.4
2022-11-10,-67090.2
2022-11-11,-66144.2
2022-11-14,-85713.8
2022-11-15,-85713.8
2022-11-16,-70544.4
2022-11-17,-43209.0
2022-11-18,-38861.4
2022-11-21,-50377.2
2022-11-22,-43493.2
2022-11-23,-50494.2
2022-11-24,-72928.6
2022-11-25,-67574.2
2022-11-28,-53337.6
2022-11-29,-153505.0
2022-11-30,-173229.4
2022-12-01,-114361.6
2022-12-02,-113750.0
2022-12-05,-107063.2
2022-12-06,-96520.6
2022-12-07,-85858.8
2022-12-08,-77607.0
2022-12-09,-74800.6
2022-12-12,-70714.4
2022-12-13,-76242.4
2022-12-14,-77196.8
2022-12-15,-73391.8
2022-12-16,-68565.4
2022-12-19,-81249.8
2022-12-20,-105670.8
2022-12-21,-110154.2
2022-12-22,-215493.0
2022-12-23,-236652.6
2022-12-26,-235061.0
2022-12-27,-240992.0
2022-12-28,-244039.6
2022-12-29,-241352.6
2022-12-30,-241352.6
2023-01-02,-89085.2
2023-01-03,-86405.2
2023-01-04,-98057.6
2023-01-05,-98547.0
2023-01-06,-106548.4
2023-01-09,-119696.2
2023-01-10,-140004.8
2023-01-11,-157784.6
2023-01-12,-174661.2
2023-01-13,-177631.0
2023-01-16,-167200.8
2023-01-17,-167930.2
2023-01-18,-174923.0
2023-01-19,-171186.6
2023-01-20,-158743.0
2023-01-23,-229879.0
2023-01-24,-252530.2
2023-01-25,-247910.8
2023-01-26,-251321.6
2023-01-27,-252340.0
2023-01-30,-240878.4
2023-01-31,-263130.8
2023-02-01,-201252.8
2023-02-02,-201176.4
2023-02-03,-183589.2
2023-02-06,-176152.2
2023-02-07,-175078.8
2023-02-08,-180277.6
2023-02-09,-147834.2
2023-02-10,-132067.6
2023-02-13,-142671.6
2023-02-14,-134635.6
2023-02-15,-119834.0
2023-02-16,-114424.4
2023-02-17,-121853.6
2023-02-20,-121853.6
2023-02-21,-121853.6
2023-02-22,-119637.4
2023-02-23,-131787.8
2023-02-24,-135906.8
2023-02-27,-146334.0
2023-02-28,-163587.6
2023-03-01,-181697.8
2023-03-02,-169606.6
2023-03-03,-160139.8
2023-03-06,-158732.2
2023-03-07,-156738.2
2023-03-08,-167627.0
2023-03-09,-171450.4
2023-03-10,-177412.0
2023-03-13,-168691.4
2023-03-14,-170611.0
2023-03-15,-148244.6
2023-03-16,-161020.0
2023-03-17,-157126.2
2023-03-20,-157152.4
2023-03-21,-164957.0
2023-03-22,-172393.8
2023-03-23,-178889.8
2023-03-24,-163418.8
2023-03-27,-169784.8
2023-03-28,-175683.6
2023-03-29,-169808.2
2023-03-30,-182504.6
2023-03-31,-176565.2
2023-04-03,-127102.6
2023-04-04,-119057.6
2023-04-05,-124347.0
2023-04-06,-133948.8
2023-04-07,-133948.8
2023-04-10,-130395.8
2023-04-11,-142709.0
2023-04-12,-138644.6
2023-04-13,-149859.0
2023-04-14,-143467.4
2023-04-17,-147657.4
2023-04-18,-213396.8
2023-04-19,-212986.4
2023-04-20,-214890.0
2023-04-21,-214890.0
2023-04-24,-211313.6
2023-04-25,-197993.6
2023-04-26,-187333.4
2023-04-27,-194424.0
2023-04-28,-172488.2
2023-05-01,-172488.2
2023-05-02,-85500.2
2023-05-03,-90926.0
2023-05-04,-98284.6
2023-05-05,-94877.6
2023-05-08,-82124.6
2023-05-09,-77806.2
2023-05-10,-90251.2
2023-05-11,-95920.2
2023-05-12,-104257.6
2023-05-15,-119536.8
2023-05-16,-125011.8
2023-05-17,-127183.4
2023-05-18,-124459.2
2023-05-19,-129585.8
2023-05-22,-122227.8
2023-05-23,-121134.8
2023-05-24,-129302.8
2023-05-25,-129135.0
2023-05-26,-120049.0
2023-05-29,-108875.4
2023-05-30,-113348.4
2023-05-31,-108943.2
2023-06-01,-63973.4
2023-06-02,-62940.4
2023-06-05,-66190.6
2023-06-06,-62897.0
2023-06-07,-58166.2
2023-06-08,-58166.2
2023-06-09,-60253.2
2023-06-12,-68352.2
2023-06-13,-67430.6
2023-06-14,-71752.0
2023-06-15,-77105.6
2023-06-16,-88840.4
2023-06-19,-102161.0
2023-06-20,-100520.0
2023-06-21,-94405.0
2023-06-22,-103427.0
2023-06-23,-93240.2
2023-06-26,-99590.0
2023-06-27,-92613.4
2023-06-28,-84705.2
2023-06-29,-77574.2
2023-06-30,-60245.4
2023-07-03,-61671.6
2023-07-04,-54604.4
2023-07-05,-63994.4
2023-07-06,-60444.6
2023-07-07,-47786.6
2023-07-10,-44459.2
2023-07-11,-54918.6
2023-07-12,-63518.2
2023-07-13,-62528.0
2023-07-14,-70332.6
2023-07-17,-78502.2
2023-07-18,-66987.4
2023-07-19,-68835.2
2023-07-20,-74909.8
2023-07-21,-66254.0
2023-07-24,-53303.2
2023-07-25,-35485.6
2023-07-26,-36162.2
2023-07-27,-33007.2
2023-07-28,-52841.6
2023-07-31,-82588.0
2023-08-01,-197664.8
2023-08-02,-201486.8
2023-08-03,-217266.4
2023-08-04,-210471.2
2023-08-07,-210465.6
2023-08-08,-209735.6
2023-08-09,-199315.4
2023-08-10,-182583.6
2023-08-11,-193074.8
2023-08-14,-188479.2
2023-08-15,-178667.2
2023-08-16,-185131.8
2023-08-17,-182563.0
2023-08-18,-188107.4
2023-08-21,-194568.0
2023-08-22,-205433.4
2023-08-23,-207692.6
2023-08-24,-215041.4
2023-08-25,-221842.4
2023-08-28,-210422.6
2023-08-29,-225525.0
2023-08-30,-224048.6
2023-08-31,-273505.2
2023-09-01,-171302.2
2023-09-04,-165107.8
2023-09-05,-163712.2
2023-09-06,-168728.0
2023-09-07,-168728.0
2023-09-08,-164966.0
2023-09-11,-173440.0
2023-09-12,-163049.2
2023-09-13,-174317.4
2023-09-14,-169790.0
2023-09-15,-187691.4
2023-09-18,-188405.4
2023-09-19,-190890.2
2023-09-20,-206869.0
2023-09-21,-204855.2
2023-09-22,-197549.4
2023-09-25,-195353.6
2023-09-26,-167761.2
2023-09-27,-162414.8
2023-09-28,-182890.4
2023-09-29,-192328.0
2023-10-02,-85279.2
2023-10-03,-68089.2
2023-10-04,-71542.8
2023-10-05,-71542.8
